Command line invocation:
    /Applications/Xcode.app/Contents/Developer/usr/bin/xcodebuild -project Look.xcodeproj -scheme LookApp -configuration Release -derivedDataPath build/release-signed/DerivedData build

--- xcodebuild: WARNING: Using the first of multiple matching destinations:
{ platform:macOS, arch:arm64, id:00008103-000D71A40AD9001E, name:My Mac }
{ platform:macOS, arch:x86_64, id:00008103-000D71A40AD9001E, name:My Mac }
{ platform:macOS, name:Any Mac }
ComputePackagePrebuildTargetDependencyGraph

Prepare packages

CreateBuildRequest

SendProjectDescription

CreateBuildOperation

ComputeTargetDependencyGraph
note: Building targets in dependency order
note: Target dependency graph (6 targets)
    Target 'LookApp' in project 'Look'
        ➜ Explicit dependency on target 'LookKit' in project 'Look'
        ➜ Explicit dependency on target 'LookData' in project 'Look'
        ➜ Explicit dependency on target 'LookPDF' in project 'Look'
        ➜ Explicit dependency on target 'LookNotes' in project 'Look'
        ➜ Explicit dependency on target 'LookAutomation' in project 'Look'
    Target 'LookAutomation' in project 'Look' (no dependencies)
    Target 'LookNotes' in project 'Look'
        ➜ Explicit dependency on target 'LookKit' in project 'Look'
    Target 'LookPDF' in project 'Look'
        ➜ Explicit dependency on target 'LookKit' in project 'Look'
    Target 'LookData' in project 'Look' (no dependencies)
    Target 'LookKit' in project 'Look' (no dependencies)

GatherProvisioningInputs

CreateBuildDescription

ExecuteExternalTool /Applications/Xcode.app/Contents/Developer/Toolchains/XcodeDefault.xctoolchain/usr/bin/clang -v -E -dM -arch arm64 -isysroot /Applications/Xcode.app/Contents/Developer/Platforms/MacOSX.platform/Developer/SDKs/MacOSX26.2.sdk -x c -c /dev/null

ExecuteExternalTool /Applications/Xcode.app/Contents/Developer/Toolchains/XcodeDefault.xctoolchain/usr/bin/clang -v -E -dM -isysroot /Applications/Xcode.app/Contents/Developer/Platforms/MacOSX.platform/Developer/SDKs/MacOSX26.2.sdk -x c -c /dev/null

ExecuteExternalTool /Applications/Xcode.app/Contents/Developer/usr/bin/actool --version --output-format xml1

ExecuteExternalTool /Applications/Xcode.app/Contents/Developer/Toolchains/XcodeDefault.xctoolchain/usr/bin/swiftc --version

ExecuteExternalTool /Applications/Xcode.app/Contents/Developer/usr/bin/momc --dry-run --action generate --swift-version 5.9 --sdkroot /Applications/Xcode.app/Contents/Developer/Platforms/MacOSX.platform/Developer/SDKs/MacOSX26.2.sdk --macosx-deployment-target 14.0 --module LookData /Users/adamkz/look/Sources/LookData/Resources/LookModel.xcdatamodeld /Users/adamkz/look/build/release-signed/DerivedData/Build/Intermediates.noindex/Look.build/Release/LookData.build/DerivedSources/CoreDataGenerated/LookModel

ExecuteExternalTool /Applications/Xcode.app/Contents/Developer/Toolchains/XcodeDefault.xctoolchain/usr/bin/ld -version_details

Build description signature: 7abd611115506f70624b7c0f02e49134
Build description path: /Users/adamkz/look/build/release-signed/DerivedData/Build/Intermediates.noindex/XCBuildData/7abd611115506f70624b7c0f02e49134.xcbuilddata
ClangStatCache /Applications/Xcode.app/Contents/Developer/Toolchains/XcodeDefault.xctoolchain/usr/bin/clang-stat-cache /Applications/Xcode.app/Contents/Developer/Platforms/MacOSX.platform/Developer/SDKs/MacOSX26.2.sdk /Users/adamkz/look/build/release-signed/DerivedData/SDKStatCaches.noindex/macosx26.2-25C57-00fa09913b459cbbc988d1f6730289ae.sdkstatcache
    cd /Users/adamkz/look/Look.xcodeproj
    /Applications/Xcode.app/Contents/Developer/Toolchains/XcodeDefault.xctoolchain/usr/bin/clang-stat-cache /Applications/Xcode.app/Contents/Developer/Platforms/MacOSX.platform/Developer/SDKs/MacOSX26.2.sdk -o /Users/adamkz/look/build/release-signed/DerivedData/SDKStatCaches.noindex/macosx26.2-25C57-00fa09913b459cbbc988d1f6730289ae.sdkstatcache

CreateBuildDirectory /Users/adamkz/look/build/release-signed/DerivedData/Build/Products
    cd /Users/adamkz/look/Look.xcodeproj
    builtin-create-build-directory /Users/adamkz/look/build/release-signed/DerivedData/Build/Products

CreateBuildDirectory /Users/adamkz/look/build/release-signed/DerivedData/Build/Intermediates.noindex
    cd /Users/adamkz/look/Look.xcodeproj
    builtin-create-build-directory /Users/adamkz/look/build/release-signed/DerivedData/Build/Intermediates.noindex

CreateBuildDirectory /Users/adamkz/look/build/release-signed/DerivedData/Build/Products/Release
    cd /Users/adamkz/look/Look.xcodeproj
    builtin-create-build-directory /Users/adamkz/look/build/release-signed/DerivedData/Build/Products/Release

CreateBuildDirectory /Users/adamkz/look/build/release-signed/DerivedData/Build/Intermediates.noindex/SwiftExplicitPrecompiledModules
    cd /Users/adamkz/look/Look.xcodeproj
    builtin-create-build-directory /Users/adamkz/look/build/release-signed/DerivedData/Build/Intermediates.noindex/SwiftExplicitPrecompiledModules

CreateBuildDirectory /Users/adamkz/look/build/release-signed/DerivedData/Build/Intermediates.noindex/ExplicitPrecompiledModules
    cd /Users/adamkz/look/Look.xcodeproj
    builtin-create-build-directory /Users/adamkz/look/build/release-signed/DerivedData/Build/Intermediates.noindex/ExplicitPrecompiledModules

WriteAuxiliaryFile /Users/adamkz/look/build/release-signed/DerivedData/Build/Intermediates.noindex/Look.build/Release/Look-c3f0a56ea084f757df82bdf40cd5ab63-VFS/all-product-headers.yaml
    cd /Users/adamkz/look/Look.xcodeproj
    write-file /Users/adamkz/look/build/release-signed/DerivedData/Build/Intermediates.noindex/Look.build/Release/Look-c3f0a56ea084f757df82bdf40cd5ab63-VFS/all-product-headers.yaml

CreateBuildDirectory /Users/adamkz/look/build/release-signed/DerivedData/Build/Intermediates.noindex/EagerLinkingTBDs/Release
    cd /Users/adamkz/look/Look.xcodeproj
    builtin-create-build-directory /Users/adamkz/look/build/release-signed/DerivedData/Build/Intermediates.noindex/EagerLinkingTBDs/Release

WriteAuxiliaryFile /Users/adamkz/look/build/release-signed/DerivedData/Build/Intermediates.noindex/Look.build/Release/LookNotes.build/empty-LookNotes.plist (in target 'LookNotes' from project 'Look')
    cd /Users/adamkz/look
    write-file /Users/adamkz/look/build/release-signed/DerivedData/Build/Intermediates.noindex/Look.build/Release/LookNotes.build/empty-LookNotes.plist

WriteAuxiliaryFile /Users/adamkz/look/build/release-signed/DerivedData/Build/Intermediates.noindex/Look.build/Release/LookNotes.build/module.modulemap (in target 'LookNotes' from project 'Look')
    cd /Users/adamkz/look
    write-file /Users/adamkz/look/build/release-signed/DerivedData/Build/Intermediates.noindex/Look.build/Release/LookNotes.build/module.modulemap

WriteAuxiliaryFile /Users/adamkz/look/build/release-signed/DerivedData/Build/Intermediates.noindex/Look.build/Release/LookPDF.build/module.modulemap (in target 'LookPDF' from project 'Look')
    cd /Users/adamkz/look
    write-file /Users/adamkz/look/build/release-signed/DerivedData/Build/Intermediates.noindex/Look.build/Release/LookPDF.build/module.modulemap

WriteAuxiliaryFile /Users/adamkz/look/build/release-signed/DerivedData/Build/Intermediates.noindex/Look.build/Release/LookNotes.build/Objects-normal/arm64/LookNotes_const_extract_protocols.json (in target 'LookNotes' from project 'Look')
    cd /Users/adamkz/look
    write-file /Users/adamkz/look/build/release-signed/DerivedData/Build/Intermediates.noindex/Look.build/Release/LookNotes.build/Objects-normal/arm64/LookNotes_const_extract_protocols.json

WriteAuxiliaryFile /Users/adamkz/look/build/release-signed/DerivedData/Build/Intermediates.noindex/Look.build/Release/LookPDF.build/empty-LookPDF.plist (in target 'LookPDF' from project 'Look')
    cd /Users/adamkz/look
    write-file /Users/adamkz/look/build/release-signed/DerivedData/Build/Intermediates.noindex/Look.build/Release/LookPDF.build/empty-LookPDF.plist

WriteAuxiliaryFile /Users/adamkz/look/build/release-signed/DerivedData/Build/Intermediates.noindex/Look.build/Release/LookPDF.build/Objects-normal/arm64/LookPDF_const_extract_protocols.json (in target 'LookPDF' from project 'Look')
    cd /Users/adamkz/look
    write-file /Users/adamkz/look/build/release-signed/DerivedData/Build/Intermediates.noindex/Look.build/Release/LookPDF.build/Objects-normal/arm64/LookPDF_const_extract_protocols.json

WriteAuxiliaryFile /Users/adamkz/look/build/release-signed/DerivedData/Build/Intermediates.noindex/Look.build/Release/LookPDF.build/Objects-normal/arm64/LookPDF.SwiftFileList (in target 'LookPDF' from project 'Look')
    cd /Users/adamkz/look
    write-file /Users/adamkz/look/build/release-signed/DerivedData/Build/Intermediates.noindex/Look.build/Release/LookPDF.build/Objects-normal/arm64/LookPDF.SwiftFileList

WriteAuxiliaryFile /Users/adamkz/look/build/release-signed/DerivedData/Build/Intermediates.noindex/Look.build/Release/LookPDF.build/Objects-normal/arm64/LookPDF.SwiftConstValuesFileList (in target 'LookPDF' from project 'Look')
    cd /Users/adamkz/look
    write-file /Users/adamkz/look/build/release-signed/DerivedData/Build/Intermediates.noindex/Look.build/Release/LookPDF.build/Objects-normal/arm64/LookPDF.SwiftConstValuesFileList

WriteAuxiliaryFile /Users/adamkz/look/build/release-signed/DerivedData/Build/Intermediates.noindex/Look.build/Release/LookPDF.build/Objects-normal/arm64/LookPDF.LinkFileList (in target 'LookPDF' from project 'Look')
    cd /Users/adamkz/look
    write-file /Users/adamkz/look/build/release-signed/DerivedData/Build/Intermediates.noindex/Look.build/Release/LookPDF.build/Objects-normal/arm64/LookPDF.LinkFileList

WriteAuxiliaryFile /Users/adamkz/look/build/release-signed/DerivedData/Build/Intermediates.noindex/Look.build/Release/LookPDF.build/Objects-normal/arm64/LookPDF-OutputFileMap.json (in target 'LookPDF' from project 'Look')
    cd /Users/adamkz/look
    write-file /Users/adamkz/look/build/release-signed/DerivedData/Build/Intermediates.noindex/Look.build/Release/LookPDF.build/Objects-normal/arm64/LookPDF-OutputFileMap.json

WriteAuxiliaryFile /Users/adamkz/look/build/release-signed/DerivedData/Build/Intermediates.noindex/Look.build/Release/LookPDF.build/Objects-normal/arm64/7187679823f38a2a940e0043cdf9d637-common-args.resp (in target 'LookPDF' from project 'Look')
    cd /Users/adamkz/look
    write-file /Users/adamkz/look/build/release-signed/DerivedData/Build/Intermediates.noindex/Look.build/Release/LookPDF.build/Objects-normal/arm64/7187679823f38a2a940e0043cdf9d637-common-args.resp
-target arm64-apple-macos14.0 '-std=gnu11' -fmodules -gmodules '-fmodules-cache-path=/Users/adamkz/look/build/release-signed/DerivedData/ModuleCache.noindex' '-fmodule-name=LookPDF' -fpascal-strings -Os -fno-common -isysroot /Applications/Xcode.app/Contents/Developer/Platforms/MacOSX.platform/Developer/SDKs/MacOSX26.2.sdk -g -iquote /Users/adamkz/look/build/release-signed/DerivedData/Build/Intermediates.noindex/Look.build/Release/LookPDF.build/LookPDF-generated-files.hmap -I/Users/adamkz/look/build/release-signed/DerivedData/Build/Intermediates.noindex/Look.build/Release/LookPDF.build/LookPDF-own-target-headers.hmap -I/Users/adamkz/look/build/release-signed/DerivedData/Build/Intermediates.noindex/Look.build/Release/LookPDF.build/LookPDF-all-non-framework-target-headers.hmap -ivfsoverlay /Users/adamkz/look/build/release-signed/DerivedData/Build/Intermediates.noindex/Look.build/Release/Look-c3f0a56ea084f757df82bdf40cd5ab63-VFS/all-product-headers.yaml -iquote /Users/adamkz/look/build/release-signed/DerivedData/Build/Intermediates.noindex/Look.build/Release/LookPDF.build/LookPDF-project-headers.hmap -I/Users/adamkz/look/build/release-signed/DerivedData/Build/Products/Release/include -I/Users/adamkz/look/build/release-signed/DerivedData/Build/Intermediates.noindex/Look.build/Release/LookPDF.build/DerivedSources-normal/arm64 -I/Users/adamkz/look/build/release-signed/DerivedData/Build/Intermediates.noindex/Look.build/Release/LookPDF.build/DerivedSources/arm64 -I/Users/adamkz/look/build/release-signed/DerivedData/Build/Intermediates.noindex/Look.build/Release/LookPDF.build/DerivedSources -F/Users/adamkz/look/build/release-signed/DerivedData/Build/Products/Release

WriteAuxiliaryFile /Users/adamkz/look/build/release-signed/DerivedData/Build/Intermediates.noindex/Look.build/Release/LookPDF.build/LookPDF.hmap (in target 'LookPDF' from project 'Look')
    cd /Users/adamkz/look
    write-file /Users/adamkz/look/build/release-signed/DerivedData/Build/Intermediates.noindex/Look.build/Release/LookPDF.build/LookPDF.hmap

WriteAuxiliaryFile /Users/adamkz/look/build/release-signed/DerivedData/Build/Intermediates.noindex/Look.build/Release/LookPDF.build/LookPDF.DependencyStaticMetadataFileList (in target 'LookPDF' from project 'Look')
    cd /Users/adamkz/look
    write-file /Users/adamkz/look/build/release-signed/DerivedData/Build/Intermediates.noindex/Look.build/Release/LookPDF.build/LookPDF.DependencyStaticMetadataFileList

WriteAuxiliaryFile /Users/adamkz/look/build/release-signed/DerivedData/Build/Intermediates.noindex/Look.build/Release/LookPDF.build/LookPDF-project-headers.hmap (in target 'LookPDF' from project 'Look')
    cd /Users/adamkz/look
    write-file /Users/adamkz/look/build/release-signed/DerivedData/Build/Intermediates.noindex/Look.build/Release/LookPDF.build/LookPDF-project-headers.hmap

WriteAuxiliaryFile /Users/adamkz/look/build/release-signed/DerivedData/Build/Intermediates.noindex/Look.build/Release/LookPDF.build/LookPDF.DependencyMetadataFileList (in target 'LookPDF' from project 'Look')
    cd /Users/adamkz/look
    write-file /Users/adamkz/look/build/release-signed/DerivedData/Build/Intermediates.noindex/Look.build/Release/LookPDF.build/LookPDF.DependencyMetadataFileList

WriteAuxiliaryFile /Users/adamkz/look/build/release-signed/DerivedData/Build/Intermediates.noindex/Look.build/Release/LookPDF.build/LookPDF-own-target-headers.hmap (in target 'LookPDF' from project 'Look')
    cd /Users/adamkz/look
    write-file /Users/adamkz/look/build/release-signed/DerivedData/Build/Intermediates.noindex/Look.build/Release/LookPDF.build/LookPDF-own-target-headers.hmap

WriteAuxiliaryFile /Users/adamkz/look/build/release-signed/DerivedData/Build/Intermediates.noindex/Look.build/Release/LookPDF.build/LookPDF-generated-files.hmap (in target 'LookPDF' from project 'Look')
    cd /Users/adamkz/look
    write-file /Users/adamkz/look/build/release-signed/DerivedData/Build/Intermediates.noindex/Look.build/Release/LookPDF.build/LookPDF-generated-files.hmap

WriteAuxiliaryFile /Users/adamkz/look/build/release-signed/DerivedData/Build/Intermediates.noindex/Look.build/Release/LookPDF.build/LookPDF-diagnostic-filename-map.json (in target 'LookPDF' from project 'Look')
    cd /Users/adamkz/look
    write-file /Users/adamkz/look/build/release-signed/DerivedData/Build/Intermediates.noindex/Look.build/Release/LookPDF.build/LookPDF-diagnostic-filename-map.json

WriteAuxiliaryFile /Users/adamkz/look/build/release-signed/DerivedData/Build/Intermediates.noindex/Look.build/Release/LookPDF.build/LookPDF-all-target-headers.hmap (in target 'LookPDF' from project 'Look')
    cd /Users/adamkz/look
    write-file /Users/adamkz/look/build/release-signed/DerivedData/Build/Intermediates.noindex/Look.build/Release/LookPDF.build/LookPDF-all-target-headers.hmap

WriteAuxiliaryFile /Users/adamkz/look/build/release-signed/DerivedData/Build/Intermediates.noindex/Look.build/Release/LookPDF.build/LookPDF-all-non-framework-target-headers.hmap (in target 'LookPDF' from project 'Look')
    cd /Users/adamkz/look
    write-file /Users/adamkz/look/build/release-signed/DerivedData/Build/Intermediates.noindex/Look.build/Release/LookPDF.build/LookPDF-all-non-framework-target-headers.hmap

WriteAuxiliaryFile /Users/adamkz/look/build/release-signed/DerivedData/Build/Intermediates.noindex/Look.build/Release/LookPDF.build/DerivedSources/LookPDF_vers.c (in target 'LookPDF' from project 'Look')
    cd /Users/adamkz/look
    write-file /Users/adamkz/look/build/release-signed/DerivedData/Build/Intermediates.noindex/Look.build/Release/LookPDF.build/DerivedSources/LookPDF_vers.c

WriteAuxiliaryFile /Users/adamkz/look/build/release-signed/DerivedData/Build/Intermediates.noindex/Look.build/Release/LookNotes.build/Objects-normal/arm64/LookNotes.SwiftFileList (in target 'LookNotes' from project 'Look')
    cd /Users/adamkz/look
    write-file /Users/adamkz/look/build/release-signed/DerivedData/Build/Intermediates.noindex/Look.build/Release/LookNotes.build/Objects-normal/arm64/LookNotes.SwiftFileList

WriteAuxiliaryFile /Users/adamkz/look/build/release-signed/DerivedData/Build/Intermediates.noindex/Look.build/Release/LookNotes.build/Objects-normal/arm64/LookNotes.SwiftConstValuesFileList (in target 'LookNotes' from project 'Look')
    cd /Users/adamkz/look
    write-file /Users/adamkz/look/build/release-signed/DerivedData/Build/Intermediates.noindex/Look.build/Release/LookNotes.build/Objects-normal/arm64/LookNotes.SwiftConstValuesFileList

WriteAuxiliaryFile /Users/adamkz/look/build/release-signed/DerivedData/Build/Intermediates.noindex/Look.build/Release/LookNotes.build/Objects-normal/arm64/LookNotes.LinkFileList (in target 'LookNotes' from project 'Look')
    cd /Users/adamkz/look
    write-file /Users/adamkz/look/build/release-signed/DerivedData/Build/Intermediates.noindex/Look.build/Release/LookNotes.build/Objects-normal/arm64/LookNotes.LinkFileList

Copy /Users/adamkz/look/build/release-signed/DerivedData/Build/Products/Release/LookPDF.framework/Versions/A/Modules/module.modulemap /Users/adamkz/look/build/release-signed/DerivedData/Build/Intermediates.noindex/Look.build/Release/LookPDF.build/module.modulemap (in target 'LookPDF' from project 'Look')
    cd /Users/adamkz/look
    builtin-copy -exclude .DS_Store -exclude CVS -exclude .svn -exclude .git -exclude .hg -resolve-src-symlinks /Users/adamkz/look/build/release-signed/DerivedData/Build/Intermediates.noindex/Look.build/Release/LookPDF.build/module.modulemap /Users/adamkz/look/build/release-signed/DerivedData/Build/Products/Release/LookPDF.framework/Versions/A/Modules

WriteAuxiliaryFile /Users/adamkz/look/build/release-signed/DerivedData/Build/Intermediates.noindex/Look.build/Release/LookNotes.build/Objects-normal/arm64/LookNotes-OutputFileMap.json (in target 'LookNotes' from project 'Look')
    cd /Users/adamkz/look
    write-file /Users/adamkz/look/build/release-signed/DerivedData/Build/Intermediates.noindex/Look.build/Release/LookNotes.build/Objects-normal/arm64/LookNotes-OutputFileMap.json

WriteAuxiliaryFile /Users/adamkz/look/build/release-signed/DerivedData/Build/Intermediates.noindex/Look.build/Release/LookNotes.build/Objects-normal/arm64/7187679823f38a2a940e0043cdf9d637-common-args.resp (in target 'LookNotes' from project 'Look')
    cd /Users/adamkz/look
    write-file /Users/adamkz/look/build/release-signed/DerivedData/Build/Intermediates.noindex/Look.build/Release/LookNotes.build/Objects-normal/arm64/7187679823f38a2a940e0043cdf9d637-common-args.resp
-target arm64-apple-macos14.0 '-std=gnu11' -fmodules -gmodules '-fmodules-cache-path=/Users/adamkz/look/build/release-signed/DerivedData/ModuleCache.noindex' '-fmodule-name=LookNotes' -fpascal-strings -Os -fno-common -isysroot /Applications/Xcode.app/Contents/Developer/Platforms/MacOSX.platform/Developer/SDKs/MacOSX26.2.sdk -g -iquote /Users/adamkz/look/build/release-signed/DerivedData/Build/Intermediates.noindex/Look.build/Release/LookNotes.build/LookNotes-generated-files.hmap -I/Users/adamkz/look/build/release-signed/DerivedData/Build/Intermediates.noindex/Look.build/Release/LookNotes.build/LookNotes-own-target-headers.hmap -I/Users/adamkz/look/build/release-signed/DerivedData/Build/Intermediates.noindex/Look.build/Release/LookNotes.build/LookNotes-all-non-framework-target-headers.hmap -ivfsoverlay /Users/adamkz/look/build/release-signed/DerivedData/Build/Intermediates.noindex/Look.build/Release/Look-c3f0a56ea084f757df82bdf40cd5ab63-VFS/all-product-headers.yaml -iquote /Users/adamkz/look/build/release-signed/DerivedData/Build/Intermediates.noindex/Look.build/Release/LookNotes.build/LookNotes-project-headers.hmap -I/Users/adamkz/look/build/release-signed/DerivedData/Build/Products/Release/include -I/Users/adamkz/look/build/release-signed/DerivedData/Build/Intermediates.noindex/Look.build/Release/LookNotes.build/DerivedSources-normal/arm64 -I/Users/adamkz/look/build/release-signed/DerivedData/Build/Intermediates.noindex/Look.build/Release/LookNotes.build/DerivedSources/arm64 -I/Users/adamkz/look/build/release-signed/DerivedData/Build/Intermediates.noindex/Look.build/Release/LookNotes.build/DerivedSources -F/Users/adamkz/look/build/release-signed/DerivedData/Build/Products/Release

WriteAuxiliaryFile /Users/adamkz/look/build/release-signed/DerivedData/Build/Intermediates.noindex/Look.build/Release/LookNotes.build/LookNotes.hmap (in target 'LookNotes' from project 'Look')
    cd /Users/adamkz/look
    write-file /Users/adamkz/look/build/release-signed/DerivedData/Build/Intermediates.noindex/Look.build/Release/LookNotes.build/LookNotes.hmap

WriteAuxiliaryFile /Users/adamkz/look/build/release-signed/DerivedData/Build/Intermediates.noindex/Look.build/Release/LookNotes.build/LookNotes.DependencyStaticMetadataFileList (in target 'LookNotes' from project 'Look')
    cd /Users/adamkz/look
    write-file /Users/adamkz/look/build/release-signed/DerivedData/Build/Intermediates.noindex/Look.build/Release/LookNotes.build/LookNotes.DependencyStaticMetadataFileList

WriteAuxiliaryFile /Users/adamkz/look/build/release-signed/DerivedData/Build/Intermediates.noindex/Look.build/Release/LookNotes.build/LookNotes.DependencyMetadataFileList (in target 'LookNotes' from project 'Look')
    cd /Users/adamkz/look
    write-file /Users/adamkz/look/build/release-signed/DerivedData/Build/Intermediates.noindex/Look.build/Release/LookNotes.build/LookNotes.DependencyMetadataFileList

WriteAuxiliaryFile /Users/adamkz/look/build/release-signed/DerivedData/Build/Intermediates.noindex/Look.build/Release/LookNotes.build/LookNotes-project-headers.hmap (in target 'LookNotes' from project 'Look')
    cd /Users/adamkz/look
    write-file /Users/adamkz/look/build/release-signed/DerivedData/Build/Intermediates.noindex/Look.build/Release/LookNotes.build/LookNotes-project-headers.hmap

WriteAuxiliaryFile /Users/adamkz/look/build/release-signed/DerivedData/Build/Intermediates.noindex/Look.build/Release/LookNotes.build/LookNotes-own-target-headers.hmap (in target 'LookNotes' from project 'Look')
    cd /Users/adamkz/look
    write-file /Users/adamkz/look/build/release-signed/DerivedData/Build/Intermediates.noindex/Look.build/Release/LookNotes.build/LookNotes-own-target-headers.hmap

WriteAuxiliaryFile /Users/adamkz/look/build/release-signed/DerivedData/Build/Intermediates.noindex/Look.build/Release/LookNotes.build/LookNotes-generated-files.hmap (in target 'LookNotes' from project 'Look')
    cd /Users/adamkz/look
    write-file /Users/adamkz/look/build/release-signed/DerivedData/Build/Intermediates.noindex/Look.build/Release/LookNotes.build/LookNotes-generated-files.hmap

WriteAuxiliaryFile /Users/adamkz/look/build/release-signed/DerivedData/Build/Intermediates.noindex/Look.build/Release/LookNotes.build/LookNotes-diagnostic-filename-map.json (in target 'LookNotes' from project 'Look')
    cd /Users/adamkz/look
    write-file /Users/adamkz/look/build/release-signed/DerivedData/Build/Intermediates.noindex/Look.build/Release/LookNotes.build/LookNotes-diagnostic-filename-map.json

WriteAuxiliaryFile /Users/adamkz/look/build/release-signed/DerivedData/Build/Intermediates.noindex/Look.build/Release/LookNotes.build/LookNotes-all-non-framework-target-headers.hmap (in target 'LookNotes' from project 'Look')
    cd /Users/adamkz/look
    write-file /Users/adamkz/look/build/release-signed/DerivedData/Build/Intermediates.noindex/Look.build/Release/LookNotes.build/LookNotes-all-non-framework-target-headers.hmap

WriteAuxiliaryFile /Users/adamkz/look/build/release-signed/DerivedData/Build/Intermediates.noindex/Look.build/Release/LookNotes.build/LookNotes-all-target-headers.hmap (in target 'LookNotes' from project 'Look')
    cd /Users/adamkz/look
    write-file /Users/adamkz/look/build/release-signed/DerivedData/Build/Intermediates.noindex/Look.build/Release/LookNotes.build/LookNotes-all-target-headers.hmap

WriteAuxiliaryFile /Users/adamkz/look/build/release-signed/DerivedData/Build/Intermediates.noindex/Look.build/Release/LookNotes.build/DerivedSources/LookNotes_vers.c (in target 'LookNotes' from project 'Look')
    cd /Users/adamkz/look
    write-file /Users/adamkz/look/build/release-signed/DerivedData/Build/Intermediates.noindex/Look.build/Release/LookNotes.build/DerivedSources/LookNotes_vers.c

Copy /Users/adamkz/look/build/release-signed/DerivedData/Build/Products/Release/LookNotes.framework/Versions/A/Modules/module.modulemap /Users/adamkz/look/build/release-signed/DerivedData/Build/Intermediates.noindex/Look.build/Release/LookNotes.build/module.modulemap (in target 'LookNotes' from project 'Look')
    cd /Users/adamkz/look
    builtin-copy -exclude .DS_Store -exclude CVS -exclude .svn -exclude .git -exclude .hg -resolve-src-symlinks /Users/adamkz/look/build/release-signed/DerivedData/Build/Intermediates.noindex/Look.build/Release/LookNotes.build/module.modulemap /Users/adamkz/look/build/release-signed/DerivedData/Build/Products/Release/LookNotes.framework/Versions/A/Modules

WriteAuxiliaryFile /Users/adamkz/look/build/release-signed/DerivedData/Build/Intermediates.noindex/Look.build/Release/LookKit.build/module.modulemap (in target 'LookKit' from project 'Look')
    cd /Users/adamkz/look
    write-file /Users/adamkz/look/build/release-signed/DerivedData/Build/Intermediates.noindex/Look.build/Release/LookKit.build/module.modulemap

WriteAuxiliaryFile /Users/adamkz/look/build/release-signed/DerivedData/Build/Intermediates.noindex/Look.build/Release/LookKit.build/empty-LookKit.plist (in target 'LookKit' from project 'Look')
    cd /Users/adamkz/look
    write-file /Users/adamkz/look/build/release-signed/DerivedData/Build/Intermediates.noindex/Look.build/Release/LookKit.build/empty-LookKit.plist

WriteAuxiliaryFile /Users/adamkz/look/build/release-signed/DerivedData/Build/Intermediates.noindex/Look.build/Release/LookKit.build/Objects-normal/arm64/LookKit_const_extract_protocols.json (in target 'LookKit' from project 'Look')
    cd /Users/adamkz/look
    write-file /Users/adamkz/look/build/release-signed/DerivedData/Build/Intermediates.noindex/Look.build/Release/LookKit.build/Objects-normal/arm64/LookKit_const_extract_protocols.json

WriteAuxiliaryFile /Users/adamkz/look/build/release-signed/DerivedData/Build/Intermediates.noindex/Look.build/Release/LookKit.build/Objects-normal/arm64/LookKit.SwiftFileList (in target 'LookKit' from project 'Look')
    cd /Users/adamkz/look
    write-file /Users/adamkz/look/build/release-signed/DerivedData/Build/Intermediates.noindex/Look.build/Release/LookKit.build/Objects-normal/arm64/LookKit.SwiftFileList

WriteAuxiliaryFile /Users/adamkz/look/build/release-signed/DerivedData/Build/Intermediates.noindex/Look.build/Release/LookKit.build/Objects-normal/arm64/LookKit.SwiftConstValuesFileList (in target 'LookKit' from project 'Look')
    cd /Users/adamkz/look
    write-file /Users/adamkz/look/build/release-signed/DerivedData/Build/Intermediates.noindex/Look.build/Release/LookKit.build/Objects-normal/arm64/LookKit.SwiftConstValuesFileList

WriteAuxiliaryFile /Users/adamkz/look/build/release-signed/DerivedData/Build/Intermediates.noindex/Look.build/Release/LookKit.build/Objects-normal/arm64/LookKit.LinkFileList (in target 'LookKit' from project 'Look')
    cd /Users/adamkz/look
    write-file /Users/adamkz/look/build/release-signed/DerivedData/Build/Intermediates.noindex/Look.build/Release/LookKit.build/Objects-normal/arm64/LookKit.LinkFileList

WriteAuxiliaryFile /Users/adamkz/look/build/release-signed/DerivedData/Build/Intermediates.noindex/Look.build/Release/LookKit.build/Objects-normal/arm64/LookKit-OutputFileMap.json (in target 'LookKit' from project 'Look')
    cd /Users/adamkz/look
    write-file /Users/adamkz/look/build/release-signed/DerivedData/Build/Intermediates.noindex/Look.build/Release/LookKit.build/Objects-normal/arm64/LookKit-OutputFileMap.json

WriteAuxiliaryFile /Users/adamkz/look/build/release-signed/DerivedData/Build/Intermediates.noindex/Look.build/Release/LookKit.build/Objects-normal/arm64/7187679823f38a2a940e0043cdf9d637-common-args.resp (in target 'LookKit' from project 'Look')
    cd /Users/adamkz/look
    write-file /Users/adamkz/look/build/release-signed/DerivedData/Build/Intermediates.noindex/Look.build/Release/LookKit.build/Objects-normal/arm64/7187679823f38a2a940e0043cdf9d637-common-args.resp
-target arm64-apple-macos14.0 '-std=gnu11' -fmodules -gmodules '-fmodules-cache-path=/Users/adamkz/look/build/release-signed/DerivedData/ModuleCache.noindex' '-fmodule-name=LookKit' -fpascal-strings -Os -fno-common -isysroot /Applications/Xcode.app/Contents/Developer/Platforms/MacOSX.platform/Developer/SDKs/MacOSX26.2.sdk -g -iquote /Users/adamkz/look/build/release-signed/DerivedData/Build/Intermediates.noindex/Look.build/Release/LookKit.build/LookKit-generated-files.hmap -I/Users/adamkz/look/build/release-signed/DerivedData/Build/Intermediates.noindex/Look.build/Release/LookKit.build/LookKit-own-target-headers.hmap -I/Users/adamkz/look/build/release-signed/DerivedData/Build/Intermediates.noindex/Look.build/Release/LookKit.build/LookKit-all-non-framework-target-headers.hmap -ivfsoverlay /Users/adamkz/look/build/release-signed/DerivedData/Build/Intermediates.noindex/Look.build/Release/Look-c3f0a56ea084f757df82bdf40cd5ab63-VFS/all-product-headers.yaml -iquote /Users/adamkz/look/build/release-signed/DerivedData/Build/Intermediates.noindex/Look.build/Release/LookKit.build/LookKit-project-headers.hmap -I/Users/adamkz/look/build/release-signed/DerivedData/Build/Products/Release/include -I/Users/adamkz/look/build/release-signed/DerivedData/Build/Intermediates.noindex/Look.build/Release/LookKit.build/DerivedSources-normal/arm64 -I/Users/adamkz/look/build/release-signed/DerivedData/Build/Intermediates.noindex/Look.build/Release/LookKit.build/DerivedSources/arm64 -I/Users/adamkz/look/build/release-signed/DerivedData/Build/Intermediates.noindex/Look.build/Release/LookKit.build/DerivedSources -F/Users/adamkz/look/build/release-signed/DerivedData/Build/Products/Release

WriteAuxiliaryFile /Users/adamkz/look/build/release-signed/DerivedData/Build/Intermediates.noindex/Look.build/Release/LookKit.build/LookKit.hmap (in target 'LookKit' from project 'Look')
    cd /Users/adamkz/look
    write-file /Users/adamkz/look/build/release-signed/DerivedData/Build/Intermediates.noindex/Look.build/Release/LookKit.build/LookKit.hmap

WriteAuxiliaryFile /Users/adamkz/look/build/release-signed/DerivedData/Build/Intermediates.noindex/Look.build/Release/LookKit.build/LookKit.DependencyStaticMetadataFileList (in target 'LookKit' from project 'Look')
    cd /Users/adamkz/look
    write-file /Users/adamkz/look/build/release-signed/DerivedData/Build/Intermediates.noindex/Look.build/Release/LookKit.build/LookKit.DependencyStaticMetadataFileList

WriteAuxiliaryFile /Users/adamkz/look/build/release-signed/DerivedData/Build/Intermediates.noindex/Look.build/Release/LookKit.build/LookKit.DependencyMetadataFileList (in target 'LookKit' from project 'Look')
    cd /Users/adamkz/look
    write-file /Users/adamkz/look/build/release-signed/DerivedData/Build/Intermediates.noindex/Look.build/Release/LookKit.build/LookKit.DependencyMetadataFileList

WriteAuxiliaryFile /Users/adamkz/look/build/release-signed/DerivedData/Build/Intermediates.noindex/Look.build/Release/LookKit.build/LookKit-project-headers.hmap (in target 'LookKit' from project 'Look')
    cd /Users/adamkz/look
    write-file /Users/adamkz/look/build/release-signed/DerivedData/Build/Intermediates.noindex/Look.build/Release/LookKit.build/LookKit-project-headers.hmap

WriteAuxiliaryFile /Users/adamkz/look/build/release-signed/DerivedData/Build/Intermediates.noindex/Look.build/Release/LookKit.build/LookKit-own-target-headers.hmap (in target 'LookKit' from project 'Look')
    cd /Users/adamkz/look
    write-file /Users/adamkz/look/build/release-signed/DerivedData/Build/Intermediates.noindex/Look.build/Release/LookKit.build/LookKit-own-target-headers.hmap

WriteAuxiliaryFile /Users/adamkz/look/build/release-signed/DerivedData/Build/Intermediates.noindex/Look.build/Release/LookKit.build/LookKit-generated-files.hmap (in target 'LookKit' from project 'Look')
    cd /Users/adamkz/look
    write-file /Users/adamkz/look/build/release-signed/DerivedData/Build/Intermediates.noindex/Look.build/Release/LookKit.build/LookKit-generated-files.hmap

WriteAuxiliaryFile /Users/adamkz/look/build/release-signed/DerivedData/Build/Intermediates.noindex/Look.build/Release/LookKit.build/LookKit-diagnostic-filename-map.json (in target 'LookKit' from project 'Look')
    cd /Users/adamkz/look
    write-file /Users/adamkz/look/build/release-signed/DerivedData/Build/Intermediates.noindex/Look.build/Release/LookKit.build/LookKit-diagnostic-filename-map.json

WriteAuxiliaryFile /Users/adamkz/look/build/release-signed/DerivedData/Build/Intermediates.noindex/Look.build/Release/LookKit.build/LookKit-all-target-headers.hmap (in target 'LookKit' from project 'Look')
    cd /Users/adamkz/look
    write-file /Users/adamkz/look/build/release-signed/DerivedData/Build/Intermediates.noindex/Look.build/Release/LookKit.build/LookKit-all-target-headers.hmap

WriteAuxiliaryFile /Users/adamkz/look/build/release-signed/DerivedData/Build/Intermediates.noindex/Look.build/Release/LookKit.build/LookKit-all-non-framework-target-headers.hmap (in target 'LookKit' from project 'Look')
    cd /Users/adamkz/look
    write-file /Users/adamkz/look/build/release-signed/DerivedData/Build/Intermediates.noindex/Look.build/Release/LookKit.build/LookKit-all-non-framework-target-headers.hmap

WriteAuxiliaryFile /Users/adamkz/look/build/release-signed/DerivedData/Build/Intermediates.noindex/Look.build/Release/LookKit.build/DerivedSources/LookKit_vers.c (in target 'LookKit' from project 'Look')
    cd /Users/adamkz/look
    write-file /Users/adamkz/look/build/release-signed/DerivedData/Build/Intermediates.noindex/Look.build/Release/LookKit.build/DerivedSources/LookKit_vers.c

WriteAuxiliaryFile /Users/adamkz/look/build/release-signed/DerivedData/Build/Intermediates.noindex/Look.build/Release/LookData.build/module.modulemap (in target 'LookData' from project 'Look')
    cd /Users/adamkz/look
    write-file /Users/adamkz/look/build/release-signed/DerivedData/Build/Intermediates.noindex/Look.build/Release/LookData.build/module.modulemap

Copy /Users/adamkz/look/build/release-signed/DerivedData/Build/Products/Release/LookKit.framework/Versions/A/Modules/module.modulemap /Users/adamkz/look/build/release-signed/DerivedData/Build/Intermediates.noindex/Look.build/Release/LookKit.build/module.modulemap (in target 'LookKit' from project 'Look')
    cd /Users/adamkz/look
    builtin-copy -exclude .DS_Store -exclude CVS -exclude .svn -exclude .git -exclude .hg -resolve-src-symlinks /Users/adamkz/look/build/release-signed/DerivedData/Build/Intermediates.noindex/Look.build/Release/LookKit.build/module.modulemap /Users/adamkz/look/build/release-signed/DerivedData/Build/Products/Release/LookKit.framework/Versions/A/Modules

WriteAuxiliaryFile /Users/adamkz/look/build/release-signed/DerivedData/Build/Intermediates.noindex/Look.build/Release/LookData.build/empty-LookData.plist (in target 'LookData' from project 'Look')
    cd /Users/adamkz/look
    write-file /Users/adamkz/look/build/release-signed/DerivedData/Build/Intermediates.noindex/Look.build/Release/LookData.build/empty-LookData.plist

WriteAuxiliaryFile /Users/adamkz/look/build/release-signed/DerivedData/Build/Intermediates.noindex/Look.build/Release/LookData.build/Objects-normal/arm64/LookData_const_extract_protocols.json (in target 'LookData' from project 'Look')
    cd /Users/adamkz/look
    write-file /Users/adamkz/look/build/release-signed/DerivedData/Build/Intermediates.noindex/Look.build/Release/LookData.build/Objects-normal/arm64/LookData_const_extract_protocols.json

WriteAuxiliaryFile /Users/adamkz/look/build/release-signed/DerivedData/Build/Intermediates.noindex/Look.build/Release/LookData.build/Objects-normal/arm64/LookData.SwiftFileList (in target 'LookData' from project 'Look')
    cd /Users/adamkz/look
    write-file /Users/adamkz/look/build/release-signed/DerivedData/Build/Intermediates.noindex/Look.build/Release/LookData.build/Objects-normal/arm64/LookData.SwiftFileList

WriteAuxiliaryFile /Users/adamkz/look/build/release-signed/DerivedData/Build/Intermediates.noindex/Look.build/Release/LookData.build/Objects-normal/arm64/LookData.SwiftConstValuesFileList (in target 'LookData' from project 'Look')
    cd /Users/adamkz/look
    write-file /Users/adamkz/look/build/release-signed/DerivedData/Build/Intermediates.noindex/Look.build/Release/LookData.build/Objects-normal/arm64/LookData.SwiftConstValuesFileList

WriteAuxiliaryFile /Users/adamkz/look/build/release-signed/DerivedData/Build/Intermediates.noindex/Look.build/Release/LookData.build/Objects-normal/arm64/LookData.LinkFileList (in target 'LookData' from project 'Look')
    cd /Users/adamkz/look
    write-file /Users/adamkz/look/build/release-signed/DerivedData/Build/Intermediates.noindex/Look.build/Release/LookData.build/Objects-normal/arm64/LookData.LinkFileList

WriteAuxiliaryFile /Users/adamkz/look/build/release-signed/DerivedData/Build/Intermediates.noindex/Look.build/Release/LookData.build/Objects-normal/arm64/LookData-OutputFileMap.json (in target 'LookData' from project 'Look')
    cd /Users/adamkz/look
    write-file /Users/adamkz/look/build/release-signed/DerivedData/Build/Intermediates.noindex/Look.build/Release/LookData.build/Objects-normal/arm64/LookData-OutputFileMap.json

WriteAuxiliaryFile /Users/adamkz/look/build/release-signed/DerivedData/Build/Intermediates.noindex/Look.build/Release/LookData.build/Objects-normal/arm64/7187679823f38a2a940e0043cdf9d637-common-args.resp (in target 'LookData' from project 'Look')
    cd /Users/adamkz/look
    write-file /Users/adamkz/look/build/release-signed/DerivedData/Build/Intermediates.noindex/Look.build/Release/LookData.build/Objects-normal/arm64/7187679823f38a2a940e0043cdf9d637-common-args.resp
-target arm64-apple-macos14.0 '-std=gnu11' -fmodules -gmodules '-fmodules-cache-path=/Users/adamkz/look/build/release-signed/DerivedData/ModuleCache.noindex' '-fmodule-name=LookData' -fpascal-strings -Os -fno-common -isysroot /Applications/Xcode.app/Contents/Developer/Platforms/MacOSX.platform/Developer/SDKs/MacOSX26.2.sdk -g -iquote /Users/adamkz/look/build/release-signed/DerivedData/Build/Intermediates.noindex/Look.build/Release/LookData.build/LookData-generated-files.hmap -I/Users/adamkz/look/build/release-signed/DerivedData/Build/Intermediates.noindex/Look.build/Release/LookData.build/LookData-own-target-headers.hmap -I/Users/adamkz/look/build/release-signed/DerivedData/Build/Intermediates.noindex/Look.build/Release/LookData.build/LookData-all-non-framework-target-headers.hmap -ivfsoverlay /Users/adamkz/look/build/release-signed/DerivedData/Build/Intermediates.noindex/Look.build/Release/Look-c3f0a56ea084f757df82bdf40cd5ab63-VFS/all-product-headers.yaml -iquote /Users/adamkz/look/build/release-signed/DerivedData/Build/Intermediates.noindex/Look.build/Release/LookData.build/LookData-project-headers.hmap -I/Users/adamkz/look/build/release-signed/DerivedData/Build/Products/Release/include -I/Users/adamkz/look/build/release-signed/DerivedData/Build/Intermediates.noindex/Look.build/Release/LookData.build/DerivedSources-normal/arm64 -I/Users/adamkz/look/build/release-signed/DerivedData/Build/Intermediates.noindex/Look.build/Release/LookData.build/DerivedSources/arm64 -I/Users/adamkz/look/build/release-signed/DerivedData/Build/Intermediates.noindex/Look.build/Release/LookData.build/DerivedSources -F/Users/adamkz/look/build/release-signed/DerivedData/Build/Products/Release

WriteAuxiliaryFile /Users/adamkz/look/build/release-signed/DerivedData/Build/Intermediates.noindex/Look.build/Release/LookData.build/LookData.hmap (in target 'LookData' from project 'Look')
    cd /Users/adamkz/look
    write-file /Users/adamkz/look/build/release-signed/DerivedData/Build/Intermediates.noindex/Look.build/Release/LookData.build/LookData.hmap

WriteAuxiliaryFile /Users/adamkz/look/build/release-signed/DerivedData/Build/Intermediates.noindex/Look.build/Release/LookData.build/LookData.DependencyStaticMetadataFileList (in target 'LookData' from project 'Look')
    cd /Users/adamkz/look
    write-file /Users/adamkz/look/build/release-signed/DerivedData/Build/Intermediates.noindex/Look.build/Release/LookData.build/LookData.DependencyStaticMetadataFileList

WriteAuxiliaryFile /Users/adamkz/look/build/release-signed/DerivedData/Build/Intermediates.noindex/Look.build/Release/LookData.build/LookData.DependencyMetadataFileList (in target 'LookData' from project 'Look')
    cd /Users/adamkz/look
    write-file /Users/adamkz/look/build/release-signed/DerivedData/Build/Intermediates.noindex/Look.build/Release/LookData.build/LookData.DependencyMetadataFileList

WriteAuxiliaryFile /Users/adamkz/look/build/release-signed/DerivedData/Build/Intermediates.noindex/Look.build/Release/LookData.build/LookData-project-headers.hmap (in target 'LookData' from project 'Look')
    cd /Users/adamkz/look
    write-file /Users/adamkz/look/build/release-signed/DerivedData/Build/Intermediates.noindex/Look.build/Release/LookData.build/LookData-project-headers.hmap

WriteAuxiliaryFile /Users/adamkz/look/build/release-signed/DerivedData/Build/Intermediates.noindex/Look.build/Release/LookData.build/LookData-own-target-headers.hmap (in target 'LookData' from project 'Look')
    cd /Users/adamkz/look
    write-file /Users/adamkz/look/build/release-signed/DerivedData/Build/Intermediates.noindex/Look.build/Release/LookData.build/LookData-own-target-headers.hmap

WriteAuxiliaryFile /Users/adamkz/look/build/release-signed/DerivedData/Build/Intermediates.noindex/Look.build/Release/LookData.build/LookData-generated-files.hmap (in target 'LookData' from project 'Look')
    cd /Users/adamkz/look
    write-file /Users/adamkz/look/build/release-signed/DerivedData/Build/Intermediates.noindex/Look.build/Release/LookData.build/LookData-generated-files.hmap

WriteAuxiliaryFile /Users/adamkz/look/build/release-signed/DerivedData/Build/Intermediates.noindex/Look.build/Release/LookData.build/LookData-diagnostic-filename-map.json (in target 'LookData' from project 'Look')
    cd /Users/adamkz/look
    write-file /Users/adamkz/look/build/release-signed/DerivedData/Build/Intermediates.noindex/Look.build/Release/LookData.build/LookData-diagnostic-filename-map.json

WriteAuxiliaryFile /Users/adamkz/look/build/release-signed/DerivedData/Build/Intermediates.noindex/Look.build/Release/LookData.build/LookData-all-target-headers.hmap (in target 'LookData' from project 'Look')
    cd /Users/adamkz/look
    write-file /Users/adamkz/look/build/release-signed/DerivedData/Build/Intermediates.noindex/Look.build/Release/LookData.build/LookData-all-target-headers.hmap

WriteAuxiliaryFile /Users/adamkz/look/build/release-signed/DerivedData/Build/Intermediates.noindex/Look.build/Release/LookData.build/LookData-all-non-framework-target-headers.hmap (in target 'LookData' from project 'Look')
    cd /Users/adamkz/look
    write-file /Users/adamkz/look/build/release-signed/DerivedData/Build/Intermediates.noindex/Look.build/Release/LookData.build/LookData-all-non-framework-target-headers.hmap

SymLink /Users/adamkz/look/build/release-signed/DerivedData/Build/Products/Release/LookPDF.framework/Versions/Current A (in target 'LookPDF' from project 'Look')
    cd /Users/adamkz/look
    /bin/ln -sfh A /Users/adamkz/look/build/release-signed/DerivedData/Build/Products/Release/LookPDF.framework/Versions/Current

Copy /Users/adamkz/look/build/release-signed/DerivedData/Build/Products/Release/LookData.framework/Versions/A/Modules/module.modulemap /Users/adamkz/look/build/release-signed/DerivedData/Build/Intermediates.noindex/Look.build/Release/LookData.build/module.modulemap (in target 'LookData' from project 'Look')
    cd /Users/adamkz/look
    builtin-copy -exclude .DS_Store -exclude CVS -exclude .svn -exclude .git -exclude .hg -resolve-src-symlinks /Users/adamkz/look/build/release-signed/DerivedData/Build/Intermediates.noindex/Look.build/Release/LookData.build/module.modulemap /Users/adamkz/look/build/release-signed/DerivedData/Build/Products/Release/LookData.framework/Versions/A/Modules

WriteAuxiliaryFile /Users/adamkz/look/build/release-signed/DerivedData/Build/Intermediates.noindex/Look.build/Release/LookData.build/DerivedSources/LookData_vers.c (in target 'LookData' from project 'Look')
    cd /Users/adamkz/look
    write-file /Users/adamkz/look/build/release-signed/DerivedData/Build/Intermediates.noindex/Look.build/Release/LookData.build/DerivedSources/LookData_vers.c

SymLink /Users/adamkz/look/build/release-signed/DerivedData/Build/Products/Release/LookPDF.framework/Resources Versions/Current/Resources (in target 'LookPDF' from project 'Look')
    cd /Users/adamkz/look
    /bin/ln -sfh Versions/Current/Resources /Users/adamkz/look/build/release-signed/DerivedData/Build/Products/Release/LookPDF.framework/Resources

SymLink /Users/adamkz/look/build/release-signed/DerivedData/Build/Products/Release/LookPDF.framework/Modules Versions/Current/Modules (in target 'LookPDF' from project 'Look')
    cd /Users/adamkz/look
    /bin/ln -sfh Versions/Current/Modules /Users/adamkz/look/build/release-signed/DerivedData/Build/Products/Release/LookPDF.framework/Modules

SymLink /Users/adamkz/look/build/release-signed/DerivedData/Build/Products/Release/LookPDF.framework/LookPDF Versions/Current/LookPDF (in target 'LookPDF' from project 'Look')
    cd /Users/adamkz/look
    /bin/ln -sfh Versions/Current/LookPDF /Users/adamkz/look/build/release-signed/DerivedData/Build/Products/Release/LookPDF.framework/LookPDF

SymLink /Users/adamkz/look/build/release-signed/DerivedData/Build/Products/Release/LookPDF.framework/Headers Versions/Current/Headers (in target 'LookPDF' from project 'Look')
    cd /Users/adamkz/look
    /bin/ln -sfh Versions/Current/Headers /Users/adamkz/look/build/release-signed/DerivedData/Build/Products/Release/LookPDF.framework/Headers

MkDir /Users/adamkz/look/build/release-signed/DerivedData/Build/Products/Release/LookPDF.framework/Versions/A/Headers (in target 'LookPDF' from project 'Look')
    cd /Users/adamkz/look
    /bin/mkdir -p /Users/adamkz/look/build/release-signed/DerivedData/Build/Products/Release/LookPDF.framework/Versions/A/Headers

MkDir /Users/adamkz/look/build/release-signed/DerivedData/Build/Products/Release/LookPDF.framework/Versions/A/Resources (in target 'LookPDF' from project 'Look')
    cd /Users/adamkz/look
    /bin/mkdir -p /Users/adamkz/look/build/release-signed/DerivedData/Build/Products/Release/LookPDF.framework/Versions/A/Resources

MkDir /Users/adamkz/look/build/release-signed/DerivedData/Build/Products/Release/LookPDF.framework/Versions/A (in target 'LookPDF' from project 'Look')
    cd /Users/adamkz/look
    /bin/mkdir -p /Users/adamkz/look/build/release-signed/DerivedData/Build/Products/Release/LookPDF.framework/Versions/A

MkDir /Users/adamkz/look/build/release-signed/DerivedData/Build/Products/Release/LookPDF.framework/Versions (in target 'LookPDF' from project 'Look')
    cd /Users/adamkz/look
    /bin/mkdir -p /Users/adamkz/look/build/release-signed/DerivedData/Build/Products/Release/LookPDF.framework/Versions

MkDir /Users/adamkz/look/build/release-signed/DerivedData/Build/Products/Release/LookPDF.framework (in target 'LookPDF' from project 'Look')
    cd /Users/adamkz/look
    /bin/mkdir -p /Users/adamkz/look/build/release-signed/DerivedData/Build/Products/Release/LookPDF.framework

SymLink /Users/adamkz/look/build/release-signed/DerivedData/Build/Products/Release/LookNotes.framework/Versions/Current A (in target 'LookNotes' from project 'Look')
    cd /Users/adamkz/look
    /bin/ln -sfh A /Users/adamkz/look/build/release-signed/DerivedData/Build/Products/Release/LookNotes.framework/Versions/Current

SymLink /Users/adamkz/look/build/release-signed/DerivedData/Build/Products/Release/LookNotes.framework/Resources Versions/Current/Resources (in target 'LookNotes' from project 'Look')
    cd /Users/adamkz/look
    /bin/ln -sfh Versions/Current/Resources /Users/adamkz/look/build/release-signed/DerivedData/Build/Products/Release/LookNotes.framework/Resources

SymLink /Users/adamkz/look/build/release-signed/DerivedData/Build/Products/Release/LookNotes.framework/Modules Versions/Current/Modules (in target 'LookNotes' from project 'Look')
    cd /Users/adamkz/look
    /bin/ln -sfh Versions/Current/Modules /Users/adamkz/look/build/release-signed/DerivedData/Build/Products/Release/LookNotes.framework/Modules

SymLink /Users/adamkz/look/build/release-signed/DerivedData/Build/Products/Release/LookNotes.framework/LookNotes Versions/Current/LookNotes (in target 'LookNotes' from project 'Look')
    cd /Users/adamkz/look
    /bin/ln -sfh Versions/Current/LookNotes /Users/adamkz/look/build/release-signed/DerivedData/Build/Products/Release/LookNotes.framework/LookNotes

SymLink /Users/adamkz/look/build/release-signed/DerivedData/Build/Products/Release/LookNotes.framework/Headers Versions/Current/Headers (in target 'LookNotes' from project 'Look')
    cd /Users/adamkz/look
    /bin/ln -sfh Versions/Current/Headers /Users/adamkz/look/build/release-signed/DerivedData/Build/Products/Release/LookNotes.framework/Headers

MkDir /Users/adamkz/look/build/release-signed/DerivedData/Build/Products/Release/LookNotes.framework/Versions/A/Resources (in target 'LookNotes' from project 'Look')
    cd /Users/adamkz/look
    /bin/mkdir -p /Users/adamkz/look/build/release-signed/DerivedData/Build/Products/Release/LookNotes.framework/Versions/A/Resources

MkDir /Users/adamkz/look/build/release-signed/DerivedData/Build/Products/Release/LookNotes.framework/Versions/A/Headers (in target 'LookNotes' from project 'Look')
    cd /Users/adamkz/look
    /bin/mkdir -p /Users/adamkz/look/build/release-signed/DerivedData/Build/Products/Release/LookNotes.framework/Versions/A/Headers

MkDir /Users/adamkz/look/build/release-signed/DerivedData/Build/Products/Release/LookNotes.framework/Versions/A (in target 'LookNotes' from project 'Look')
    cd /Users/adamkz/look
    /bin/mkdir -p /Users/adamkz/look/build/release-signed/DerivedData/Build/Products/Release/LookNotes.framework/Versions/A

MkDir /Users/adamkz/look/build/release-signed/DerivedData/Build/Products/Release/LookNotes.framework/Versions (in target 'LookNotes' from project 'Look')
    cd /Users/adamkz/look
    /bin/mkdir -p /Users/adamkz/look/build/release-signed/DerivedData/Build/Products/Release/LookNotes.framework/Versions

MkDir /Users/adamkz/look/build/release-signed/DerivedData/Build/Products/Release/LookNotes.framework (in target 'LookNotes' from project 'Look')
    cd /Users/adamkz/look
    /bin/mkdir -p /Users/adamkz/look/build/release-signed/DerivedData/Build/Products/Release/LookNotes.framework

SymLink /Users/adamkz/look/build/release-signed/DerivedData/Build/Products/Release/LookKit.framework/Versions/Current A (in target 'LookKit' from project 'Look')
    cd /Users/adamkz/look
    /bin/ln -sfh A /Users/adamkz/look/build/release-signed/DerivedData/Build/Products/Release/LookKit.framework/Versions/Current

SymLink /Users/adamkz/look/build/release-signed/DerivedData/Build/Products/Release/LookKit.framework/Resources Versions/Current/Resources (in target 'LookKit' from project 'Look')
    cd /Users/adamkz/look
    /bin/ln -sfh Versions/Current/Resources /Users/adamkz/look/build/release-signed/DerivedData/Build/Products/Release/LookKit.framework/Resources

SymLink /Users/adamkz/look/build/release-signed/DerivedData/Build/Products/Release/LookKit.framework/Modules Versions/Current/Modules (in target 'LookKit' from project 'Look')
    cd /Users/adamkz/look
    /bin/ln -sfh Versions/Current/Modules /Users/adamkz/look/build/release-signed/DerivedData/Build/Products/Release/LookKit.framework/Modules

SymLink /Users/adamkz/look/build/release-signed/DerivedData/Build/Products/Release/LookKit.framework/LookKit Versions/Current/LookKit (in target 'LookKit' from project 'Look')
    cd /Users/adamkz/look
    /bin/ln -sfh Versions/Current/LookKit /Users/adamkz/look/build/release-signed/DerivedData/Build/Products/Release/LookKit.framework/LookKit

SymLink /Users/adamkz/look/build/release-signed/DerivedData/Build/Products/Release/LookKit.framework/Headers Versions/Current/Headers (in target 'LookKit' from project 'Look')
    cd /Users/adamkz/look
    /bin/ln -sfh Versions/Current/Headers /Users/adamkz/look/build/release-signed/DerivedData/Build/Products/Release/LookKit.framework/Headers

MkDir /Users/adamkz/look/build/release-signed/DerivedData/Build/Products/Release/LookKit.framework/Versions/A/Resources (in target 'LookKit' from project 'Look')
    cd /Users/adamkz/look
    /bin/mkdir -p /Users/adamkz/look/build/release-signed/DerivedData/Build/Products/Release/LookKit.framework/Versions/A/Resources

MkDir /Users/adamkz/look/build/release-signed/DerivedData/Build/Products/Release/LookKit.framework/Versions/A/Headers (in target 'LookKit' from project 'Look')
    cd /Users/adamkz/look
    /bin/mkdir -p /Users/adamkz/look/build/release-signed/DerivedData/Build/Products/Release/LookKit.framework/Versions/A/Headers

MkDir /Users/adamkz/look/build/release-signed/DerivedData/Build/Products/Release/LookKit.framework/Versions/A (in target 'LookKit' from project 'Look')
    cd /Users/adamkz/look
    /bin/mkdir -p /Users/adamkz/look/build/release-signed/DerivedData/Build/Products/Release/LookKit.framework/Versions/A

MkDir /Users/adamkz/look/build/release-signed/DerivedData/Build/Products/Release/LookKit.framework/Versions (in target 'LookKit' from project 'Look')
    cd /Users/adamkz/look
    /bin/mkdir -p /Users/adamkz/look/build/release-signed/DerivedData/Build/Products/Release/LookKit.framework/Versions

MkDir /Users/adamkz/look/build/release-signed/DerivedData/Build/Products/Release/LookKit.framework (in target 'LookKit' from project 'Look')
    cd /Users/adamkz/look
    /bin/mkdir -p /Users/adamkz/look/build/release-signed/DerivedData/Build/Products/Release/LookKit.framework

SymLink /Users/adamkz/look/build/release-signed/DerivedData/Build/Products/Release/LookData.framework/Versions/Current A (in target 'LookData' from project 'Look')
    cd /Users/adamkz/look
    /bin/ln -sfh A /Users/adamkz/look/build/release-signed/DerivedData/Build/Products/Release/LookData.framework/Versions/Current

SymLink /Users/adamkz/look/build/release-signed/DerivedData/Build/Products/Release/LookData.framework/Resources Versions/Current/Resources (in target 'LookData' from project 'Look')
    cd /Users/adamkz/look
    /bin/ln -sfh Versions/Current/Resources /Users/adamkz/look/build/release-signed/DerivedData/Build/Products/Release/LookData.framework/Resources

SymLink /Users/adamkz/look/build/release-signed/DerivedData/Build/Products/Release/LookData.framework/Modules Versions/Current/Modules (in target 'LookData' from project 'Look')
    cd /Users/adamkz/look
    /bin/ln -sfh Versions/Current/Modules /Users/adamkz/look/build/release-signed/DerivedData/Build/Products/Release/LookData.framework/Modules

SymLink /Users/adamkz/look/build/release-signed/DerivedData/Build/Products/Release/LookData.framework/LookData Versions/Current/LookData (in target 'LookData' from project 'Look')
    cd /Users/adamkz/look
    /bin/ln -sfh Versions/Current/LookData /Users/adamkz/look/build/release-signed/DerivedData/Build/Products/Release/LookData.framework/LookData

SymLink /Users/adamkz/look/build/release-signed/DerivedData/Build/Products/Release/LookData.framework/Headers Versions/Current/Headers (in target 'LookData' from project 'Look')
    cd /Users/adamkz/look
    /bin/ln -sfh Versions/Current/Headers /Users/adamkz/look/build/release-signed/DerivedData/Build/Products/Release/LookData.framework/Headers

MkDir /Users/adamkz/look/build/release-signed/DerivedData/Build/Products/Release/LookData.framework/Versions/A/Resources (in target 'LookData' from project 'Look')
    cd /Users/adamkz/look
    /bin/mkdir -p /Users/adamkz/look/build/release-signed/DerivedData/Build/Products/Release/LookData.framework/Versions/A/Resources

MkDir /Users/adamkz/look/build/release-signed/DerivedData/Build/Products/Release/LookData.framework/Versions/A/Headers (in target 'LookData' from project 'Look')
    cd /Users/adamkz/look
    /bin/mkdir -p /Users/adamkz/look/build/release-signed/DerivedData/Build/Products/Release/LookData.framework/Versions/A/Headers

MkDir /Users/adamkz/look/build/release-signed/DerivedData/Build/Products/Release/LookData.framework/Versions/A (in target 'LookData' from project 'Look')
    cd /Users/adamkz/look
    /bin/mkdir -p /Users/adamkz/look/build/release-signed/DerivedData/Build/Products/Release/LookData.framework/Versions/A

MkDir /Users/adamkz/look/build/release-signed/DerivedData/Build/Products/Release/LookData.framework/Versions (in target 'LookData' from project 'Look')
    cd /Users/adamkz/look
    /bin/mkdir -p /Users/adamkz/look/build/release-signed/DerivedData/Build/Products/Release/LookData.framework/Versions

MkDir /Users/adamkz/look/build/release-signed/DerivedData/Build/Products/Release/LookData.framework (in target 'LookData' from project 'Look')
    cd /Users/adamkz/look
    /bin/mkdir -p /Users/adamkz/look/build/release-signed/DerivedData/Build/Products/Release/LookData.framework

WriteAuxiliaryFile /Users/adamkz/look/build/release-signed/DerivedData/Build/Intermediates.noindex/Look.build/Release/LookAutomation.build/module.modulemap (in target 'LookAutomation' from project 'Look')
    cd /Users/adamkz/look
    write-file /Users/adamkz/look/build/release-signed/DerivedData/Build/Intermediates.noindex/Look.build/Release/LookAutomation.build/module.modulemap

WriteAuxiliaryFile /Users/adamkz/look/build/release-signed/DerivedData/Build/Intermediates.noindex/Look.build/Release/LookAutomation.build/empty-LookAutomation.plist (in target 'LookAutomation' from project 'Look')
    cd /Users/adamkz/look
    write-file /Users/adamkz/look/build/release-signed/DerivedData/Build/Intermediates.noindex/Look.build/Release/LookAutomation.build/empty-LookAutomation.plist

WriteAuxiliaryFile /Users/adamkz/look/build/release-signed/DerivedData/Build/Intermediates.noindex/Look.build/Release/LookAutomation.build/Objects-normal/arm64/LookAutomation_const_extract_protocols.json (in target 'LookAutomation' from project 'Look')
    cd /Users/adamkz/look
    write-file /Users/adamkz/look/build/release-signed/DerivedData/Build/Intermediates.noindex/Look.build/Release/LookAutomation.build/Objects-normal/arm64/LookAutomation_const_extract_protocols.json

WriteAuxiliaryFile /Users/adamkz/look/build/release-signed/DerivedData/Build/Intermediates.noindex/Look.build/Release/LookAutomation.build/Objects-normal/arm64/LookAutomation.SwiftFileList (in target 'LookAutomation' from project 'Look')
    cd /Users/adamkz/look
    write-file /Users/adamkz/look/build/release-signed/DerivedData/Build/Intermediates.noindex/Look.build/Release/LookAutomation.build/Objects-normal/arm64/LookAutomation.SwiftFileList

WriteAuxiliaryFile /Users/adamkz/look/build/release-signed/DerivedData/Build/Intermediates.noindex/Look.build/Release/LookAutomation.build/Objects-normal/arm64/LookAutomation.SwiftConstValuesFileList (in target 'LookAutomation' from project 'Look')
    cd /Users/adamkz/look
    write-file /Users/adamkz/look/build/release-signed/DerivedData/Build/Intermediates.noindex/Look.build/Release/LookAutomation.build/Objects-normal/arm64/LookAutomation.SwiftConstValuesFileList

WriteAuxiliaryFile /Users/adamkz/look/build/release-signed/DerivedData/Build/Intermediates.noindex/Look.build/Release/LookAutomation.build/Objects-normal/arm64/LookAutomation.LinkFileList (in target 'LookAutomation' from project 'Look')
    cd /Users/adamkz/look
    write-file /Users/adamkz/look/build/release-signed/DerivedData/Build/Intermediates.noindex/Look.build/Release/LookAutomation.build/Objects-normal/arm64/LookAutomation.LinkFileList

WriteAuxiliaryFile /Users/adamkz/look/build/release-signed/DerivedData/Build/Intermediates.noindex/Look.build/Release/LookAutomation.build/Objects-normal/arm64/LookAutomation-OutputFileMap.json (in target 'LookAutomation' from project 'Look')
    cd /Users/adamkz/look
    write-file /Users/adamkz/look/build/release-signed/DerivedData/Build/Intermediates.noindex/Look.build/Release/LookAutomation.build/Objects-normal/arm64/LookAutomation-OutputFileMap.json

WriteAuxiliaryFile /Users/adamkz/look/build/release-signed/DerivedData/Build/Intermediates.noindex/Look.build/Release/LookAutomation.build/Objects-normal/arm64/7187679823f38a2a940e0043cdf9d637-common-args.resp (in target 'LookAutomation' from project 'Look')
    cd /Users/adamkz/look
    write-file /Users/adamkz/look/build/release-signed/DerivedData/Build/Intermediates.noindex/Look.build/Release/LookAutomation.build/Objects-normal/arm64/7187679823f38a2a940e0043cdf9d637-common-args.resp
-target arm64-apple-macos14.0 '-std=gnu11' -fmodules -gmodules '-fmodules-cache-path=/Users/adamkz/look/build/release-signed/DerivedData/ModuleCache.noindex' '-fmodule-name=LookAutomation' -fpascal-strings -Os -fno-common -isysroot /Applications/Xcode.app/Contents/Developer/Platforms/MacOSX.platform/Developer/SDKs/MacOSX26.2.sdk -g -iquote /Users/adamkz/look/build/release-signed/DerivedData/Build/Intermediates.noindex/Look.build/Release/LookAutomation.build/LookAutomation-generated-files.hmap -I/Users/adamkz/look/build/release-signed/DerivedData/Build/Intermediates.noindex/Look.build/Release/LookAutomation.build/LookAutomation-own-target-headers.hmap -I/Users/adamkz/look/build/release-signed/DerivedData/Build/Intermediates.noindex/Look.build/Release/LookAutomation.build/LookAutomation-all-non-framework-target-headers.hmap -ivfsoverlay /Users/adamkz/look/build/release-signed/DerivedData/Build/Intermediates.noindex/Look.build/Release/Look-c3f0a56ea084f757df82bdf40cd5ab63-VFS/all-product-headers.yaml -iquote /Users/adamkz/look/build/release-signed/DerivedData/Build/Intermediates.noindex/Look.build/Release/LookAutomation.build/LookAutomation-project-headers.hmap -I/Users/adamkz/look/build/release-signed/DerivedData/Build/Products/Release/include -I/Users/adamkz/look/build/release-signed/DerivedData/Build/Intermediates.noindex/Look.build/Release/LookAutomation.build/DerivedSources-normal/arm64 -I/Users/adamkz/look/build/release-signed/DerivedData/Build/Intermediates.noindex/Look.build/Release/LookAutomation.build/DerivedSources/arm64 -I/Users/adamkz/look/build/release-signed/DerivedData/Build/Intermediates.noindex/Look.build/Release/LookAutomation.build/DerivedSources -F/Users/adamkz/look/build/release-signed/DerivedData/Build/Products/Release

WriteAuxiliaryFile /Users/adamkz/look/build/release-signed/DerivedData/Build/Intermediates.noindex/Look.build/Release/LookAutomation.build/LookAutomation.hmap (in target 'LookAutomation' from project 'Look')
    cd /Users/adamkz/look
    write-file /Users/adamkz/look/build/release-signed/DerivedData/Build/Intermediates.noindex/Look.build/Release/LookAutomation.build/LookAutomation.hmap

WriteAuxiliaryFile /Users/adamkz/look/build/release-signed/DerivedData/Build/Intermediates.noindex/Look.build/Release/LookAutomation.build/LookAutomation.DependencyStaticMetadataFileList (in target 'LookAutomation' from project 'Look')
    cd /Users/adamkz/look
    write-file /Users/adamkz/look/build/release-signed/DerivedData/Build/Intermediates.noindex/Look.build/Release/LookAutomation.build/LookAutomation.DependencyStaticMetadataFileList

WriteAuxiliaryFile /Users/adamkz/look/build/release-signed/DerivedData/Build/Intermediates.noindex/Look.build/Release/LookAutomation.build/LookAutomation.DependencyMetadataFileList (in target 'LookAutomation' from project 'Look')
    cd /Users/adamkz/look
    write-file /Users/adamkz/look/build/release-signed/DerivedData/Build/Intermediates.noindex/Look.build/Release/LookAutomation.build/LookAutomation.DependencyMetadataFileList

WriteAuxiliaryFile /Users/adamkz/look/build/release-signed/DerivedData/Build/Intermediates.noindex/Look.build/Release/LookAutomation.build/LookAutomation-own-target-headers.hmap (in target 'LookAutomation' from project 'Look')
    cd /Users/adamkz/look
    write-file /Users/adamkz/look/build/release-signed/DerivedData/Build/Intermediates.noindex/Look.build/Release/LookAutomation.build/LookAutomation-own-target-headers.hmap

WriteAuxiliaryFile /Users/adamkz/look/build/release-signed/DerivedData/Build/Intermediates.noindex/Look.build/Release/LookAutomation.build/LookAutomation-project-headers.hmap (in target 'LookAutomation' from project 'Look')
    cd /Users/adamkz/look
    write-file /Users/adamkz/look/build/release-signed/DerivedData/Build/Intermediates.noindex/Look.build/Release/LookAutomation.build/LookAutomation-project-headers.hmap

WriteAuxiliaryFile /Users/adamkz/look/build/release-signed/DerivedData/Build/Intermediates.noindex/Look.build/Release/LookAutomation.build/LookAutomation-generated-files.hmap (in target 'LookAutomation' from project 'Look')
    cd /Users/adamkz/look
    write-file /Users/adamkz/look/build/release-signed/DerivedData/Build/Intermediates.noindex/Look.build/Release/LookAutomation.build/LookAutomation-generated-files.hmap

WriteAuxiliaryFile /Users/adamkz/look/build/release-signed/DerivedData/Build/Intermediates.noindex/Look.build/Release/LookAutomation.build/LookAutomation-diagnostic-filename-map.json (in target 'LookAutomation' from project 'Look')
    cd /Users/adamkz/look
    write-file /Users/adamkz/look/build/release-signed/DerivedData/Build/Intermediates.noindex/Look.build/Release/LookAutomation.build/LookAutomation-diagnostic-filename-map.json

WriteAuxiliaryFile /Users/adamkz/look/build/release-signed/DerivedData/Build/Intermediates.noindex/Look.build/Release/LookAutomation.build/LookAutomation-all-target-headers.hmap (in target 'LookAutomation' from project 'Look')
    cd /Users/adamkz/look
    write-file /Users/adamkz/look/build/release-signed/DerivedData/Build/Intermediates.noindex/Look.build/Release/LookAutomation.build/LookAutomation-all-target-headers.hmap

WriteAuxiliaryFile /Users/adamkz/look/build/release-signed/DerivedData/Build/Intermediates.noindex/Look.build/Release/LookAutomation.build/LookAutomation-all-non-framework-target-headers.hmap (in target 'LookAutomation' from project 'Look')
    cd /Users/adamkz/look
    write-file /Users/adamkz/look/build/release-signed/DerivedData/Build/Intermediates.noindex/Look.build/Release/LookAutomation.build/LookAutomation-all-non-framework-target-headers.hmap

WriteAuxiliaryFile /Users/adamkz/look/build/release-signed/DerivedData/Build/Intermediates.noindex/Look.build/Release/LookAutomation.build/DerivedSources/LookAutomation_vers.c (in target 'LookAutomation' from project 'Look')
    cd /Users/adamkz/look
    write-file /Users/adamkz/look/build/release-signed/DerivedData/Build/Intermediates.noindex/Look.build/Release/LookAutomation.build/DerivedSources/LookAutomation_vers.c

Copy /Users/adamkz/look/build/release-signed/DerivedData/Build/Products/Release/LookAutomation.framework/Versions/A/Modules/module.modulemap /Users/adamkz/look/build/release-signed/DerivedData/Build/Intermediates.noindex/Look.build/Release/LookAutomation.build/module.modulemap (in target 'LookAutomation' from project 'Look')
    cd /Users/adamkz/look
    builtin-copy -exclude .DS_Store -exclude CVS -exclude .svn -exclude .git -exclude .hg -resolve-src-symlinks /Users/adamkz/look/build/release-signed/DerivedData/Build/Intermediates.noindex/Look.build/Release/LookAutomation.build/module.modulemap /Users/adamkz/look/build/release-signed/DerivedData/Build/Products/Release/LookAutomation.framework/Versions/A/Modules

WriteAuxiliaryFile /Users/adamkz/look/build/release-signed/DerivedData/Build/Intermediates.noindex/Look.build/Release/LookApp.build/Objects-normal/arm64/LookApp.SwiftFileList (in target 'LookApp' from project 'Look')
    cd /Users/adamkz/look
    write-file /Users/adamkz/look/build/release-signed/DerivedData/Build/Intermediates.noindex/Look.build/Release/LookApp.build/Objects-normal/arm64/LookApp.SwiftFileList

WriteAuxiliaryFile /Users/adamkz/look/build/release-signed/DerivedData/Build/Intermediates.noindex/Look.build/Release/LookApp.build/Objects-normal/arm64/LookApp_const_extract_protocols.json (in target 'LookApp' from project 'Look')
    cd /Users/adamkz/look
    write-file /Users/adamkz/look/build/release-signed/DerivedData/Build/Intermediates.noindex/Look.build/Release/LookApp.build/Objects-normal/arm64/LookApp_const_extract_protocols.json

WriteAuxiliaryFile /Users/adamkz/look/build/release-signed/DerivedData/Build/Intermediates.noindex/Look.build/Release/LookApp.build/Objects-normal/arm64/LookApp.SwiftConstValuesFileList (in target 'LookApp' from project 'Look')
    cd /Users/adamkz/look
    write-file /Users/adamkz/look/build/release-signed/DerivedData/Build/Intermediates.noindex/Look.build/Release/LookApp.build/Objects-normal/arm64/LookApp.SwiftConstValuesFileList

WriteAuxiliaryFile /Users/adamkz/look/build/release-signed/DerivedData/Build/Intermediates.noindex/Look.build/Release/LookApp.build/Objects-normal/arm64/LookApp.LinkFileList (in target 'LookApp' from project 'Look')
    cd /Users/adamkz/look
    write-file /Users/adamkz/look/build/release-signed/DerivedData/Build/Intermediates.noindex/Look.build/Release/LookApp.build/Objects-normal/arm64/LookApp.LinkFileList

WriteAuxiliaryFile /Users/adamkz/look/build/release-signed/DerivedData/Build/Intermediates.noindex/Look.build/Release/LookApp.build/Objects-normal/arm64/LookApp-OutputFileMap.json (in target 'LookApp' from project 'Look')
    cd /Users/adamkz/look
    write-file /Users/adamkz/look/build/release-signed/DerivedData/Build/Intermediates.noindex/Look.build/Release/LookApp.build/Objects-normal/arm64/LookApp-OutputFileMap.json

WriteAuxiliaryFile /Users/adamkz/look/build/release-signed/DerivedData/Build/Intermediates.noindex/Look.build/Release/LookApp.build/LookApp.hmap (in target 'LookApp' from project 'Look')
    cd /Users/adamkz/look
    write-file /Users/adamkz/look/build/release-signed/DerivedData/Build/Intermediates.noindex/Look.build/Release/LookApp.build/LookApp.hmap

WriteAuxiliaryFile /Users/adamkz/look/build/release-signed/DerivedData/Build/Intermediates.noindex/Look.build/Release/LookApp.build/LookApp.DependencyStaticMetadataFileList (in target 'LookApp' from project 'Look')
    cd /Users/adamkz/look
    write-file /Users/adamkz/look/build/release-signed/DerivedData/Build/Intermediates.noindex/Look.build/Release/LookApp.build/LookApp.DependencyStaticMetadataFileList

WriteAuxiliaryFile /Users/adamkz/look/build/release-signed/DerivedData/Build/Intermediates.noindex/Look.build/Release/LookApp.build/LookApp.DependencyMetadataFileList (in target 'LookApp' from project 'Look')
    cd /Users/adamkz/look
    write-file /Users/adamkz/look/build/release-signed/DerivedData/Build/Intermediates.noindex/Look.build/Release/LookApp.build/LookApp.DependencyMetadataFileList

WriteAuxiliaryFile /Users/adamkz/look/build/release-signed/DerivedData/Build/Intermediates.noindex/Look.build/Release/LookApp.build/LookApp-project-headers.hmap (in target 'LookApp' from project 'Look')
    cd /Users/adamkz/look
    write-file /Users/adamkz/look/build/release-signed/DerivedData/Build/Intermediates.noindex/Look.build/Release/LookApp.build/LookApp-project-headers.hmap

WriteAuxiliaryFile /Users/adamkz/look/build/release-signed/DerivedData/Build/Intermediates.noindex/Look.build/Release/LookApp.build/LookApp-own-target-headers.hmap (in target 'LookApp' from project 'Look')
    cd /Users/adamkz/look
    write-file /Users/adamkz/look/build/release-signed/DerivedData/Build/Intermediates.noindex/Look.build/Release/LookApp.build/LookApp-own-target-headers.hmap

WriteAuxiliaryFile /Users/adamkz/look/build/release-signed/DerivedData/Build/Intermediates.noindex/Look.build/Release/LookApp.build/LookApp-generated-files.hmap (in target 'LookApp' from project 'Look')
    cd /Users/adamkz/look
    write-file /Users/adamkz/look/build/release-signed/DerivedData/Build/Intermediates.noindex/Look.build/Release/LookApp.build/LookApp-generated-files.hmap

WriteAuxiliaryFile /Users/adamkz/look/build/release-signed/DerivedData/Build/Intermediates.noindex/Look.build/Release/LookApp.build/LookApp-all-target-headers.hmap (in target 'LookApp' from project 'Look')
    cd /Users/adamkz/look
    write-file /Users/adamkz/look/build/release-signed/DerivedData/Build/Intermediates.noindex/Look.build/Release/LookApp.build/LookApp-all-target-headers.hmap

WriteAuxiliaryFile /Users/adamkz/look/build/release-signed/DerivedData/Build/Intermediates.noindex/Look.build/Release/LookApp.build/LookApp-all-non-framework-target-headers.hmap (in target 'LookApp' from project 'Look')
    cd /Users/adamkz/look
    write-file /Users/adamkz/look/build/release-signed/DerivedData/Build/Intermediates.noindex/Look.build/Release/LookApp.build/LookApp-all-non-framework-target-headers.hmap

WriteAuxiliaryFile /Users/adamkz/look/build/release-signed/DerivedData/Build/Intermediates.noindex/Look.build/Release/LookApp.build/DerivedSources/Entitlements.plist (in target 'LookApp' from project 'Look')
    cd /Users/adamkz/look
    write-file /Users/adamkz/look/build/release-signed/DerivedData/Build/Intermediates.noindex/Look.build/Release/LookApp.build/DerivedSources/Entitlements.plist

SymLink /Users/adamkz/look/build/release-signed/DerivedData/Build/Products/Release/LookAutomation.framework/Versions/Current A (in target 'LookAutomation' from project 'Look')
    cd /Users/adamkz/look
    /bin/ln -sfh A /Users/adamkz/look/build/release-signed/DerivedData/Build/Products/Release/LookAutomation.framework/Versions/Current

SymLink /Users/adamkz/look/build/release-signed/DerivedData/Build/Products/Release/LookAutomation.framework/Resources Versions/Current/Resources (in target 'LookAutomation' from project 'Look')
    cd /Users/adamkz/look
    /bin/ln -sfh Versions/Current/Resources /Users/adamkz/look/build/release-signed/DerivedData/Build/Products/Release/LookAutomation.framework/Resources

SymLink /Users/adamkz/look/build/release-signed/DerivedData/Build/Products/Release/LookAutomation.framework/Modules Versions/Current/Modules (in target 'LookAutomation' from project 'Look')
    cd /Users/adamkz/look
    /bin/ln -sfh Versions/Current/Modules /Users/adamkz/look/build/release-signed/DerivedData/Build/Products/Release/LookAutomation.framework/Modules

SymLink /Users/adamkz/look/build/release-signed/DerivedData/Build/Products/Release/LookAutomation.framework/LookAutomation Versions/Current/LookAutomation (in target 'LookAutomation' from project 'Look')
    cd /Users/adamkz/look
    /bin/ln -sfh Versions/Current/LookAutomation /Users/adamkz/look/build/release-signed/DerivedData/Build/Products/Release/LookAutomation.framework/LookAutomation

SymLink /Users/adamkz/look/build/release-signed/DerivedData/Build/Products/Release/LookAutomation.framework/Headers Versions/Current/Headers (in target 'LookAutomation' from project 'Look')
    cd /Users/adamkz/look
    /bin/ln -sfh Versions/Current/Headers /Users/adamkz/look/build/release-signed/DerivedData/Build/Products/Release/LookAutomation.framework/Headers

MkDir /Users/adamkz/look/build/release-signed/DerivedData/Build/Products/Release/LookAutomation.framework/Versions/A/Resources (in target 'LookAutomation' from project 'Look')
    cd /Users/adamkz/look
    /bin/mkdir -p /Users/adamkz/look/build/release-signed/DerivedData/Build/Products/Release/LookAutomation.framework/Versions/A/Resources

MkDir /Users/adamkz/look/build/release-signed/DerivedData/Build/Products/Release/LookAutomation.framework/Versions/A/Headers (in target 'LookAutomation' from project 'Look')
    cd /Users/adamkz/look
    /bin/mkdir -p /Users/adamkz/look/build/release-signed/DerivedData/Build/Products/Release/LookAutomation.framework/Versions/A/Headers

MkDir /Users/adamkz/look/build/release-signed/DerivedData/Build/Products/Release/LookAutomation.framework/Versions/A (in target 'LookAutomation' from project 'Look')
    cd /Users/adamkz/look
    /bin/mkdir -p /Users/adamkz/look/build/release-signed/DerivedData/Build/Products/Release/LookAutomation.framework/Versions/A

MkDir /Users/adamkz/look/build/release-signed/DerivedData/Build/Products/Release/LookAutomation.framework/Versions (in target 'LookAutomation' from project 'Look')
    cd /Users/adamkz/look
    /bin/mkdir -p /Users/adamkz/look/build/release-signed/DerivedData/Build/Products/Release/LookAutomation.framework/Versions

MkDir /Users/adamkz/look/build/release-signed/DerivedData/Build/Products/Release/LookAutomation.framework (in target 'LookAutomation' from project 'Look')
    cd /Users/adamkz/look
    /bin/mkdir -p /Users/adamkz/look/build/release-signed/DerivedData/Build/Products/Release/LookAutomation.framework

MkDir /Users/adamkz/look/build/release-signed/DerivedData/Build/Products/Release/LookApp.app/Contents/Resources (in target 'LookApp' from project 'Look')
    cd /Users/adamkz/look
    /bin/mkdir -p /Users/adamkz/look/build/release-signed/DerivedData/Build/Products/Release/LookApp.app/Contents/Resources

MkDir /Users/adamkz/look/build/release-signed/DerivedData/Build/Products/Release/LookApp.app/Contents/MacOS (in target 'LookApp' from project 'Look')
    cd /Users/adamkz/look
    /bin/mkdir -p /Users/adamkz/look/build/release-signed/DerivedData/Build/Products/Release/LookApp.app/Contents/MacOS

MkDir /Users/adamkz/look/build/release-signed/DerivedData/Build/Products/Release/LookApp.app/Contents (in target 'LookApp' from project 'Look')
    cd /Users/adamkz/look
    /bin/mkdir -p /Users/adamkz/look/build/release-signed/DerivedData/Build/Products/Release/LookApp.app/Contents

MkDir /Users/adamkz/look/build/release-signed/DerivedData/Build/Products/Release/LookApp.app (in target 'LookApp' from project 'Look')
    cd /Users/adamkz/look
    /bin/mkdir -p /Users/adamkz/look/build/release-signed/DerivedData/Build/Products/Release/LookApp.app

ProcessInfoPlistFile /Users/adamkz/look/build/release-signed/DerivedData/Build/Products/Release/LookKit.framework/Versions/A/Resources/Info.plist /Users/adamkz/look/build/release-signed/DerivedData/Build/Intermediates.noindex/Look.build/Release/LookKit.build/empty-LookKit.plist (in target 'LookKit' from project 'Look')
    cd /Users/adamkz/look
    builtin-infoPlistUtility /Users/adamkz/look/build/release-signed/DerivedData/Build/Intermediates.noindex/Look.build/Release/LookKit.build/empty-LookKit.plist -producttype com.apple.product-type.framework -expandbuildsettings -platform macosx -o /Users/adamkz/look/build/release-signed/DerivedData/Build/Products/Release/LookKit.framework/Versions/A/Resources/Info.plist

ProcessInfoPlistFile /Users/adamkz/look/build/release-signed/DerivedData/Build/Products/Release/LookData.framework/Versions/A/Resources/Info.plist /Users/adamkz/look/build/release-signed/DerivedData/Build/Intermediates.noindex/Look.build/Release/LookData.build/empty-LookData.plist (in target 'LookData' from project 'Look')
    cd /Users/adamkz/look
    builtin-infoPlistUtility /Users/adamkz/look/build/release-signed/DerivedData/Build/Intermediates.noindex/Look.build/Release/LookData.build/empty-LookData.plist -producttype com.apple.product-type.framework -expandbuildsettings -platform macosx -o /Users/adamkz/look/build/release-signed/DerivedData/Build/Products/Release/LookData.framework/Versions/A/Resources/Info.plist

DataModelCompile /Users/adamkz/look/build/release-signed/DerivedData/Build/Products/Release/LookData.framework/Versions/A/Resources/ /Users/adamkz/look/Sources/LookData/Resources/LookModel.xcdatamodeld (in target 'LookData' from project 'Look')
    cd /Users/adamkz/look
    /Applications/Xcode.app/Contents/Developer/usr/bin/momc --sdkroot /Applications/Xcode.app/Contents/Developer/Platforms/MacOSX.platform/Developer/SDKs/MacOSX26.2.sdk --macosx-deployment-target 14.0 --module LookData /Users/adamkz/look/Sources/LookData/Resources/LookModel.xcdatamodeld /Users/adamkz/look/build/release-signed/DerivedData/Build/Products/Release/LookData.framework/Versions/A/Resources/
LookModel.xcdatamodel: note: Model LookModel version checksum: MZx1qe/UWZ6Ns/agxnuN5i8VYqUZmrfBrOiPOYwP3Mc=

ProcessInfoPlistFile /Users/adamkz/look/build/release-signed/DerivedData/Build/Products/Release/LookAutomation.framework/Versions/A/Resources/Info.plist /Users/adamkz/look/build/release-signed/DerivedData/Build/Intermediates.noindex/Look.build/Release/LookAutomation.build/empty-LookAutomation.plist (in target 'LookAutomation' from project 'Look')
    cd /Users/adamkz/look
    builtin-infoPlistUtility /Users/adamkz/look/build/release-signed/DerivedData/Build/Intermediates.noindex/Look.build/Release/LookAutomation.build/empty-LookAutomation.plist -producttype com.apple.product-type.framework -expandbuildsettings -platform macosx -o /Users/adamkz/look/build/release-signed/DerivedData/Build/Products/Release/LookAutomation.framework/Versions/A/Resources/Info.plist

DataModelCodegen /Users/adamkz/look/Sources/LookData/Resources/LookModel.xcdatamodeld (in target 'LookData' from project 'Look')
    cd /Users/adamkz/look
    /Applications/Xcode.app/Contents/Developer/usr/bin/momc --action generate --swift-version 5.9 --sdkroot /Applications/Xcode.app/Contents/Developer/Platforms/MacOSX.platform/Developer/SDKs/MacOSX26.2.sdk --macosx-deployment-target 14.0 --module LookData /Users/adamkz/look/Sources/LookData/Resources/LookModel.xcdatamodeld /Users/adamkz/look/build/release-signed/DerivedData/Build/Intermediates.noindex/Look.build/Release/LookData.build/DerivedSources/CoreDataGenerated/LookModel

SwiftDriver LookData normal arm64 com.apple.xcode.tools.swift.compiler (in target 'LookData' from project 'Look')
    cd /Users/adamkz/look
    builtin-SwiftDriver -- /Applications/Xcode.app/Contents/Developer/Toolchains/XcodeDefault.xctoolchain/usr/bin/swiftc -module-name LookData -O -whole-module-optimization -enforce-exclusivity\=checked @/Users/adamkz/look/build/release-signed/DerivedData/Build/Intermediates.noindex/Look.build/Release/LookData.build/Objects-normal/arm64/LookData.SwiftFileList -enable-bare-slash-regex -enable-experimental-feature DebugDescriptionMacro -sdk /Applications/Xcode.app/Contents/Developer/Platforms/MacOSX.platform/Developer/SDKs/MacOSX26.2.sdk -target arm64-apple-macos14.0 -g -module-cache-path /Users/adamkz/look/build/release-signed/DerivedData/ModuleCache.noindex -Xfrontend -serialize-debugging-options -swift-version 5 -I /Users/adamkz/look/build/release-signed/DerivedData/Build/Products/Release -F /Users/adamkz/look/build/release-signed/DerivedData/Build/Products/Release -emit-localized-strings -emit-localized-strings-path /Users/adamkz/look/build/release-signed/DerivedData/Build/Intermediates.noindex/Look.build/Release/LookData.build/Objects-normal/arm64 -c -num-threads 8 -Xcc -ivfsstatcache -Xcc /Users/adamkz/look/build/release-signed/DerivedData/SDKStatCaches.noindex/macosx26.2-25C57-00fa09913b459cbbc988d1f6730289ae.sdkstatcache -output-file-map /Users/adamkz/look/build/release-signed/DerivedData/Build/Intermediates.noindex/Look.build/Release/LookData.build/Objects-normal/arm64/LookData-OutputFileMap.json -use-frontend-parseable-output -save-temps -no-color-diagnostics -explicit-module-build -module-cache-path /Users/adamkz/look/build/release-signed/DerivedData/Build/Intermediates.noindex/SwiftExplicitPrecompiledModules -clang-scanner-module-cache-path /Users/adamkz/look/build/release-signed/DerivedData/ModuleCache.noindex -sdk-module-cache-path /Users/adamkz/look/build/release-signed/DerivedData/ModuleCache.noindex -serialize-diagnostics -emit-dependencies -emit-module -emit-module-path /Users/adamkz/look/build/release-signed/DerivedData/Build/Intermediates.noindex/Look.build/Release/LookData.build/Objects-normal/arm64/LookData.swiftmodule -validate-clang-modules-once -clang-build-session-file /Users/adamkz/look/build/release-signed/DerivedData/ModuleCache.noindex/Session.modulevalidation -Xcc -I/Users/adamkz/look/build/release-signed/DerivedData/Build/Intermediates.noindex/Look.build/Release/LookData.build/swift-overrides.hmap -emit-const-values -Xfrontend -const-gather-protocols-file -Xfrontend /Users/adamkz/look/build/release-signed/DerivedData/Build/Intermediates.noindex/Look.build/Release/LookData.build/Objects-normal/arm64/LookData_const_extract_protocols.json -Xcc -iquote -Xcc /Users/adamkz/look/build/release-signed/DerivedData/Build/Intermediates.noindex/Look.build/Release/LookData.build/LookData-generated-files.hmap -Xcc -I/Users/adamkz/look/build/release-signed/DerivedData/Build/Intermediates.noindex/Look.build/Release/LookData.build/LookData-own-target-headers.hmap -Xcc -I/Users/adamkz/look/build/release-signed/DerivedData/Build/Intermediates.noindex/Look.build/Release/LookData.build/LookData-all-non-framework-target-headers.hmap -Xcc -ivfsoverlay -Xcc /Users/adamkz/look/build/release-signed/DerivedData/Build/Intermediates.noindex/Look.build/Release/Look-c3f0a56ea084f757df82bdf40cd5ab63-VFS/all-product-headers.yaml -Xcc -iquote -Xcc /Users/adamkz/look/build/release-signed/DerivedData/Build/Intermediates.noindex/Look.build/Release/LookData.build/LookData-project-headers.hmap -Xcc -I/Users/adamkz/look/build/release-signed/DerivedData/Build/Products/Release/include -Xcc -I/Users/adamkz/look/build/release-signed/DerivedData/Build/Intermediates.noindex/Look.build/Release/LookData.build/DerivedSources-normal/arm64 -Xcc -I/Users/adamkz/look/build/release-signed/DerivedData/Build/Intermediates.noindex/Look.build/Release/LookData.build/DerivedSources/arm64 -Xcc -I/Users/adamkz/look/build/release-signed/DerivedData/Build/Intermediates.noindex/Look.build/Release/LookData.build/DerivedSources -emit-objc-header -emit-objc-header-path /Users/adamkz/look/build/release-signed/DerivedData/Build/Intermediates.noindex/Look.build/Release/LookData.build/Objects-normal/arm64/LookData-Swift.h -working-directory /Users/adamkz/look -no-emit-module-separately-wmo

SwiftDriver LookAutomation normal arm64 com.apple.xcode.tools.swift.compiler (in target 'LookAutomation' from project 'Look')
    cd /Users/adamkz/look
    builtin-SwiftDriver -- /Applications/Xcode.app/Contents/Developer/Toolchains/XcodeDefault.xctoolchain/usr/bin/swiftc -module-name LookAutomation -O -whole-module-optimization -enforce-exclusivity\=checked @/Users/adamkz/look/build/release-signed/DerivedData/Build/Intermediates.noindex/Look.build/Release/LookAutomation.build/Objects-normal/arm64/LookAutomation.SwiftFileList -enable-bare-slash-regex -enable-experimental-feature DebugDescriptionMacro -sdk /Applications/Xcode.app/Contents/Developer/Platforms/MacOSX.platform/Developer/SDKs/MacOSX26.2.sdk -target arm64-apple-macos14.0 -g -module-cache-path /Users/adamkz/look/build/release-signed/DerivedData/ModuleCache.noindex -Xfrontend -serialize-debugging-options -swift-version 5 -I /Users/adamkz/look/build/release-signed/DerivedData/Build/Products/Release -F /Users/adamkz/look/build/release-signed/DerivedData/Build/Products/Release -emit-localized-strings -emit-localized-strings-path /Users/adamkz/look/build/release-signed/DerivedData/Build/Intermediates.noindex/Look.build/Release/LookAutomation.build/Objects-normal/arm64 -c -num-threads 8 -Xcc -ivfsstatcache -Xcc /Users/adamkz/look/build/release-signed/DerivedData/SDKStatCaches.noindex/macosx26.2-25C57-00fa09913b459cbbc988d1f6730289ae.sdkstatcache -output-file-map /Users/adamkz/look/build/release-signed/DerivedData/Build/Intermediates.noindex/Look.build/Release/LookAutomation.build/Objects-normal/arm64/LookAutomation-OutputFileMap.json -use-frontend-parseable-output -save-temps -no-color-diagnostics -explicit-module-build -module-cache-path /Users/adamkz/look/build/release-signed/DerivedData/Build/Intermediates.noindex/SwiftExplicitPrecompiledModules -clang-scanner-module-cache-path /Users/adamkz/look/build/release-signed/DerivedData/ModuleCache.noindex -sdk-module-cache-path /Users/adamkz/look/build/release-signed/DerivedData/ModuleCache.noindex -serialize-diagnostics -emit-dependencies -emit-module -emit-module-path /Users/adamkz/look/build/release-signed/DerivedData/Build/Intermediates.noindex/Look.build/Release/LookAutomation.build/Objects-normal/arm64/LookAutomation.swiftmodule -validate-clang-modules-once -clang-build-session-file /Users/adamkz/look/build/release-signed/DerivedData/ModuleCache.noindex/Session.modulevalidation -Xcc -I/Users/adamkz/look/build/release-signed/DerivedData/Build/Intermediates.noindex/Look.build/Release/LookAutomation.build/swift-overrides.hmap -emit-const-values -Xfrontend -const-gather-protocols-file -Xfrontend /Users/adamkz/look/build/release-signed/DerivedData/Build/Intermediates.noindex/Look.build/Release/LookAutomation.build/Objects-normal/arm64/LookAutomation_const_extract_protocols.json -Xcc -iquote -Xcc /Users/adamkz/look/build/release-signed/DerivedData/Build/Intermediates.noindex/Look.build/Release/LookAutomation.build/LookAutomation-generated-files.hmap -Xcc -I/Users/adamkz/look/build/release-signed/DerivedData/Build/Intermediates.noindex/Look.build/Release/LookAutomation.build/LookAutomation-own-target-headers.hmap -Xcc -I/Users/adamkz/look/build/release-signed/DerivedData/Build/Intermediates.noindex/Look.build/Release/LookAutomation.build/LookAutomation-all-non-framework-target-headers.hmap -Xcc -ivfsoverlay -Xcc /Users/adamkz/look/build/release-signed/DerivedData/Build/Intermediates.noindex/Look.build/Release/Look-c3f0a56ea084f757df82bdf40cd5ab63-VFS/all-product-headers.yaml -Xcc -iquote -Xcc /Users/adamkz/look/build/release-signed/DerivedData/Build/Intermediates.noindex/Look.build/Release/LookAutomation.build/LookAutomation-project-headers.hmap -Xcc -I/Users/adamkz/look/build/release-signed/DerivedData/Build/Products/Release/include -Xcc -I/Users/adamkz/look/build/release-signed/DerivedData/Build/Intermediates.noindex/Look.build/Release/LookAutomation.build/DerivedSources-normal/arm64 -Xcc -I/Users/adamkz/look/build/release-signed/DerivedData/Build/Intermediates.noindex/Look.build/Release/LookAutomation.build/DerivedSources/arm64 -Xcc -I/Users/adamkz/look/build/release-signed/DerivedData/Build/Intermediates.noindex/Look.build/Release/LookAutomation.build/DerivedSources -emit-objc-header -emit-objc-header-path /Users/adamkz/look/build/release-signed/DerivedData/Build/Intermediates.noindex/Look.build/Release/LookAutomation.build/Objects-normal/arm64/LookAutomation-Swift.h -working-directory /Users/adamkz/look -no-emit-module-separately-wmo

SwiftDriver LookKit normal arm64 com.apple.xcode.tools.swift.compiler (in target 'LookKit' from project 'Look')
    cd /Users/adamkz/look
    builtin-SwiftDriver -- /Applications/Xcode.app/Contents/Developer/Toolchains/XcodeDefault.xctoolchain/usr/bin/swiftc -module-name LookKit -O -whole-module-optimization -enforce-exclusivity\=checked @/Users/adamkz/look/build/release-signed/DerivedData/Build/Intermediates.noindex/Look.build/Release/LookKit.build/Objects-normal/arm64/LookKit.SwiftFileList -enable-bare-slash-regex -enable-experimental-feature DebugDescriptionMacro -sdk /Applications/Xcode.app/Contents/Developer/Platforms/MacOSX.platform/Developer/SDKs/MacOSX26.2.sdk -target arm64-apple-macos14.0 -g -module-cache-path /Users/adamkz/look/build/release-signed/DerivedData/ModuleCache.noindex -Xfrontend -serialize-debugging-options -swift-version 5 -I /Users/adamkz/look/build/release-signed/DerivedData/Build/Products/Release -F /Users/adamkz/look/build/release-signed/DerivedData/Build/Products/Release -emit-localized-strings -emit-localized-strings-path /Users/adamkz/look/build/release-signed/DerivedData/Build/Intermediates.noindex/Look.build/Release/LookKit.build/Objects-normal/arm64 -c -num-threads 8 -Xcc -ivfsstatcache -Xcc /Users/adamkz/look/build/release-signed/DerivedData/SDKStatCaches.noindex/macosx26.2-25C57-00fa09913b459cbbc988d1f6730289ae.sdkstatcache -output-file-map /Users/adamkz/look/build/release-signed/DerivedData/Build/Intermediates.noindex/Look.build/Release/LookKit.build/Objects-normal/arm64/LookKit-OutputFileMap.json -use-frontend-parseable-output -save-temps -no-color-diagnostics -explicit-module-build -module-cache-path /Users/adamkz/look/build/release-signed/DerivedData/Build/Intermediates.noindex/SwiftExplicitPrecompiledModules -clang-scanner-module-cache-path /Users/adamkz/look/build/release-signed/DerivedData/ModuleCache.noindex -sdk-module-cache-path /Users/adamkz/look/build/release-signed/DerivedData/ModuleCache.noindex -serialize-diagnostics -emit-dependencies -emit-module -emit-module-path /Users/adamkz/look/build/release-signed/DerivedData/Build/Intermediates.noindex/Look.build/Release/LookKit.build/Objects-normal/arm64/LookKit.swiftmodule -validate-clang-modules-once -clang-build-session-file /Users/adamkz/look/build/release-signed/DerivedData/ModuleCache.noindex/Session.modulevalidation -Xcc -I/Users/adamkz/look/build/release-signed/DerivedData/Build/Intermediates.noindex/Look.build/Release/LookKit.build/swift-overrides.hmap -emit-const-values -Xfrontend -const-gather-protocols-file -Xfrontend /Users/adamkz/look/build/release-signed/DerivedData/Build/Intermediates.noindex/Look.build/Release/LookKit.build/Objects-normal/arm64/LookKit_const_extract_protocols.json -Xcc -iquote -Xcc /Users/adamkz/look/build/release-signed/DerivedData/Build/Intermediates.noindex/Look.build/Release/LookKit.build/LookKit-generated-files.hmap -Xcc -I/Users/adamkz/look/build/release-signed/DerivedData/Build/Intermediates.noindex/Look.build/Release/LookKit.build/LookKit-own-target-headers.hmap -Xcc -I/Users/adamkz/look/build/release-signed/DerivedData/Build/Intermediates.noindex/Look.build/Release/LookKit.build/LookKit-all-non-framework-target-headers.hmap -Xcc -ivfsoverlay -Xcc /Users/adamkz/look/build/release-signed/DerivedData/Build/Intermediates.noindex/Look.build/Release/Look-c3f0a56ea084f757df82bdf40cd5ab63-VFS/all-product-headers.yaml -Xcc -iquote -Xcc /Users/adamkz/look/build/release-signed/DerivedData/Build/Intermediates.noindex/Look.build/Release/LookKit.build/LookKit-project-headers.hmap -Xcc -I/Users/adamkz/look/build/release-signed/DerivedData/Build/Products/Release/include -Xcc -I/Users/adamkz/look/build/release-signed/DerivedData/Build/Intermediates.noindex/Look.build/Release/LookKit.build/DerivedSources-normal/arm64 -Xcc -I/Users/adamkz/look/build/release-signed/DerivedData/Build/Intermediates.noindex/Look.build/Release/LookKit.build/DerivedSources/arm64 -Xcc -I/Users/adamkz/look/build/release-signed/DerivedData/Build/Intermediates.noindex/Look.build/Release/LookKit.build/DerivedSources -emit-objc-header -emit-objc-header-path /Users/adamkz/look/build/release-signed/DerivedData/Build/Intermediates.noindex/Look.build/Release/LookKit.build/Objects-normal/arm64/LookKit-Swift.h -working-directory /Users/adamkz/look -no-emit-module-separately-wmo

SwiftDriver\ Compilation LookAutomation normal arm64 com.apple.xcode.tools.swift.compiler (in target 'LookAutomation' from project 'Look')
    cd /Users/adamkz/look
    builtin-Swift-Compilation -- /Applications/Xcode.app/Contents/Developer/Toolchains/XcodeDefault.xctoolchain/usr/bin/swiftc -module-name LookAutomation -O -whole-module-optimization -enforce-exclusivity\=checked @/Users/adamkz/look/build/release-signed/DerivedData/Build/Intermediates.noindex/Look.build/Release/LookAutomation.build/Objects-normal/arm64/LookAutomation.SwiftFileList -enable-bare-slash-regex -enable-experimental-feature DebugDescriptionMacro -sdk /Applications/Xcode.app/Contents/Developer/Platforms/MacOSX.platform/Developer/SDKs/MacOSX26.2.sdk -target arm64-apple-macos14.0 -g -module-cache-path /Users/adamkz/look/build/release-signed/DerivedData/ModuleCache.noindex -Xfrontend -serialize-debugging-options -swift-version 5 -I /Users/adamkz/look/build/release-signed/DerivedData/Build/Products/Release -F /Users/adamkz/look/build/release-signed/DerivedData/Build/Products/Release -emit-localized-strings -emit-localized-strings-path /Users/adamkz/look/build/release-signed/DerivedData/Build/Intermediates.noindex/Look.build/Release/LookAutomation.build/Objects-normal/arm64 -c -num-threads 8 -Xcc -ivfsstatcache -Xcc /Users/adamkz/look/build/release-signed/DerivedData/SDKStatCaches.noindex/macosx26.2-25C57-00fa09913b459cbbc988d1f6730289ae.sdkstatcache -output-file-map /Users/adamkz/look/build/release-signed/DerivedData/Build/Intermediates.noindex/Look.build/Release/LookAutomation.build/Objects-normal/arm64/LookAutomation-OutputFileMap.json -use-frontend-parseable-output -save-temps -no-color-diagnostics -explicit-module-build -module-cache-path /Users/adamkz/look/build/release-signed/DerivedData/Build/Intermediates.noindex/SwiftExplicitPrecompiledModules -clang-scanner-module-cache-path /Users/adamkz/look/build/release-signed/DerivedData/ModuleCache.noindex -sdk-module-cache-path /Users/adamkz/look/build/release-signed/DerivedData/ModuleCache.noindex -serialize-diagnostics -emit-dependencies -emit-module -emit-module-path /Users/adamkz/look/build/release-signed/DerivedData/Build/Intermediates.noindex/Look.build/Release/LookAutomation.build/Objects-normal/arm64/LookAutomation.swiftmodule -validate-clang-modules-once -clang-build-session-file /Users/adamkz/look/build/release-signed/DerivedData/ModuleCache.noindex/Session.modulevalidation -Xcc -I/Users/adamkz/look/build/release-signed/DerivedData/Build/Intermediates.noindex/Look.build/Release/LookAutomation.build/swift-overrides.hmap -emit-const-values -Xfrontend -const-gather-protocols-file -Xfrontend /Users/adamkz/look/build/release-signed/DerivedData/Build/Intermediates.noindex/Look.build/Release/LookAutomation.build/Objects-normal/arm64/LookAutomation_const_extract_protocols.json -Xcc -iquote -Xcc /Users/adamkz/look/build/release-signed/DerivedData/Build/Intermediates.noindex/Look.build/Release/LookAutomation.build/LookAutomation-generated-files.hmap -Xcc -I/Users/adamkz/look/build/release-signed/DerivedData/Build/Intermediates.noindex/Look.build/Release/LookAutomation.build/LookAutomation-own-target-headers.hmap -Xcc -I/Users/adamkz/look/build/release-signed/DerivedData/Build/Intermediates.noindex/Look.build/Release/LookAutomation.build/LookAutomation-all-non-framework-target-headers.hmap -Xcc -ivfsoverlay -Xcc /Users/adamkz/look/build/release-signed/DerivedData/Build/Intermediates.noindex/Look.build/Release/Look-c3f0a56ea084f757df82bdf40cd5ab63-VFS/all-product-headers.yaml -Xcc -iquote -Xcc /Users/adamkz/look/build/release-signed/DerivedData/Build/Intermediates.noindex/Look.build/Release/LookAutomation.build/LookAutomation-project-headers.hmap -Xcc -I/Users/adamkz/look/build/release-signed/DerivedData/Build/Products/Release/include -Xcc -I/Users/adamkz/look/build/release-signed/DerivedData/Build/Intermediates.noindex/Look.build/Release/LookAutomation.build/DerivedSources-normal/arm64 -Xcc -I/Users/adamkz/look/build/release-signed/DerivedData/Build/Intermediates.noindex/Look.build/Release/LookAutomation.build/DerivedSources/arm64 -Xcc -I/Users/adamkz/look/build/release-signed/DerivedData/Build/Intermediates.noindex/Look.build/Release/LookAutomation.build/DerivedSources -emit-objc-header -emit-objc-header-path /Users/adamkz/look/build/release-signed/DerivedData/Build/Intermediates.noindex/Look.build/Release/LookAutomation.build/Objects-normal/arm64/LookAutomation-Swift.h -working-directory /Users/adamkz/look -no-emit-module-separately-wmo

SwiftExplicitDependencyGeneratePcm arm64 /Users/adamkz/look/build/release-signed/DerivedData/ModuleCache.noindex/_SwiftConcurrencyShims-95ITI2VHLQMF5IYZYA1RFI3WO.pcm

SwiftExplicitDependencyGeneratePcm arm64 /Users/adamkz/look/build/release-signed/DerivedData/ModuleCache.noindex/_Builtin_stdbool-EIPABQT0G0AJ9UUW48DH5ROXB.pcm

SwiftExplicitDependencyGeneratePcm arm64 /Users/adamkz/look/build/release-signed/DerivedData/ModuleCache.noindex/ptrcheck-8ZA1FKYPOIF39BVX4I5MYSKJR.pcm

SwiftExplicitDependencyGeneratePcm arm64 /Users/adamkz/look/build/release-signed/DerivedData/ModuleCache.noindex/_Builtin_stdarg-EKXMAU59G2O5UJ1D1C1LB97D8.pcm

SwiftExplicitDependencyGeneratePcm arm64 /Users/adamkz/look/build/release-signed/DerivedData/ModuleCache.noindex/_Builtin_float-AVX9XNB8TPLILDMGLVXRCVW62.pcm

SwiftExplicitDependencyGeneratePcm arm64 /Users/adamkz/look/build/release-signed/DerivedData/ModuleCache.noindex/ptrauth-4XZJVD4C2IRYHV7TYB7ERRAMQ.pcm

SwiftExplicitDependencyGeneratePcm arm64 /Users/adamkz/look/build/release-signed/DerivedData/ModuleCache.noindex/_Builtin_stddef-5J29G905D7QKKQ1V26WT6X2T7.pcm

SwiftExplicitDependencyGeneratePcm arm64 /Users/adamkz/look/build/release-signed/DerivedData/ModuleCache.noindex/_AvailabilityInternal-425JT0X59YAOWC8O1B83GNACH.pcm

SwiftExplicitDependencyGeneratePcm arm64 /Users/adamkz/look/build/release-signed/DerivedData/ModuleCache.noindex/DeveloperToolsSupport-9PYEX437LNP27J3844CO2BCUS.pcm

SwiftExplicitDependencyGeneratePcm arm64 /Users/adamkz/look/build/release-signed/DerivedData/ModuleCache.noindex/SwiftShims-5Y5KMT579CPTOP1VACOBMWIEJ.pcm

SwiftDriver\ Compilation LookData normal arm64 com.apple.xcode.tools.swift.compiler (in target 'LookData' from project 'Look')
    cd /Users/adamkz/look
    builtin-Swift-Compilation -- /Applications/Xcode.app/Contents/Developer/Toolchains/XcodeDefault.xctoolchain/usr/bin/swiftc -module-name LookData -O -whole-module-optimization -enforce-exclusivity\=checked @/Users/adamkz/look/build/release-signed/DerivedData/Build/Intermediates.noindex/Look.build/Release/LookData.build/Objects-normal/arm64/LookData.SwiftFileList -enable-bare-slash-regex -enable-experimental-feature DebugDescriptionMacro -sdk /Applications/Xcode.app/Contents/Developer/Platforms/MacOSX.platform/Developer/SDKs/MacOSX26.2.sdk -target arm64-apple-macos14.0 -g -module-cache-path /Users/adamkz/look/build/release-signed/DerivedData/ModuleCache.noindex -Xfrontend -serialize-debugging-options -swift-version 5 -I /Users/adamkz/look/build/release-signed/DerivedData/Build/Products/Release -F /Users/adamkz/look/build/release-signed/DerivedData/Build/Products/Release -emit-localized-strings -emit-localized-strings-path /Users/adamkz/look/build/release-signed/DerivedData/Build/Intermediates.noindex/Look.build/Release/LookData.build/Objects-normal/arm64 -c -num-threads 8 -Xcc -ivfsstatcache -Xcc /Users/adamkz/look/build/release-signed/DerivedData/SDKStatCaches.noindex/macosx26.2-25C57-00fa09913b459cbbc988d1f6730289ae.sdkstatcache -output-file-map /Users/adamkz/look/build/release-signed/DerivedData/Build/Intermediates.noindex/Look.build/Release/LookData.build/Objects-normal/arm64/LookData-OutputFileMap.json -use-frontend-parseable-output -save-temps -no-color-diagnostics -explicit-module-build -module-cache-path /Users/adamkz/look/build/release-signed/DerivedData/Build/Intermediates.noindex/SwiftExplicitPrecompiledModules -clang-scanner-module-cache-path /Users/adamkz/look/build/release-signed/DerivedData/ModuleCache.noindex -sdk-module-cache-path /Users/adamkz/look/build/release-signed/DerivedData/ModuleCache.noindex -serialize-diagnostics -emit-dependencies -emit-module -emit-module-path /Users/adamkz/look/build/release-signed/DerivedData/Build/Intermediates.noindex/Look.build/Release/LookData.build/Objects-normal/arm64/LookData.swiftmodule -validate-clang-modules-once -clang-build-session-file /Users/adamkz/look/build/release-signed/DerivedData/ModuleCache.noindex/Session.modulevalidation -Xcc -I/Users/adamkz/look/build/release-signed/DerivedData/Build/Intermediates.noindex/Look.build/Release/LookData.build/swift-overrides.hmap -emit-const-values -Xfrontend -const-gather-protocols-file -Xfrontend /Users/adamkz/look/build/release-signed/DerivedData/Build/Intermediates.noindex/Look.build/Release/LookData.build/Objects-normal/arm64/LookData_const_extract_protocols.json -Xcc -iquote -Xcc /Users/adamkz/look/build/release-signed/DerivedData/Build/Intermediates.noindex/Look.build/Release/LookData.build/LookData-generated-files.hmap -Xcc -I/Users/adamkz/look/build/release-signed/DerivedData/Build/Intermediates.noindex/Look.build/Release/LookData.build/LookData-own-target-headers.hmap -Xcc -I/Users/adamkz/look/build/release-signed/DerivedData/Build/Intermediates.noindex/Look.build/Release/LookData.build/LookData-all-non-framework-target-headers.hmap -Xcc -ivfsoverlay -Xcc /Users/adamkz/look/build/release-signed/DerivedData/Build/Intermediates.noindex/Look.build/Release/Look-c3f0a56ea084f757df82bdf40cd5ab63-VFS/all-product-headers.yaml -Xcc -iquote -Xcc /Users/adamkz/look/build/release-signed/DerivedData/Build/Intermediates.noindex/Look.build/Release/LookData.build/LookData-project-headers.hmap -Xcc -I/Users/adamkz/look/build/release-signed/DerivedData/Build/Products/Release/include -Xcc -I/Users/adamkz/look/build/release-signed/DerivedData/Build/Intermediates.noindex/Look.build/Release/LookData.build/DerivedSources-normal/arm64 -Xcc -I/Users/adamkz/look/build/release-signed/DerivedData/Build/Intermediates.noindex/Look.build/Release/LookData.build/DerivedSources/arm64 -Xcc -I/Users/adamkz/look/build/release-signed/DerivedData/Build/Intermediates.noindex/Look.build/Release/LookData.build/DerivedSources -emit-objc-header -emit-objc-header-path /Users/adamkz/look/build/release-signed/DerivedData/Build/Intermediates.noindex/Look.build/Release/LookData.build/Objects-normal/arm64/LookData-Swift.h -working-directory /Users/adamkz/look -no-emit-module-separately-wmo

SwiftDriver\ Compilation LookKit normal arm64 com.apple.xcode.tools.swift.compiler (in target 'LookKit' from project 'Look')
    cd /Users/adamkz/look
    builtin-Swift-Compilation -- /Applications/Xcode.app/Contents/Developer/Toolchains/XcodeDefault.xctoolchain/usr/bin/swiftc -module-name LookKit -O -whole-module-optimization -enforce-exclusivity\=checked @/Users/adamkz/look/build/release-signed/DerivedData/Build/Intermediates.noindex/Look.build/Release/LookKit.build/Objects-normal/arm64/LookKit.SwiftFileList -enable-bare-slash-regex -enable-experimental-feature DebugDescriptionMacro -sdk /Applications/Xcode.app/Contents/Developer/Platforms/MacOSX.platform/Developer/SDKs/MacOSX26.2.sdk -target arm64-apple-macos14.0 -g -module-cache-path /Users/adamkz/look/build/release-signed/DerivedData/ModuleCache.noindex -Xfrontend -serialize-debugging-options -swift-version 5 -I /Users/adamkz/look/build/release-signed/DerivedData/Build/Products/Release -F /Users/adamkz/look/build/release-signed/DerivedData/Build/Products/Release -emit-localized-strings -emit-localized-strings-path /Users/adamkz/look/build/release-signed/DerivedData/Build/Intermediates.noindex/Look.build/Release/LookKit.build/Objects-normal/arm64 -c -num-threads 8 -Xcc -ivfsstatcache -Xcc /Users/adamkz/look/build/release-signed/DerivedData/SDKStatCaches.noindex/macosx26.2-25C57-00fa09913b459cbbc988d1f6730289ae.sdkstatcache -output-file-map /Users/adamkz/look/build/release-signed/DerivedData/Build/Intermediates.noindex/Look.build/Release/LookKit.build/Objects-normal/arm64/LookKit-OutputFileMap.json -use-frontend-parseable-output -save-temps -no-color-diagnostics -explicit-module-build -module-cache-path /Users/adamkz/look/build/release-signed/DerivedData/Build/Intermediates.noindex/SwiftExplicitPrecompiledModules -clang-scanner-module-cache-path /Users/adamkz/look/build/release-signed/DerivedData/ModuleCache.noindex -sdk-module-cache-path /Users/adamkz/look/build/release-signed/DerivedData/ModuleCache.noindex -serialize-diagnostics -emit-dependencies -emit-module -emit-module-path /Users/adamkz/look/build/release-signed/DerivedData/Build/Intermediates.noindex/Look.build/Release/LookKit.build/Objects-normal/arm64/LookKit.swiftmodule -validate-clang-modules-once -clang-build-session-file /Users/adamkz/look/build/release-signed/DerivedData/ModuleCache.noindex/Session.modulevalidation -Xcc -I/Users/adamkz/look/build/release-signed/DerivedData/Build/Intermediates.noindex/Look.build/Release/LookKit.build/swift-overrides.hmap -emit-const-values -Xfrontend -const-gather-protocols-file -Xfrontend /Users/adamkz/look/build/release-signed/DerivedData/Build/Intermediates.noindex/Look.build/Release/LookKit.build/Objects-normal/arm64/LookKit_const_extract_protocols.json -Xcc -iquote -Xcc /Users/adamkz/look/build/release-signed/DerivedData/Build/Intermediates.noindex/Look.build/Release/LookKit.build/LookKit-generated-files.hmap -Xcc -I/Users/adamkz/look/build/release-signed/DerivedData/Build/Intermediates.noindex/Look.build/Release/LookKit.build/LookKit-own-target-headers.hmap -Xcc -I/Users/adamkz/look/build/release-signed/DerivedData/Build/Intermediates.noindex/Look.build/Release/LookKit.build/LookKit-all-non-framework-target-headers.hmap -Xcc -ivfsoverlay -Xcc /Users/adamkz/look/build/release-signed/DerivedData/Build/Intermediates.noindex/Look.build/Release/Look-c3f0a56ea084f757df82bdf40cd5ab63-VFS/all-product-headers.yaml -Xcc -iquote -Xcc /Users/adamkz/look/build/release-signed/DerivedData/Build/Intermediates.noindex/Look.build/Release/LookKit.build/LookKit-project-headers.hmap -Xcc -I/Users/adamkz/look/build/release-signed/DerivedData/Build/Products/Release/include -Xcc -I/Users/adamkz/look/build/release-signed/DerivedData/Build/Intermediates.noindex/Look.build/Release/LookKit.build/DerivedSources-normal/arm64 -Xcc -I/Users/adamkz/look/build/release-signed/DerivedData/Build/Intermediates.noindex/Look.build/Release/LookKit.build/DerivedSources/arm64 -Xcc -I/Users/adamkz/look/build/release-signed/DerivedData/Build/Intermediates.noindex/Look.build/Release/LookKit.build/DerivedSources -emit-objc-header -emit-objc-header-path /Users/adamkz/look/build/release-signed/DerivedData/Build/Intermediates.noindex/Look.build/Release/LookKit.build/Objects-normal/arm64/LookKit-Swift.h -working-directory /Users/adamkz/look -no-emit-module-separately-wmo

SwiftExplicitDependencyGeneratePcm arm64 /Users/adamkz/look/build/release-signed/DerivedData/ModuleCache.noindex/_DarwinFoundation1-8NLC2NC4ZX9KJYB8N6QEYZV4M.pcm

SwiftExplicitDependencyGeneratePcm arm64 /Users/adamkz/look/build/release-signed/DerivedData/ModuleCache.noindex/_Builtin_limits-E8CAXKNYKPRR3C3R43JJZ26RL.pcm

SwiftExplicitDependencyGeneratePcm arm64 /Users/adamkz/look/build/release-signed/DerivedData/ModuleCache.noindex/_DarwinFoundation2-3GGA7K08F1J63WFFVHVPZT1GH.pcm

SwiftExplicitDependencyGeneratePcm arm64 /Users/adamkz/look/build/release-signed/DerivedData/ModuleCache.noindex/_Builtin_tgmath-BV342MJ6LJLTPHPX73O8MH1LZ.pcm

SwiftExplicitDependencyGeneratePcm arm64 /Users/adamkz/look/build/release-signed/DerivedData/ModuleCache.noindex/sys_types-C2H53E0LP9F3MZOBMD0WJNHI9.pcm

SwiftExplicitDependencyGeneratePcm arm64 /Users/adamkz/look/build/release-signed/DerivedData/ModuleCache.noindex/_Builtin_stdint-1VP8NVM0ZLFVN0SDPEID9K89C.pcm

SwiftExplicitDependencyGeneratePcm arm64 /Users/adamkz/look/build/release-signed/DerivedData/ModuleCache.noindex/libDER-5JNXA6M7LAVTEGWIKMX83SSFR.pcm

SwiftExplicitDependencyGeneratePcm arm64 /Users/adamkz/look/build/release-signed/DerivedData/ModuleCache.noindex/_Builtin_intrinsics-A6SRJL8AECCOV8SUZW68V6SE.pcm

SwiftExplicitDependencyGeneratePcm arm64 /Users/adamkz/look/build/release-signed/DerivedData/ModuleCache.noindex/_Builtin_stdatomic-EK7AQUSDP6TV2N6X6QKEJZVMU.pcm

SwiftExplicitDependencyGeneratePcm arm64 /Users/adamkz/look/build/release-signed/DerivedData/ModuleCache.noindex/OpenGL-7KEBJER1U0UQ5MAU8GBYRHQEO.pcm

SwiftExplicitDependencyGeneratePcm arm64 /Users/adamkz/look/build/release-signed/DerivedData/ModuleCache.noindex/_DarwinFoundation3-8HGAQLP9OCYHT1HH0HEO7YDNO.pcm

SwiftExplicitDependencyGeneratePcm arm64 /Users/adamkz/look/build/release-signed/DerivedData/ModuleCache.noindex/_Builtin_inttypes-1MF2316SNU3CA1AU7HMMBRQ0K.pcm

SwiftExplicitDependencyGeneratePcm arm64 /Users/adamkz/look/build/release-signed/DerivedData/ModuleCache.noindex/Darwin-DVS3EF2IDNFCAXVBANU855Z37.pcm

SwiftExplicitDependencyGeneratePcm arm64 /Users/adamkz/look/build/release-signed/DerivedData/ModuleCache.noindex/simd-CVMGJD3V3W1RX2HF6USLDHS8X.pcm

SwiftExplicitDependencyGeneratePcm arm64 /Users/adamkz/look/build/release-signed/DerivedData/ModuleCache.noindex/libkern-6RENY90G49GNLUGLSLQROBSK6.pcm

SwiftExplicitDependencyGeneratePcm arm64 /Users/adamkz/look/build/release-signed/DerivedData/ModuleCache.noindex/CUPS-8OW4NUY8J6Q5IAVTOLLJT4F7P.pcm

SwiftExplicitDependencyGeneratePcm arm64 /Users/adamkz/look/build/release-signed/DerivedData/ModuleCache.noindex/launch-DYB2HT15ZDV82A52UYS3AP6VZ.pcm

SwiftExplicitDependencyGeneratePcm arm64 /Users/adamkz/look/build/release-signed/DerivedData/ModuleCache.noindex/MachO-A74HC4JJULGDGEEBBA2UVGHQI.pcm

SwiftExplicitDependencyGeneratePcm arm64 /Users/adamkz/look/build/release-signed/DerivedData/ModuleCache.noindex/Compression-CQ6WUAO22VPFKYCQ9HG42TCCO.pcm

SwiftExplicitDependencyGeneratePcm arm64 /Users/adamkz/look/build/release-signed/DerivedData/ModuleCache.noindex/ObjectiveC-5BY4ZHRBYO6R5N77XCPPIJNBQ.pcm

SwiftExplicitDependencyGeneratePcm arm64 /Users/adamkz/look/build/release-signed/DerivedData/ModuleCache.noindex/Spatial-9P8FLTS1BKV0K8KTBPATMN690.pcm

SwiftExplicitDependencyGeneratePcm arm64 /Users/adamkz/look/build/release-signed/DerivedData/ModuleCache.noindex/os_object-6O54LNC3RDNNQRT6O619GR730.pcm

SwiftExplicitDependencyGeneratePcm arm64 /Users/adamkz/look/build/release-signed/DerivedData/ModuleCache.noindex/os_workgroup-1OMSAV6G6UQV50TKJGACJD3D0.pcm

SwiftExplicitDependencyGeneratePcm arm64 /Users/adamkz/look/build/release-signed/DerivedData/ModuleCache.noindex/Dispatch-ELD3YT36PPOV6YYRARXTCOGPQ.pcm

SwiftExplicitDependencyGeneratePcm arm64 /Users/adamkz/look/build/release-signed/DerivedData/ModuleCache.noindex/XPC-7NF503FMO9A59AA8D9X0GMVRD.pcm

SwiftExplicitDependencyGeneratePcm arm64 /Users/adamkz/look/build/release-signed/DerivedData/ModuleCache.noindex/CoreFoundation-9Q2KFEZJ7Q50TIVHS4XH6MTAG.pcm

SwiftExplicitDependencyGeneratePcm arm64 /Users/adamkz/look/build/release-signed/DerivedData/ModuleCache.noindex/dnssd-7JSQV7L4DQIOZKO5L12KXQBEL.pcm

SwiftExplicitDependencyGeneratePcm arm64 /Users/adamkz/look/build/release-signed/DerivedData/ModuleCache.noindex/os-MI6ND10QGUNNXERPS5RL0LGZ.pcm

SwiftExplicitDependencyGeneratePcm arm64 /Users/adamkz/look/build/release-signed/DerivedData/ModuleCache.noindex/Security-3XAELNBNXZNXLGZ9D25KCM5XO.pcm

SwiftExplicitDependencyGeneratePcm arm64 /Users/adamkz/look/build/release-signed/DerivedData/ModuleCache.noindex/CFNetwork-ABIDTUFVGIFF54SR14ZTEFVXR.pcm

SwiftExplicitDependencyGeneratePcm arm64 /Users/adamkz/look/build/release-signed/DerivedData/ModuleCache.noindex/IOKit-D6LUPHHFI75RSC24ROB2T9FDM.pcm

SwiftExplicitDependencyGeneratePcm arm64 /Users/adamkz/look/build/release-signed/DerivedData/ModuleCache.noindex/ColorSync-4B549BL1DQ3V83L9JLDAVK56Q.pcm

SwiftExplicitDependencyGeneratePcm arm64 /Users/adamkz/look/build/release-signed/DerivedData/ModuleCache.noindex/CoreGraphics-48K97OA5YDZHVG86ZPMOR7632.pcm

SwiftExplicitDependencyGeneratePcm arm64 /Users/adamkz/look/build/release-signed/DerivedData/ModuleCache.noindex/DiskArbitration-182LSJOLL6NHGC8B7LU8Z6X4A.pcm

SwiftExplicitDependencyGeneratePcm arm64 /Users/adamkz/look/build/release-signed/DerivedData/ModuleCache.noindex/CoreServices-DF9FPNE37M517ABAG3T8W62V4.pcm

SwiftExplicitDependencyGeneratePcm arm64 /Users/adamkz/look/build/release-signed/DerivedData/ModuleCache.noindex/ImageIO-29C03LOISHCRSBCQHBSM5EEIE.pcm

SwiftExplicitDependencyGeneratePcm arm64 /Users/adamkz/look/build/release-signed/DerivedData/ModuleCache.noindex/CoreText-101FRSCZZW718MSUTKNWUA484.pcm

SwiftExplicitDependencyGeneratePcm arm64 /Users/adamkz/look/build/release-signed/DerivedData/ModuleCache.noindex/Foundation-C01VOWLJAT43R0EIOXJCC2B37.pcm

SwiftExplicitDependencyGeneratePcm arm64 /Users/adamkz/look/build/release-signed/DerivedData/ModuleCache.noindex/Network-BTUUT20ASTRZB92VWSFNI93DH.pcm

SwiftExplicitDependencyGeneratePcm arm64 /Users/adamkz/look/build/release-signed/DerivedData/ModuleCache.noindex/OSLog-7V5X06EAH7X2HEPYESM5J6T5Q.pcm

SwiftExplicitDependencyGeneratePcm arm64 /Users/adamkz/look/build/release-signed/DerivedData/ModuleCache.noindex/UniformTypeIdentifiers-AZFPE2DHQZB510BFKH6XTG8RK.pcm

SwiftExplicitDependencyGeneratePcm arm64 /Users/adamkz/look/build/release-signed/DerivedData/ModuleCache.noindex/JavaScriptCore-4F1A5738Y3IEZJYKHBOSVS3LR.pcm

SwiftCompile normal arm64 Compiling\ LookAutomation.swift,\ ShortcutActions.swift /Users/adamkz/look/Sources/LookAutomation/Sources/LookAutomation.swift /Users/adamkz/look/Sources/LookAutomation/Sources/ShortcutActions.swift /Applications/Xcode.app/Contents/Developer/Toolchains/XcodeDefault.xctoolchain/usr/lib/swift/macosx/prebuilt-modules/26.2/_DarwinFoundation2.swiftmodule/arm64e-apple-macos.swiftmodule /Applications/Xcode.app/Contents/Developer/Toolchains/XcodeDefault.xctoolchain/usr/lib/swift/macosx/prebuilt-modules/26.2/Swift.swiftmodule/arm64e-apple-macos.swiftmodule /Applications/Xcode.app/Contents/Developer/Toolchains/XcodeDefault.xctoolchain/usr/lib/swift/macosx/prebuilt-modules/26.2/_Builtin_float.swiftmodule/arm64e-apple-macos.swiftmodule /Applications/Xcode.app/Contents/Developer/Toolchains/XcodeDefault.xctoolchain/usr/lib/swift/macosx/prebuilt-modules/26.2/IOKit.swiftmodule/arm64e-apple-macos.swiftmodule /Applications/Xcode.app/Contents/Developer/Toolchains/XcodeDefault.xctoolchain/usr/lib/swift/macosx/prebuilt-modules/26.2/_Concurrency.swiftmodule/arm64e-apple-macos.swiftmodule /Applications/Xcode.app/Contents/Developer/Toolchains/XcodeDefault.xctoolchain/usr/lib/swift/macosx/prebuilt-modules/26.2/Dispatch.swiftmodule/arm64e-apple-macos.swiftmodule /Applications/Xcode.app/Contents/Developer/Toolchains/XcodeDefault.xctoolchain/usr/lib/swift/macosx/prebuilt-modules/26.2/Foundation.swiftmodule/arm64e-apple-macos.swiftmodule /Applications/Xcode.app/Contents/Developer/Toolchains/XcodeDefault.xctoolchain/usr/lib/swift/macosx/prebuilt-modules/26.2/_StringProcessing.swiftmodule/arm64e-apple-macos.swiftmodule /Applications/Xcode.app/Contents/Developer/Toolchains/XcodeDefault.xctoolchain/usr/lib/swift/macosx/prebuilt-modules/26.2/System.swiftmodule/arm64e-apple-macos.swiftmodule /Applications/Xcode.app/Contents/Developer/Toolchains/XcodeDefault.xctoolchain/usr/lib/swift/macosx/prebuilt-modules/26.2/_DarwinFoundation3.swiftmodule/arm64e-apple-macos.swiftmodule /Applications/Xcode.app/Contents/Developer/Toolchains/XcodeDefault.xctoolchain/usr/lib/swift/macosx/prebuilt-modules/26.2/Darwin.swiftmodule/arm64e-apple-macos.swiftmodule /Applications/Xcode.app/Contents/Developer/Toolchains/XcodeDefault.xctoolchain/usr/lib/swift/macosx/prebuilt-modules/26.2/ObjectiveC.swiftmodule/arm64e-apple-macos.swiftmodule /Applications/Xcode.app/Contents/Developer/Toolchains/XcodeDefault.xctoolchain/usr/lib/swift/macosx/prebuilt-modules/26.2/_DarwinFoundation1.swiftmodule/arm64e-apple-macos.swiftmodule /Applications/Xcode.app/Contents/Developer/Toolchains/XcodeDefault.xctoolchain/usr/lib/swift/macosx/prebuilt-modules/26.2/Combine.swiftmodule/arm64e-apple-macos.swiftmodule /Applications/Xcode.app/Contents/Developer/Toolchains/XcodeDefault.xctoolchain/usr/lib/swift/macosx/prebuilt-modules/26.2/CoreFoundation.swiftmodule/arm64e-apple-macos.swiftmodule /Applications/Xcode.app/Contents/Developer/Toolchains/XcodeDefault.xctoolchain/usr/lib/swift/macosx/prebuilt-modules/26.2/Observation.swiftmodule/arm64e-apple-macos.swiftmodule /Applications/Xcode.app/Contents/Developer/Toolchains/XcodeDefault.xctoolchain/usr/lib/swift/macosx/prebuilt-modules/26.2/XPC.swiftmodule/arm64e-apple-macos.swiftmodule /Users/adamkz/look/build/release-signed/DerivedData/ModuleCache.noindex/_Builtin_float-AVX9XNB8TPLILDMGLVXRCVW62.pcm /Users/adamkz/look/build/release-signed/DerivedData/ModuleCache.noindex/sys_types-C2H53E0LP9F3MZOBMD0WJNHI9.pcm /Users/adamkz/look/build/release-signed/DerivedData/ModuleCache.noindex/_SwiftConcurrencyShims-95ITI2VHLQMF5IYZYA1RFI3WO.pcm /Users/adamkz/look/build/release-signed/DerivedData/ModuleCache.noindex/_DarwinFoundation3-8HGAQLP9OCYHT1HH0HEO7YDNO.pcm /Users/adamkz/look/build/release-signed/DerivedData/ModuleCache.noindex/MachO-A74HC4JJULGDGEEBBA2UVGHQI.pcm /Users/adamkz/look/build/release-signed/DerivedData/ModuleCache.noindex/_Builtin_stdint-1VP8NVM0ZLFVN0SDPEID9K89C.pcm /Users/adamkz/look/build/release-signed/DerivedData/ModuleCache.noindex/os_object-6O54LNC3RDNNQRT6O619GR730.pcm /Users/adamkz/look/build/release-signed/DerivedData/ModuleCache.noindex/Dispatch-ELD3YT36PPOV6YYRARXTCOGPQ.pcm /Users/adamkz/look/build/release-signed/DerivedData/ModuleCache.noindex/DiskArbitration-182LSJOLL6NHGC8B7LU8Z6X4A.pcm /Users/adamkz/look/build/release-signed/DerivedData/ModuleCache.noindex/libDER-5JNXA6M7LAVTEGWIKMX83SSFR.pcm /Users/adamkz/look/build/release-signed/DerivedData/ModuleCache.noindex/XPC-7NF503FMO9A59AA8D9X0GMVRD.pcm /Users/adamkz/look/build/release-signed/DerivedData/ModuleCache.noindex/_Builtin_stdbool-EIPABQT0G0AJ9UUW48DH5ROXB.pcm /Users/adamkz/look/build/release-signed/DerivedData/ModuleCache.noindex/Darwin-DVS3EF2IDNFCAXVBANU855Z37.pcm /Users/adamkz/look/build/release-signed/DerivedData/ModuleCache.noindex/libkern-6RENY90G49GNLUGLSLQROBSK6.pcm /Users/adamkz/look/build/release-signed/DerivedData/ModuleCache.noindex/IOKit-D6LUPHHFI75RSC24ROB2T9FDM.pcm /Users/adamkz/look/build/release-signed/DerivedData/ModuleCache.noindex/_AvailabilityInternal-425JT0X59YAOWC8O1B83GNACH.pcm /Users/adamkz/look/build/release-signed/DerivedData/ModuleCache.noindex/_DarwinFoundation2-3GGA7K08F1J63WFFVHVPZT1GH.pcm /Users/adamkz/look/build/release-signed/DerivedData/ModuleCache.noindex/CFNetwork-ABIDTUFVGIFF54SR14ZTEFVXR.pcm /Users/adamkz/look/build/release-signed/DerivedData/ModuleCache.noindex/ptrcheck-8ZA1FKYPOIF39BVX4I5MYSKJR.pcm /Users/adamkz/look/build/release-signed/DerivedData/ModuleCache.noindex/CoreServices-DF9FPNE37M517ABAG3T8W62V4.pcm /Users/adamkz/look/build/release-signed/DerivedData/ModuleCache.noindex/_Builtin_limits-E8CAXKNYKPRR3C3R43JJZ26RL.pcm /Users/adamkz/look/build/release-signed/DerivedData/ModuleCache.noindex/CoreFoundation-9Q2KFEZJ7Q50TIVHS4XH6MTAG.pcm /Users/adamkz/look/build/release-signed/DerivedData/ModuleCache.noindex/launch-DYB2HT15ZDV82A52UYS3AP6VZ.pcm /Users/adamkz/look/build/release-signed/DerivedData/ModuleCache.noindex/Foundation-C01VOWLJAT43R0EIOXJCC2B37.pcm /Users/adamkz/look/build/release-signed/DerivedData/ModuleCache.noindex/_Builtin_stddef-5J29G905D7QKKQ1V26WT6X2T7.pcm /Users/adamkz/look/build/release-signed/DerivedData/ModuleCache.noindex/os_workgroup-1OMSAV6G6UQV50TKJGACJD3D0.pcm /Users/adamkz/look/build/release-signed/DerivedData/ModuleCache.noindex/ptrauth-4XZJVD4C2IRYHV7TYB7ERRAMQ.pcm /Users/adamkz/look/build/release-signed/DerivedData/ModuleCache.noindex/_DarwinFoundation1-8NLC2NC4ZX9KJYB8N6QEYZV4M.pcm /Users/adamkz/look/build/release-signed/DerivedData/ModuleCache.noindex/_Builtin_stdarg-EKXMAU59G2O5UJ1D1C1LB97D8.pcm /Users/adamkz/look/build/release-signed/DerivedData/ModuleCache.noindex/SwiftShims-5Y5KMT579CPTOP1VACOBMWIEJ.pcm /Users/adamkz/look/build/release-signed/DerivedData/ModuleCache.noindex/Security-3XAELNBNXZNXLGZ9D25KCM5XO.pcm /Users/adamkz/look/build/release-signed/DerivedData/ModuleCache.noindex/ObjectiveC-5BY4ZHRBYO6R5N77XCPPIJNBQ.pcm /Users/adamkz/look/build/release-signed/DerivedData/ModuleCache.noindex/_Builtin_inttypes-1MF2316SNU3CA1AU7HMMBRQ0K.pcm /Users/adamkz/look/build/release-signed/DerivedData/Build/Intermediates.noindex/Look.build/Release/LookAutomation.build/Objects-normal/arm64/LookAutomation-dependencies-1.json (in target 'LookAutomation' from project 'Look')
CompileSwift normal arm64 (in target 'LookAutomation' from project 'Look')
    cd /Users/adamkz/look
    

SwiftExplicitDependencyGeneratePcm arm64 /Users/adamkz/look/build/release-signed/DerivedData/ModuleCache.noindex/CoreTransferable-8SYGRBWEHAG6F46ADNNFW8NNZ.pcm

SwiftExplicitDependencyGeneratePcm arm64 /Users/adamkz/look/build/release-signed/DerivedData/ModuleCache.noindex/ApplicationServices-51FGN1M9YXMGT7LCHAP59IRXC.pcm

SwiftExplicitDependencyGeneratePcm arm64 /Users/adamkz/look/build/release-signed/DerivedData/ModuleCache.noindex/CoreData-EEDF3NHLXBGY5WY2WJQPVN8ZK.pcm

SwiftExplicitDependencyGeneratePcm arm64 /Users/adamkz/look/build/release-signed/DerivedData/ModuleCache.noindex/Symbols-6P2H9KADUQWSW304FNDQZIYGK.pcm

SwiftExplicitDependencyGeneratePcm arm64 /Users/adamkz/look/build/release-signed/DerivedData/ModuleCache.noindex/LocalAuthentication-2GGBT00BQEZ5KJX5UMOH6YRX2.pcm

SwiftExplicitDependencyGeneratePcm arm64 /Users/adamkz/look/build/release-signed/DerivedData/ModuleCache.noindex/Accessibility-3CWK6XOISNQB4Q2SGW6FWIP70.pcm

SwiftExplicitDependencyGeneratePcm arm64 /Users/adamkz/look/build/release-signed/DerivedData/ModuleCache.noindex/IOSurface-C135OVI9R0KD0JKQX0C7XU3OE.pcm

SwiftExplicitDependencyGeneratePcm arm64 /Users/adamkz/look/build/release-signed/DerivedData/ModuleCache.noindex/DataDetection-2F5TVLG2Y9OSRBISM8OI9IQW5.pcm

SwiftExplicitDependencyGeneratePcm arm64 /Users/adamkz/look/build/release-signed/DerivedData/ModuleCache.noindex/Metal-C6KH0ML3O0YQB1XO9U0CNF4IL.pcm

SwiftExplicitDependencyGeneratePcm arm64 /Users/adamkz/look/build/release-signed/DerivedData/ModuleCache.noindex/CoreVideo-68UHICY025QX4HXVU6KEVZGBQ.pcm

SwiftDriverJobDiscovery normal arm64 Compiling LookAutomation.swift, ShortcutActions.swift (in target 'LookAutomation' from project 'Look')

SwiftDriver\ Compilation\ Requirements LookAutomation normal arm64 com.apple.xcode.tools.swift.compiler (in target 'LookAutomation' from project 'Look')
    cd /Users/adamkz/look
    builtin-Swift-Compilation-Requirements -- /Applications/Xcode.app/Contents/Developer/Toolchains/XcodeDefault.xctoolchain/usr/bin/swiftc -module-name LookAutomation -O -whole-module-optimization -enforce-exclusivity\=checked @/Users/adamkz/look/build/release-signed/DerivedData/Build/Intermediates.noindex/Look.build/Release/LookAutomation.build/Objects-normal/arm64/LookAutomation.SwiftFileList -enable-bare-slash-regex -enable-experimental-feature DebugDescriptionMacro -sdk /Applications/Xcode.app/Contents/Developer/Platforms/MacOSX.platform/Developer/SDKs/MacOSX26.2.sdk -target arm64-apple-macos14.0 -g -module-cache-path /Users/adamkz/look/build/release-signed/DerivedData/ModuleCache.noindex -Xfrontend -serialize-debugging-options -swift-version 5 -I /Users/adamkz/look/build/release-signed/DerivedData/Build/Products/Release -F /Users/adamkz/look/build/release-signed/DerivedData/Build/Products/Release -emit-localized-strings -emit-localized-strings-path /Users/adamkz/look/build/release-signed/DerivedData/Build/Intermediates.noindex/Look.build/Release/LookAutomation.build/Objects-normal/arm64 -c -num-threads 8 -Xcc -ivfsstatcache -Xcc /Users/adamkz/look/build/release-signed/DerivedData/SDKStatCaches.noindex/macosx26.2-25C57-00fa09913b459cbbc988d1f6730289ae.sdkstatcache -output-file-map /Users/adamkz/look/build/release-signed/DerivedData/Build/Intermediates.noindex/Look.build/Release/LookAutomation.build/Objects-normal/arm64/LookAutomation-OutputFileMap.json -use-frontend-parseable-output -save-temps -no-color-diagnostics -explicit-module-build -module-cache-path /Users/adamkz/look/build/release-signed/DerivedData/Build/Intermediates.noindex/SwiftExplicitPrecompiledModules -clang-scanner-module-cache-path /Users/adamkz/look/build/release-signed/DerivedData/ModuleCache.noindex -sdk-module-cache-path /Users/adamkz/look/build/release-signed/DerivedData/ModuleCache.noindex -serialize-diagnostics -emit-dependencies -emit-module -emit-module-path /Users/adamkz/look/build/release-signed/DerivedData/Build/Intermediates.noindex/Look.build/Release/LookAutomation.build/Objects-normal/arm64/LookAutomation.swiftmodule -validate-clang-modules-once -clang-build-session-file /Users/adamkz/look/build/release-signed/DerivedData/ModuleCache.noindex/Session.modulevalidation -Xcc -I/Users/adamkz/look/build/release-signed/DerivedData/Build/Intermediates.noindex/Look.build/Release/LookAutomation.build/swift-overrides.hmap -emit-const-values -Xfrontend -const-gather-protocols-file -Xfrontend /Users/adamkz/look/build/release-signed/DerivedData/Build/Intermediates.noindex/Look.build/Release/LookAutomation.build/Objects-normal/arm64/LookAutomation_const_extract_protocols.json -Xcc -iquote -Xcc /Users/adamkz/look/build/release-signed/DerivedData/Build/Intermediates.noindex/Look.build/Release/LookAutomation.build/LookAutomation-generated-files.hmap -Xcc -I/Users/adamkz/look/build/release-signed/DerivedData/Build/Intermediates.noindex/Look.build/Release/LookAutomation.build/LookAutomation-own-target-headers.hmap -Xcc -I/Users/adamkz/look/build/release-signed/DerivedData/Build/Intermediates.noindex/Look.build/Release/LookAutomation.build/LookAutomation-all-non-framework-target-headers.hmap -Xcc -ivfsoverlay -Xcc /Users/adamkz/look/build/release-signed/DerivedData/Build/Intermediates.noindex/Look.build/Release/Look-c3f0a56ea084f757df82bdf40cd5ab63-VFS/all-product-headers.yaml -Xcc -iquote -Xcc /Users/adamkz/look/build/release-signed/DerivedData/Build/Intermediates.noindex/Look.build/Release/LookAutomation.build/LookAutomation-project-headers.hmap -Xcc -I/Users/adamkz/look/build/release-signed/DerivedData/Build/Products/Release/include -Xcc -I/Users/adamkz/look/build/release-signed/DerivedData/Build/Intermediates.noindex/Look.build/Release/LookAutomation.build/DerivedSources-normal/arm64 -Xcc -I/Users/adamkz/look/build/release-signed/DerivedData/Build/Intermediates.noindex/Look.build/Release/LookAutomation.build/DerivedSources/arm64 -Xcc -I/Users/adamkz/look/build/release-signed/DerivedData/Build/Intermediates.noindex/Look.build/Release/LookAutomation.build/DerivedSources -emit-objc-header -emit-objc-header-path /Users/adamkz/look/build/release-signed/DerivedData/Build/Intermediates.noindex/Look.build/Release/LookAutomation.build/Objects-normal/arm64/LookAutomation-Swift.h -working-directory /Users/adamkz/look -no-emit-module-separately-wmo

SwiftMergeGeneratedHeaders /Users/adamkz/look/build/release-signed/DerivedData/Build/Products/Release/LookAutomation.framework/Versions/A/Headers/LookAutomation-Swift.h /Users/adamkz/look/build/release-signed/DerivedData/Build/Intermediates.noindex/Look.build/Release/LookAutomation.build/Objects-normal/arm64/LookAutomation-Swift.h (in target 'LookAutomation' from project 'Look')
    cd /Users/adamkz/look
    builtin-swiftHeaderTool -arch arm64 /Users/adamkz/look/build/release-signed/DerivedData/Build/Intermediates.noindex/Look.build/Release/LookAutomation.build/Objects-normal/arm64/LookAutomation-Swift.h -o /Users/adamkz/look/build/release-signed/DerivedData/Build/Products/Release/LookAutomation.framework/Versions/A/Headers/LookAutomation-Swift.h

Copy /Users/adamkz/look/build/release-signed/DerivedData/Build/Products/Release/LookAutomation.framework/Versions/A/Modules/LookAutomation.swiftmodule/arm64-apple-macos.abi.json /Users/adamkz/look/build/release-signed/DerivedData/Build/Intermediates.noindex/Look.build/Release/LookAutomation.build/Objects-normal/arm64/LookAutomation.abi.json (in target 'LookAutomation' from project 'Look')
    cd /Users/adamkz/look
    builtin-copy -exclude .DS_Store -exclude CVS -exclude .svn -exclude .git -exclude .hg -resolve-src-symlinks -rename /Users/adamkz/look/build/release-signed/DerivedData/Build/Intermediates.noindex/Look.build/Release/LookAutomation.build/Objects-normal/arm64/LookAutomation.abi.json /Users/adamkz/look/build/release-signed/DerivedData/Build/Products/Release/LookAutomation.framework/Versions/A/Modules/LookAutomation.swiftmodule/arm64-apple-macos.abi.json

Copy /Users/adamkz/look/build/release-signed/DerivedData/Build/Products/Release/LookAutomation.framework/Versions/A/Modules/LookAutomation.swiftmodule/arm64-apple-macos.swiftdoc /Users/adamkz/look/build/release-signed/DerivedData/Build/Intermediates.noindex/Look.build/Release/LookAutomation.build/Objects-normal/arm64/LookAutomation.swiftdoc (in target 'LookAutomation' from project 'Look')
    cd /Users/adamkz/look
    builtin-copy -exclude .DS_Store -exclude CVS -exclude .svn -exclude .git -exclude .hg -resolve-src-symlinks -rename /Users/adamkz/look/build/release-signed/DerivedData/Build/Intermediates.noindex/Look.build/Release/LookAutomation.build/Objects-normal/arm64/LookAutomation.swiftdoc /Users/adamkz/look/build/release-signed/DerivedData/Build/Products/Release/LookAutomation.framework/Versions/A/Modules/LookAutomation.swiftmodule/arm64-apple-macos.swiftdoc

Copy /Users/adamkz/look/build/release-signed/DerivedData/Build/Products/Release/LookAutomation.framework/Versions/A/Modules/LookAutomation.swiftmodule/arm64-apple-macos.swiftmodule /Users/adamkz/look/build/release-signed/DerivedData/Build/Intermediates.noindex/Look.build/Release/LookAutomation.build/Objects-normal/arm64/LookAutomation.swiftmodule (in target 'LookAutomation' from project 'Look')
    cd /Users/adamkz/look
    builtin-copy -exclude .DS_Store -exclude CVS -exclude .svn -exclude .git -exclude .hg -resolve-src-symlinks -rename /Users/adamkz/look/build/release-signed/DerivedData/Build/Intermediates.noindex/Look.build/Release/LookAutomation.build/Objects-normal/arm64/LookAutomation.swiftmodule /Users/adamkz/look/build/release-signed/DerivedData/Build/Products/Release/LookAutomation.framework/Versions/A/Modules/LookAutomation.swiftmodule/arm64-apple-macos.swiftmodule

Copy /Users/adamkz/look/build/release-signed/DerivedData/Build/Products/Release/LookAutomation.framework/Versions/A/Modules/LookAutomation.swiftmodule/Project/arm64-apple-macos.swiftsourceinfo /Users/adamkz/look/build/release-signed/DerivedData/Build/Intermediates.noindex/Look.build/Release/LookAutomation.build/Objects-normal/arm64/LookAutomation.swiftsourceinfo (in target 'LookAutomation' from project 'Look')
    cd /Users/adamkz/look
    builtin-copy -exclude .DS_Store -exclude CVS -exclude .svn -exclude .git -exclude .hg -resolve-src-symlinks -rename /Users/adamkz/look/build/release-signed/DerivedData/Build/Intermediates.noindex/Look.build/Release/LookAutomation.build/Objects-normal/arm64/LookAutomation.swiftsourceinfo /Users/adamkz/look/build/release-signed/DerivedData/Build/Products/Release/LookAutomation.framework/Versions/A/Modules/LookAutomation.swiftmodule/Project/arm64-apple-macos.swiftsourceinfo

VerifyModule /Users/adamkz/look/build/release-signed/DerivedData/Build/Products/Release/LookAutomation.framework (in target 'LookAutomation' from project 'Look')
    cd /Users/adamkz/look
    /Applications/Xcode.app/Contents/Developer/Toolchains/XcodeDefault.xctoolchain/usr/bin/modules-verifier /Users/adamkz/look/build/release-signed/DerivedData/Build/Products/Release/LookAutomation.framework --clang /Applications/Xcode.app/Contents/Developer/Toolchains/XcodeDefault.xctoolchain/usr/bin/clang --diagnostic-filename-map /Users/adamkz/look/build/release-signed/DerivedData/Build/Intermediates.noindex/Look.build/Release/LookAutomation.build/LookAutomation-diagnostic-filename-map.json --sdk /Applications/Xcode.app/Contents/Developer/Platforms/MacOSX.platform/Developer/SDKs/MacOSX26.2.sdk --intermediates-directory /Users/adamkz/look/build/release-signed/DerivedData/Build/Intermediates.noindex/Look.build/Release/LookAutomation.build/VerifyModule --target arm64-apple-macos14.0 --language objective-c --standard gnu11 --standard gnu++20

ScanDependencies /Users/adamkz/look/build/release-signed/DerivedData/Build/Intermediates.noindex/Look.build/Release/LookAutomation.build/Objects-normal/arm64/LookAutomation_vers.o /Users/adamkz/look/build/release-signed/DerivedData/Build/Intermediates.noindex/Look.build/Release/LookAutomation.build/DerivedSources/LookAutomation_vers.c normal arm64 c com.apple.compilers.llvm.clang.1_0.compiler (in target 'LookAutomation' from project 'Look')
    cd /Users/adamkz/look
    
    Using response file: /Users/adamkz/look/build/release-signed/DerivedData/Build/Intermediates.noindex/Look.build/Release/LookAutomation.build/Objects-normal/arm64/7187679823f38a2a940e0043cdf9d637-common-args.resp
    
    builtin-ScanDependencies -o /Users/adamkz/look/build/release-signed/DerivedData/Build/Intermediates.noindex/Look.build/Release/LookAutomation.build/Objects-normal/arm64/LookAutomation_vers.o.scan -- /Applications/Xcode.app/Contents/Developer/Toolchains/XcodeDefault.xctoolchain/usr/bin/clang -x c -ivfsstatcache /Users/adamkz/look/build/release-signed/DerivedData/SDKStatCaches.noindex/macosx26.2-25C57-00fa09913b459cbbc988d1f6730289ae.sdkstatcache -fmessage-length\=0 -fdiagnostics-show-note-include-stack -fmacro-backtrace-limit\=0 -fno-color-diagnostics -fmodules-prune-interval\=86400 -fmodules-prune-after\=345600 -fbuild-session-file\=/Users/adamkz/look/build/release-signed/DerivedData/ModuleCache.noindex/Session.modulevalidation -fmodules-validate-once-per-build-session -Wnon-modular-include-in-framework-module -Werror\=non-modular-include-in-framework-module -Wno-trigraphs -Wno-missing-field-initializers -Wno-missing-prototypes -Werror\=return-type -Wdocumentation -Wunreachable-code -Wquoted-include-in-framework-header -Werror\=deprecated-objc-isa-usage -Werror\=objc-root-class -Wno-missing-braces -Wparentheses -Wswitch -Wunused-function -Wno-unused-label -Wno-unused-parameter -Wunused-variable -Wunused-value -Wempty-body -Wuninitialized -Wconditional-uninitialized -Wno-unknown-pragmas -Wno-shadow -Wno-four-char-constants -Wno-conversion -Wconstant-conversion -Wint-conversion -Wbool-conversion -Wenum-conversion -Wno-float-conversion -Wnon-literal-null-conversion -Wobjc-literal-conversion -Wshorten-64-to-32 -Wpointer-sign -Wno-newline-eof -Wno-implicit-fallthrough -fstrict-aliasing -Wdeprecated-declarations -Wno-sign-conversion -Winfinite-recursion -Wcomma -Wblock-capture-autoreleasing -Wstrict-prototypes -Wno-semicolon-before-method-body @/Users/adamkz/look/build/release-signed/DerivedData/Build/Intermediates.noindex/Look.build/Release/LookAutomation.build/Objects-normal/arm64/7187679823f38a2a940e0043cdf9d637-common-args.resp -MMD -MT dependencies -MF /Users/adamkz/look/build/release-signed/DerivedData/Build/Intermediates.noindex/Look.build/Release/LookAutomation.build/Objects-normal/arm64/LookAutomation_vers.d --serialize-diagnostics /Users/adamkz/look/build/release-signed/DerivedData/Build/Intermediates.noindex/Look.build/Release/LookAutomation.build/Objects-normal/arm64/LookAutomation_vers.dia -c /Users/adamkz/look/build/release-signed/DerivedData/Build/Intermediates.noindex/Look.build/Release/LookAutomation.build/DerivedSources/LookAutomation_vers.c -o /Users/adamkz/look/build/release-signed/DerivedData/Build/Intermediates.noindex/Look.build/Release/LookAutomation.build/Objects-normal/arm64/LookAutomation_vers.o

CompileC /Users/adamkz/look/build/release-signed/DerivedData/Build/Intermediates.noindex/Look.build/Release/LookAutomation.build/Objects-normal/arm64/LookAutomation_vers.o /Users/adamkz/look/build/release-signed/DerivedData/Build/Intermediates.noindex/Look.build/Release/LookAutomation.build/DerivedSources/LookAutomation_vers.c normal arm64 c com.apple.compilers.llvm.clang.1_0.compiler (in target 'LookAutomation' from project 'Look')
    cd /Users/adamkz/look
    
    Using response file: /Users/adamkz/look/build/release-signed/DerivedData/Build/Intermediates.noindex/Look.build/Release/LookAutomation.build/Objects-normal/arm64/7187679823f38a2a940e0043cdf9d637-common-args.resp
    
    /Applications/Xcode.app/Contents/Developer/Toolchains/XcodeDefault.xctoolchain/usr/bin/clang -x c -ivfsstatcache /Users/adamkz/look/build/release-signed/DerivedData/SDKStatCaches.noindex/macosx26.2-25C57-00fa09913b459cbbc988d1f6730289ae.sdkstatcache -fmessage-length\=0 -fdiagnostics-show-note-include-stack -fmacro-backtrace-limit\=0 -fno-color-diagnostics -fmodules-prune-interval\=86400 -fmodules-prune-after\=345600 -fbuild-session-file\=/Users/adamkz/look/build/release-signed/DerivedData/ModuleCache.noindex/Session.modulevalidation -fmodules-validate-once-per-build-session -Wnon-modular-include-in-framework-module -Werror\=non-modular-include-in-framework-module -Wno-trigraphs -Wno-missing-field-initializers -Wno-missing-prototypes -Werror\=return-type -Wdocumentation -Wunreachable-code -Wquoted-include-in-framework-header -Werror\=deprecated-objc-isa-usage -Werror\=objc-root-class -Wno-missing-braces -Wparentheses -Wswitch -Wunused-function -Wno-unused-label -Wno-unused-parameter -Wunused-variable -Wunused-value -Wempty-body -Wuninitialized -Wconditional-uninitialized -Wno-unknown-pragmas -Wno-shadow -Wno-four-char-constants -Wno-conversion -Wconstant-conversion -Wint-conversion -Wbool-conversion -Wenum-conversion -Wno-float-conversion -Wnon-literal-null-conversion -Wobjc-literal-conversion -Wshorten-64-to-32 -Wpointer-sign -Wno-newline-eof -Wno-implicit-fallthrough -fstrict-aliasing -Wdeprecated-declarations -Wno-sign-conversion -Winfinite-recursion -Wcomma -Wblock-capture-autoreleasing -Wstrict-prototypes -Wno-semicolon-before-method-body @/Users/adamkz/look/build/release-signed/DerivedData/Build/Intermediates.noindex/Look.build/Release/LookAutomation.build/Objects-normal/arm64/7187679823f38a2a940e0043cdf9d637-common-args.resp -MMD -MT dependencies -MF /Users/adamkz/look/build/release-signed/DerivedData/Build/Intermediates.noindex/Look.build/Release/LookAutomation.build/Objects-normal/arm64/LookAutomation_vers.d --serialize-diagnostics /Users/adamkz/look/build/release-signed/DerivedData/Build/Intermediates.noindex/Look.build/Release/LookAutomation.build/Objects-normal/arm64/LookAutomation_vers.dia -c /Users/adamkz/look/build/release-signed/DerivedData/Build/Intermediates.noindex/Look.build/Release/LookAutomation.build/DerivedSources/LookAutomation_vers.c -o /Users/adamkz/look/build/release-signed/DerivedData/Build/Intermediates.noindex/Look.build/Release/LookAutomation.build/Objects-normal/arm64/LookAutomation_vers.o

SwiftExplicitDependencyGeneratePcm arm64 /Users/adamkz/look/build/release-signed/DerivedData/ModuleCache.noindex/CoreImage-DVH7KOX93H16WPEWP8GZGQRVH.pcm

SwiftExplicitDependencyGeneratePcm arm64 /Users/adamkz/look/build/release-signed/DerivedData/ModuleCache.noindex/QuartzCore-EDU5XWIHRSTVVEM3AY97T62AK.pcm

SwiftExplicitDependencyGeneratePcm arm64 /Users/adamkz/look/build/release-signed/DerivedData/ModuleCache.noindex/SwiftUICore-4XX15QX83MVBVIMTS3WXYFH61.pcm

SwiftExplicitDependencyGeneratePcm arm64 /Users/adamkz/look/build/release-signed/DerivedData/ModuleCache.noindex/AppKit-BC8D5IYKTFOFOHGJRH63XXVZ5.pcm

Ld /Users/adamkz/look/build/release-signed/DerivedData/Build/Products/Release/LookAutomation.framework/Versions/A/LookAutomation normal (in target 'LookAutomation' from project 'Look')
    cd /Users/adamkz/look
    /Applications/Xcode.app/Contents/Developer/Toolchains/XcodeDefault.xctoolchain/usr/bin/clang -Xlinker -reproducible -target arm64-apple-macos14.0 -dynamiclib -isysroot /Applications/Xcode.app/Contents/Developer/Platforms/MacOSX.platform/Developer/SDKs/MacOSX26.2.sdk -Os -L/Users/adamkz/look/build/release-signed/DerivedData/Build/Intermediates.noindex/EagerLinkingTBDs/Release -L/Users/adamkz/look/build/release-signed/DerivedData/Build/Products/Release -F/Users/adamkz/look/build/release-signed/DerivedData/Build/Intermediates.noindex/EagerLinkingTBDs/Release -F/Users/adamkz/look/build/release-signed/DerivedData/Build/Products/Release -filelist /Users/adamkz/look/build/release-signed/DerivedData/Build/Intermediates.noindex/Look.build/Release/LookAutomation.build/Objects-normal/arm64/LookAutomation.LinkFileList -install_name @rpath/LookAutomation.framework/Versions/A/LookAutomation -Xlinker -rpath -Xlinker /usr/lib/swift -Xlinker -rpath -Xlinker @executable_path/../Frameworks -Xlinker -rpath -Xlinker @loader_path/Frameworks -dead_strip -Xlinker -object_path_lto -Xlinker /Users/adamkz/look/build/release-signed/DerivedData/Build/Intermediates.noindex/Look.build/Release/LookAutomation.build/Objects-normal/arm64/LookAutomation_lto.o -Xlinker -dependency_info -Xlinker /Users/adamkz/look/build/release-signed/DerivedData/Build/Intermediates.noindex/Look.build/Release/LookAutomation.build/Objects-normal/arm64/LookAutomation_dependency_info.dat -fobjc-link-runtime -L/Applications/Xcode.app/Contents/Developer/Toolchains/XcodeDefault.xctoolchain/usr/lib/swift/macosx -L/usr/lib/swift -Xlinker -add_ast_path -Xlinker /Users/adamkz/look/build/release-signed/DerivedData/Build/Intermediates.noindex/Look.build/Release/LookAutomation.build/Objects-normal/arm64/LookAutomation.swiftmodule @/Users/adamkz/look/build/release-signed/DerivedData/Build/Intermediates.noindex/Look.build/Release/LookAutomation.build/Objects-normal/arm64/LookAutomation-linker-args.resp -Xlinker -no_adhoc_codesign -o /Users/adamkz/look/build/release-signed/DerivedData/Build/Products/Release/LookAutomation.framework/Versions/A/LookAutomation

ExtractAppIntentsMetadata (in target 'LookAutomation' from project 'Look')
    cd /Users/adamkz/look
    /Applications/Xcode.app/Contents/Developer/Toolchains/XcodeDefault.xctoolchain/usr/bin/appintentsmetadataprocessor --toolchain-dir /Applications/Xcode.app/Contents/Developer/Toolchains/XcodeDefault.xctoolchain --module-name LookAutomation --sdk-root /Applications/Xcode.app/Contents/Developer/Platforms/MacOSX.platform/Developer/SDKs/MacOSX26.2.sdk --xcode-version 17C52 --platform-family macOS --deployment-target 14.0 --bundle-identifier com.look.LookAutomation --output /Users/adamkz/look/build/release-signed/DerivedData/Build/Products/Release/LookAutomation.framework/Versions/A/Resources --target-triple arm64-apple-macos14.0 --binary-file /Users/adamkz/look/build/release-signed/DerivedData/Build/Products/Release/LookAutomation.framework/Versions/A/LookAutomation --dependency-file /Users/adamkz/look/build/release-signed/DerivedData/Build/Intermediates.noindex/Look.build/Release/LookAutomation.build/Objects-normal/arm64/LookAutomation_dependency_info.dat --stringsdata-file /Users/adamkz/look/build/release-signed/DerivedData/Build/Intermediates.noindex/Look.build/Release/LookAutomation.build/Objects-normal/arm64/ExtractedAppShortcutsMetadata.stringsdata --source-file-list /Users/adamkz/look/build/release-signed/DerivedData/Build/Intermediates.noindex/Look.build/Release/LookAutomation.build/Objects-normal/arm64/LookAutomation.SwiftFileList --metadata-file-list /Users/adamkz/look/build/release-signed/DerivedData/Build/Intermediates.noindex/Look.build/Release/LookAutomation.build/LookAutomation.DependencyMetadataFileList --static-metadata-file-list /Users/adamkz/look/build/release-signed/DerivedData/Build/Intermediates.noindex/Look.build/Release/LookAutomation.build/LookAutomation.DependencyStaticMetadataFileList --swift-const-vals-list /Users/adamkz/look/build/release-signed/DerivedData/Build/Intermediates.noindex/Look.build/Release/LookAutomation.build/Objects-normal/arm64/LookAutomation.SwiftConstValuesFileList --compile-time-extraction --deployment-aware-processing --validate-assistant-intents --no-app-shortcuts-localization
2026-02-28 02:39:28.335 appintentsmetadataprocessor[23902:5933503] Starting appintentsmetadataprocessor export
2026-02-28 02:39:28.342 appintentsmetadataprocessor[23902:5933503] warning: Metadata extraction skipped. No AppIntents.framework dependency found.

GenerateDSYMFile /Users/adamkz/look/build/release-signed/DerivedData/Build/Products/Release/LookAutomation.framework.dSYM /Users/adamkz/look/build/release-signed/DerivedData/Build/Products/Release/LookAutomation.framework/Versions/A/LookAutomation (in target 'LookAutomation' from project 'Look')
    cd /Users/adamkz/look
    /Applications/Xcode.app/Contents/Developer/Toolchains/XcodeDefault.xctoolchain/usr/bin/dsymutil /Users/adamkz/look/build/release-signed/DerivedData/Build/Products/Release/LookAutomation.framework/Versions/A/LookAutomation -o /Users/adamkz/look/build/release-signed/DerivedData/Build/Products/Release/LookAutomation.framework.dSYM

GenerateTAPI /Users/adamkz/look/build/release-signed/DerivedData/Build/Intermediates.noindex/EagerLinkingTBDs/Release/LookAutomation.framework/Versions/A/LookAutomation.tbd (in target 'LookAutomation' from project 'Look')
    cd /Users/adamkz/look
    /Applications/Xcode.app/Contents/Developer/Toolchains/XcodeDefault.xctoolchain/usr/bin/tapi stubify -isysroot /Applications/Xcode.app/Contents/Developer/Platforms/MacOSX.platform/Developer/SDKs/MacOSX26.2.sdk -F/Users/adamkz/look/build/release-signed/DerivedData/Build/Products/Release -L/Users/adamkz/look/build/release-signed/DerivedData/Build/Products/Release /Users/adamkz/look/build/release-signed/DerivedData/Build/Products/Release/LookAutomation.framework/Versions/A/LookAutomation -o /Users/adamkz/look/build/release-signed/DerivedData/Build/Intermediates.noindex/EagerLinkingTBDs/Release/LookAutomation.framework/Versions/A/LookAutomation.tbd

CodeSign /Users/adamkz/look/build/release-signed/DerivedData/Build/Products/Release/LookAutomation.framework/Versions/A (in target 'LookAutomation' from project 'Look')
    cd /Users/adamkz/look
    
    Signing Identity:     "Sign to Run Locally"
    
    /usr/bin/codesign --force --sign - --timestamp\=none --generate-entitlement-der /Users/adamkz/look/build/release-signed/DerivedData/Build/Products/Release/LookAutomation.framework/Versions/A

RegisterExecutionPolicyException /Users/adamkz/look/build/release-signed/DerivedData/Build/Products/Release/LookAutomation.framework (in target 'LookAutomation' from project 'Look')
    cd /Users/adamkz/look
    builtin-RegisterExecutionPolicyException /Users/adamkz/look/build/release-signed/DerivedData/Build/Products/Release/LookAutomation.framework

Touch /Users/adamkz/look/build/release-signed/DerivedData/Build/Products/Release/LookAutomation.framework (in target 'LookAutomation' from project 'Look')
    cd /Users/adamkz/look
    /usr/bin/touch -c /Users/adamkz/look/build/release-signed/DerivedData/Build/Products/Release/LookAutomation.framework

SymLink /Users/adamkz/look/build/release-signed/DerivedData/Build/Intermediates.noindex/EagerLinkingTBDs/Release/LookAutomation.framework/LookAutomation.tbd /Users/adamkz/look/build/release-signed/DerivedData/Build/Intermediates.noindex/EagerLinkingTBDs/Release/LookAutomation.framework/Versions/A/LookAutomation.tbd (in target 'LookAutomation' from project 'Look')
    cd /Users/adamkz/look
    /bin/ln -sfh /Users/adamkz/look/build/release-signed/DerivedData/Build/Intermediates.noindex/EagerLinkingTBDs/Release/LookAutomation.framework/Versions/A/LookAutomation.tbd /Users/adamkz/look/build/release-signed/DerivedData/Build/Intermediates.noindex/EagerLinkingTBDs/Release/LookAutomation.framework/LookAutomation.tbd

SwiftExplicitDependencyGeneratePcm arm64 /Users/adamkz/look/build/release-signed/DerivedData/ModuleCache.noindex/Cocoa-21VG6LG9QBOD2O4IB04LEFD3G.pcm

SwiftExplicitDependencyGeneratePcm arm64 /Users/adamkz/look/build/release-signed/DerivedData/ModuleCache.noindex/SwiftUI-95QH03J38C2P93JVKY4TSAN8Z.pcm

SwiftExplicitDependencyGeneratePcm arm64 /Users/adamkz/look/build/release-signed/DerivedData/ModuleCache.noindex/WebKit-27GU6ZVZKF1JOQ1PP4NIRUAJQ.pcm

SwiftExplicitDependencyGeneratePcm arm64 /Users/adamkz/look/build/release-signed/DerivedData/ModuleCache.noindex/PDFKit-5KK921M9R19EH1G5TH8P2O4ZJ.pcm

SwiftCompile normal arm64 Compiling\ LookData.swift,\ PersistenceController.swift,\ LibraryRootStore.swift,\ LookLogger.swift,\ Telemetry.swift,\ AnnotationService.swift,\ CollectionService.swift,\ DocumentService.swift,\ EPUBParser.swift,\ ImportService.swift,\ ThumbnailService.swift,\ Document+CoreDataClass.swift,\ Document+CoreDataProperties.swift,\ Note+CoreDataClass.swift,\ Note+CoreDataProperties.swift,\ Annotation+CoreDataClass.swift,\ Annotation+CoreDataProperties.swift,\ DocumentCollection+CoreDataClass.swift,\ DocumentCollection+CoreDataProperties.swift,\ Tag+CoreDataClass.swift,\ Tag+CoreDataProperties.swift,\ Attachment+CoreDataClass.swift,\ Attachment+CoreDataProperties.swift,\ Link+CoreDataClass.swift,\ Link+CoreDataProperties.swift,\ LookModel+CoreDataModel.swift /Users/adamkz/look/Sources/LookData/Sources/LookData.swift /Users/adamkz/look/Sources/LookData/Sources/PersistenceController.swift /Users/adamkz/look/Sources/LookData/Sources/LibraryRootStore.swift /Users/adamkz/look/Sources/LookData/Sources/LookLogger.swift /Users/adamkz/look/Shared/Support/Telemetry.swift /Users/adamkz/look/Sources/LookData/Sources/AnnotationService.swift /Users/adamkz/look/Sources/LookData/Sources/CollectionService.swift /Users/adamkz/look/Sources/LookData/Sources/DocumentService.swift /Users/adamkz/look/Sources/LookData/Sources/EPUBParser.swift /Users/adamkz/look/Sources/LookData/Sources/ImportService.swift /Users/adamkz/look/Sources/LookData/Sources/ThumbnailService.swift /Users/adamkz/look/build/release-signed/DerivedData/Build/Intermediates.noindex/Look.build/Release/LookData.build/DerivedSources/CoreDataGenerated/LookModel/Document+CoreDataClass.swift /Users/adamkz/look/build/release-signed/DerivedData/Build/Intermediates.noindex/Look.build/Release/LookData.build/DerivedSources/CoreDataGenerated/LookModel/Document+CoreDataProperties.swift /Users/adamkz/look/build/release-signed/DerivedData/Build/Intermediates.noindex/Look.build/Release/LookData.build/DerivedSources/CoreDataGenerated/LookModel/Note+CoreDataClass.swift /Users/adamkz/look/build/release-signed/DerivedData/Build/Intermediates.noindex/Look.build/Release/LookData.build/DerivedSources/CoreDataGenerated/LookModel/Note+CoreDataProperties.swift /Users/adamkz/look/build/release-signed/DerivedData/Build/Intermediates.noindex/Look.build/Release/LookData.build/DerivedSources/CoreDataGenerated/LookModel/Annotation+CoreDataClass.swift /Users/adamkz/look/build/release-signed/DerivedData/Build/Intermediates.noindex/Look.build/Release/LookData.build/DerivedSources/CoreDataGenerated/LookModel/Annotation+CoreDataProperties.swift /Users/adamkz/look/build/release-signed/DerivedData/Build/Intermediates.noindex/Look.build/Release/LookData.build/DerivedSources/CoreDataGenerated/LookModel/DocumentCollection+CoreDataClass.swift /Users/adamkz/look/build/release-signed/DerivedData/Build/Intermediates.noindex/Look.build/Release/LookData.build/DerivedSources/CoreDataGenerated/LookModel/DocumentCollection+CoreDataProperties.swift /Users/adamkz/look/build/release-signed/DerivedData/Build/Intermediates.noindex/Look.build/Release/LookData.build/DerivedSources/CoreDataGenerated/LookModel/Tag+CoreDataClass.swift /Users/adamkz/look/build/release-signed/DerivedData/Build/Intermediates.noindex/Look.build/Release/LookData.build/DerivedSources/CoreDataGenerated/LookModel/Tag+CoreDataProperties.swift /Users/adamkz/look/build/release-signed/DerivedData/Build/Intermediates.noindex/Look.build/Release/LookData.build/DerivedSources/CoreDataGenerated/LookModel/Attachment+CoreDataClass.swift /Users/adamkz/look/build/release-signed/DerivedData/Build/Intermediates.noindex/Look.build/Release/LookData.build/DerivedSources/CoreDataGenerated/LookModel/Attachment+CoreDataProperties.swift /Users/adamkz/look/build/release-signed/DerivedData/Build/Intermediates.noindex/Look.build/Release/LookData.build/DerivedSources/CoreDataGenerated/LookModel/Link+CoreDataClass.swift /Users/adamkz/look/build/release-signed/DerivedData/Build/Intermediates.noindex/Look.build/Release/LookData.build/DerivedSources/CoreDataGenerated/LookModel/Link+CoreDataProperties.swift /Users/adamkz/look/build/release-signed/DerivedData/Build/Intermediates.noindex/Look.build/Release/LookData.build/DerivedSources/CoreDataGenerated/LookModel/LookModel+CoreDataModel.swift /Applications/Xcode.app/Contents/Developer/Toolchains/XcodeDefault.xctoolchain/usr/lib/swift/macosx/prebuilt-modules/26.2/CryptoKit.swiftmodule/arm64e-apple-macos.swiftmodule /Applications/Xcode.app/Contents/Developer/Toolchains/XcodeDefault.xctoolchain/usr/lib/swift/macosx/prebuilt-modules/26.2/Darwin.swiftmodule/arm64e-apple-macos.swiftmodule /Applications/Xcode.app/Contents/Developer/Toolchains/XcodeDefault.xctoolchain/usr/lib/swift/macosx/prebuilt-modules/26.2/Dispatch.swiftmodule/arm64e-apple-macos.swiftmodule /Applications/Xcode.app/Contents/Developer/Toolchains/XcodeDefault.xctoolchain/usr/lib/swift/macosx/prebuilt-modules/26.2/LocalAuthentication.swiftmodule/arm64e-apple-macos.swiftmodule /Applications/Xcode.app/Contents/Developer/Toolchains/XcodeDefault.xctoolchain/usr/lib/swift/macosx/prebuilt-modules/26.2/SwiftUICore.swiftmodule/arm64e-apple-macos.swiftmodule /Applications/Xcode.app/Contents/Developer/Toolchains/XcodeDefault.xctoolchain/usr/lib/swift/macosx/prebuilt-modules/26.2/_DarwinFoundation3.swiftmodule/arm64e-apple-macos.swiftmodule /Applications/Xcode.app/Contents/Developer/Toolchains/XcodeDefault.xctoolchain/usr/lib/swift/macosx/prebuilt-modules/26.2/QuartzCore.swiftmodule/arm64e-apple-macos.swiftmodule /Applications/Xcode.app/Contents/Developer/Toolchains/XcodeDefault.xctoolchain/usr/lib/swift/macosx/prebuilt-modules/26.2/Symbols.swiftmodule/arm64e-apple-macos.swiftmodule /Applications/Xcode.app/Contents/Developer/Toolchains/XcodeDefault.xctoolchain/usr/lib/swift/macosx/prebuilt-modules/26.2/IOKit.swiftmodule/arm64e-apple-macos.swiftmodule /Applications/Xcode.app/Contents/Developer/Toolchains/XcodeDefault.xctoolchain/usr/lib/swift/macosx/prebuilt-modules/26.2/DeveloperToolsSupport.swiftmodule/arm64e-apple-macos.swiftmodule /Applications/Xcode.app/Contents/Developer/Toolchains/XcodeDefault.xctoolchain/usr/lib/swift/macosx/prebuilt-modules/26.2/_DarwinFoundation1.swiftmodule/arm64e-apple-macos.swiftmodule /Applications/Xcode.app/Contents/Developer/Toolchains/XcodeDefault.xctoolchain/usr/lib/swift/macosx/prebuilt-modules/26.2/AppKit.swiftmodule/arm64e-apple-macos.swiftmodule /Applications/Xcode.app/Contents/Developer/Toolchains/XcodeDefault.xctoolchain/usr/lib/swift/macosx/prebuilt-modules/26.2/_Builtin_float.swiftmodule/arm64e-apple-macos.swiftmodule /Applications/Xcode.app/Contents/Developer/Toolchains/XcodeDefault.xctoolchain/usr/lib/swift/macosx/prebuilt-modules/26.2/System.swiftmodule/arm64e-apple-macos.swiftmodule /Applications/Xcode.app/Contents/Developer/Toolchains/XcodeDefault.xctoolchain/usr/lib/swift/macosx/prebuilt-modules/26.2/simd.swiftmodule/arm64e-apple-macos.swiftmodule /Applications/Xcode.app/Contents/Developer/Toolchains/XcodeDefault.xctoolchain/usr/lib/swift/macosx/prebuilt-modules/26.2/Swift.swiftmodule/arm64e-apple-macos.swiftmodule /Applications/Xcode.app/Contents/Developer/Toolchains/XcodeDefault.xctoolchain/usr/lib/swift/macosx/prebuilt-modules/26.2/Combine.swiftmodule/arm64e-apple-macos.swiftmodule /Applications/Xcode.app/Contents/Developer/Toolchains/XcodeDefault.xctoolchain/usr/lib/swift/macosx/prebuilt-modules/26.2/os.swiftmodule/arm64e-apple-macos.swiftmodule /Applications/Xcode.app/Contents/Developer/Toolchains/XcodeDefault.xctoolchain/usr/lib/swift/macosx/prebuilt-modules/26.2/CoreGraphics.swiftmodule/arm64e-apple-macos.swiftmodule /Applications/Xcode.app/Contents/Developer/Toolchains/XcodeDefault.xctoolchain/usr/lib/swift/macosx/prebuilt-modules/26.2/CoreText.swiftmodule/arm64e-apple-macos.swiftmodule /Applications/Xcode.app/Contents/Developer/Toolchains/XcodeDefault.xctoolchain/usr/lib/swift/macosx/prebuilt-modules/26.2/CoreData.swiftmodule/arm64e-apple-macos.swiftmodule /Applications/Xcode.app/Contents/Developer/Toolchains/XcodeDefault.xctoolchain/usr/lib/swift/macosx/prebuilt-modules/26.2/_StringProcessing.swiftmodule/arm64e-apple-macos.swiftmodule /Applications/Xcode.app/Contents/Developer/Toolchains/XcodeDefault.xctoolchain/usr/lib/swift/macosx/prebuilt-modules/26.2/XPC.swiftmodule/arm64e-apple-macos.swiftmodule /Applications/Xcode.app/Contents/Developer/Toolchains/XcodeDefault.xctoolchain/usr/lib/swift/macosx/prebuilt-modules/26.2/PDFKit.swiftmodule/arm64e-apple-macos.swiftmodule /Applications/Xcode.app/Contents/Developer/Toolchains/XcodeDefault.xctoolchain/usr/lib/swift/macosx/prebuilt-modules/26.2/Compression.swiftmodule/arm64e-apple-macos.swiftmodule /Applications/Xcode.app/Contents/Developer/Toolchains/XcodeDefault.xctoolchain/usr/lib/swift/macosx/prebuilt-modules/26.2/OSLog.swiftmodule/arm64e-apple-macos.swiftmodule /Applications/Xcode.app/Contents/Developer/Toolchains/XcodeDefault.xctoolchain/usr/lib/swift/macosx/prebuilt-modules/26.2/_Concurrency.swiftmodule/arm64e-apple-macos.swiftmodule /Applications/Xcode.app/Contents/Developer/Toolchains/XcodeDefault.xctoolchain/usr/lib/swift/macosx/prebuilt-modules/26.2/Accessibility.swiftmodule/arm64e-apple-macos.swiftmodule /Applications/Xcode.app/Contents/Developer/Toolchains/XcodeDefault.xctoolchain/usr/lib/swift/macosx/prebuilt-modules/26.2/CoreFoundation.swiftmodule/arm64e-apple-macos.swiftmodule /Applications/Xcode.app/Contents/Developer/Toolchains/XcodeDefault.xctoolchain/usr/lib/swift/macosx/prebuilt-modules/26.2/CoreVideo.swiftmodule/arm64e-apple-macos.swiftmodule /Applications/Xcode.app/Contents/Developer/Toolchains/XcodeDefault.xctoolchain/usr/lib/swift/macosx/prebuilt-modules/26.2/Observation.swiftmodule/arm64e-apple-macos.swiftmodule /Applications/Xcode.app/Contents/Developer/Toolchains/XcodeDefault.xctoolchain/usr/lib/swift/macosx/prebuilt-modules/26.2/ObjectiveC.swiftmodule/arm64e-apple-macos.swiftmodule /Applications/Xcode.app/Contents/Developer/Toolchains/XcodeDefault.xctoolchain/usr/lib/swift/macosx/prebuilt-modules/26.2/CoreImage.swiftmodule/arm64e-apple-macos.swiftmodule /Applications/Xcode.app/Contents/Developer/Toolchains/XcodeDefault.xctoolchain/usr/lib/swift/macosx/prebuilt-modules/26.2/_DarwinFoundation2.swiftmodule/arm64e-apple-macos.swiftmodule /Applications/Xcode.app/Contents/Developer/Toolchains/XcodeDefault.xctoolchain/usr/lib/swift/macosx/prebuilt-modules/26.2/Metal.swiftmodule/arm64e-apple-macos.swiftmodule /Applications/Xcode.app/Contents/Developer/Toolchains/XcodeDefault.xctoolchain/usr/lib/swift/macosx/prebuilt-modules/26.2/Foundation.swiftmodule/arm64e-apple-macos.swiftmodule /Applications/Xcode.app/Contents/Developer/Toolchains/XcodeDefault.xctoolchain/usr/lib/swift/macosx/prebuilt-modules/26.2/UniformTypeIdentifiers.swiftmodule/arm64e-apple-macos.swiftmodule /Applications/Xcode.app/Contents/Developer/Toolchains/XcodeDefault.xctoolchain/usr/lib/swift/macosx/prebuilt-modules/26.2/CoreTransferable.swiftmodule/arm64e-apple-macos.swiftmodule /Applications/Xcode.app/Contents/Developer/Toolchains/XcodeDefault.xctoolchain/usr/lib/swift/macosx/prebuilt-modules/26.2/DataDetection.swiftmodule/arm64e-apple-macos.swiftmodule /Users/adamkz/look/build/release-signed/DerivedData/ModuleCache.noindex/os_object-6O54LNC3RDNNQRT6O619GR730.pcm /Users/adamkz/look/build/release-signed/DerivedData/ModuleCache.noindex/_Builtin_stddef-5J29G905D7QKKQ1V26WT6X2T7.pcm /Users/adamkz/look/build/release-signed/DerivedData/ModuleCache.noindex/CoreText-101FRSCZZW718MSUTKNWUA484.pcm /Users/adamkz/look/build/release-signed/DerivedData/ModuleCache.noindex/LocalAuthentication-2GGBT00BQEZ5KJX5UMOH6YRX2.pcm /Users/adamkz/look/build/release-signed/DerivedData/ModuleCache.noindex/CoreImage-DVH7KOX93H16WPEWP8GZGQRVH.pcm /Users/adamkz/look/build/release-signed/DerivedData/ModuleCache.noindex/sys_types-C2H53E0LP9F3MZOBMD0WJNHI9.pcm /Users/adamkz/look/build/release-signed/DerivedData/ModuleCache.noindex/CoreData-EEDF3NHLXBGY5WY2WJQPVN8ZK.pcm /Users/adamkz/look/build/release-signed/DerivedData/ModuleCache.noindex/os-MI6ND10QGUNNXERPS5RL0LGZ.pcm /Users/adamkz/look/build/release-signed/DerivedData/ModuleCache.noindex/Foundation-C01VOWLJAT43R0EIOXJCC2B37.pcm /Users/adamkz/look/build/release-signed/DerivedData/ModuleCache.noindex/launch-DYB2HT15ZDV82A52UYS3AP6VZ.pcm /Users/adamkz/look/build/release-signed/DerivedData/ModuleCache.noindex/DiskArbitration-182LSJOLL6NHGC8B7LU8Z6X4A.pcm /Users/adamkz/look/build/release-signed/DerivedData/ModuleCache.noindex/CoreGraphics-48K97OA5YDZHVG86ZPMOR7632.pcm /Users/adamkz/look/build/release-signed/DerivedData/ModuleCache.noindex/CoreVideo-68UHICY025QX4HXVU6KEVZGBQ.pcm /Users/adamkz/look/build/release-signed/DerivedData/ModuleCache.noindex/AppKit-BC8D5IYKTFOFOHGJRH63XXVZ5.pcm /Users/adamkz/look/build/release-signed/DerivedData/ModuleCache.noindex/_SwiftConcurrencyShims-95ITI2VHLQMF5IYZYA1RFI3WO.pcm /Users/adamkz/look/build/release-signed/DerivedData/ModuleCache.noindex/DeveloperToolsSupport-9PYEX437LNP27J3844CO2BCUS.pcm /Users/adamkz/look/build/release-signed/DerivedData/ModuleCache.noindex/_Builtin_tgmath-BV342MJ6LJLTPHPX73O8MH1LZ.pcm /Users/adamkz/look/build/release-signed/DerivedData/ModuleCache.noindex/MachO-A74HC4JJULGDGEEBBA2UVGHQI.pcm /Users/adamkz/look/build/release-signed/DerivedData/ModuleCache.noindex/_Builtin_float-AVX9XNB8TPLILDMGLVXRCVW62.pcm /Users/adamkz/look/build/release-signed/DerivedData/ModuleCache.noindex/_Builtin_limits-E8CAXKNYKPRR3C3R43JJZ26RL.pcm /Users/adamkz/look/build/release-signed/DerivedData/ModuleCache.noindex/_Builtin_stdbool-EIPABQT0G0AJ9UUW48DH5ROXB.pcm /Users/adamkz/look/build/release-signed/DerivedData/ModuleCache.noindex/Compression-CQ6WUAO22VPFKYCQ9HG42TCCO.pcm /Users/adamkz/look/build/release-signed/DerivedData/ModuleCache.noindex/CoreFoundation-9Q2KFEZJ7Q50TIVHS4XH6MTAG.pcm /Users/adamkz/look/build/release-signed/DerivedData/ModuleCache.noindex/XPC-7NF503FMO9A59AA8D9X0GMVRD.pcm /Users/adamkz/look/build/release-signed/DerivedData/ModuleCache.noindex/_Builtin_stdarg-EKXMAU59G2O5UJ1D1C1LB97D8.pcm /Users/adamkz/look/build/release-signed/DerivedData/ModuleCache.noindex/Accessibility-3CWK6XOISNQB4Q2SGW6FWIP70.pcm /Users/adamkz/look/build/release-signed/DerivedData/ModuleCache.noindex/UniformTypeIdentifiers-AZFPE2DHQZB510BFKH6XTG8RK.pcm /Users/adamkz/look/build/release-signed/DerivedData/ModuleCache.noindex/IOSurface-C135OVI9R0KD0JKQX0C7XU3OE.pcm /Users/adamkz/look/build/release-signed/DerivedData/ModuleCache.noindex/Metal-C6KH0ML3O0YQB1XO9U0CNF4IL.pcm /Users/adamkz/look/build/release-signed/DerivedData/ModuleCache.noindex/DataDetection-2F5TVLG2Y9OSRBISM8OI9IQW5.pcm /Users/adamkz/look/build/release-signed/DerivedData/ModuleCache.noindex/_DarwinFoundation1-8NLC2NC4ZX9KJYB8N6QEYZV4M.pcm /Users/adamkz/look/build/release-signed/DerivedData/ModuleCache.noindex/_Builtin_inttypes-1MF2316SNU3CA1AU7HMMBRQ0K.pcm /Users/adamkz/look/build/release-signed/DerivedData/ModuleCache.noindex/ObjectiveC-5BY4ZHRBYO6R5N77XCPPIJNBQ.pcm /Users/adamkz/look/build/release-signed/DerivedData/ModuleCache.noindex/ImageIO-29C03LOISHCRSBCQHBSM5EEIE.pcm /Users/adamkz/look/build/release-signed/DerivedData/ModuleCache.noindex/OpenGL-7KEBJER1U0UQ5MAU8GBYRHQEO.pcm /Users/adamkz/look/build/release-signed/DerivedData/ModuleCache.noindex/ptrcheck-8ZA1FKYPOIF39BVX4I5MYSKJR.pcm /Users/adamkz/look/build/release-signed/DerivedData/ModuleCache.noindex/_Builtin_stdatomic-EK7AQUSDP6TV2N6X6QKEJZVMU.pcm /Users/adamkz/look/build/release-signed/DerivedData/ModuleCache.noindex/CoreServices-DF9FPNE37M517ABAG3T8W62V4.pcm /Users/adamkz/look/build/release-signed/DerivedData/ModuleCache.noindex/_AvailabilityInternal-425JT0X59YAOWC8O1B83GNACH.pcm /Users/adamkz/look/build/release-signed/DerivedData/ModuleCache.noindex/_Builtin_stdint-1VP8NVM0ZLFVN0SDPEID9K89C.pcm /Users/adamkz/look/build/release-signed/DerivedData/ModuleCache.noindex/_DarwinFoundation3-8HGAQLP9OCYHT1HH0HEO7YDNO.pcm /Users/adamkz/look/build/release-signed/DerivedData/ModuleCache.noindex/Darwin-DVS3EF2IDNFCAXVBANU855Z37.pcm /Users/adamkz/look/build/release-signed/DerivedData/ModuleCache.noindex/SwiftUICore-4XX15QX83MVBVIMTS3WXYFH61.pcm /Users/adamkz/look/build/release-signed/DerivedData/ModuleCache.noindex/CoreTransferable-8SYGRBWEHAG6F46ADNNFW8NNZ.pcm /Users/adamkz/look/build/release-signed/DerivedData/ModuleCache.noindex/ApplicationServices-51FGN1M9YXMGT7LCHAP59IRXC.pcm /Users/adamkz/look/build/release-signed/DerivedData/ModuleCache.noindex/SwiftShims-5Y5KMT579CPTOP1VACOBMWIEJ.pcm /Users/adamkz/look/build/release-signed/DerivedData/ModuleCache.noindex/os_workgroup-1OMSAV6G6UQV50TKJGACJD3D0.pcm /Users/adamkz/look/build/release-signed/DerivedData/ModuleCache.noindex/Dispatch-ELD3YT36PPOV6YYRARXTCOGPQ.pcm /Users/adamkz/look/build/release-signed/DerivedData/ModuleCache.noindex/libkern-6RENY90G49GNLUGLSLQROBSK6.pcm /Users/adamkz/look/build/release-signed/DerivedData/ModuleCache.noindex/libDER-5JNXA6M7LAVTEGWIKMX83SSFR.pcm /Users/adamkz/look/build/release-signed/DerivedData/ModuleCache.noindex/CUPS-8OW4NUY8J6Q5IAVTOLLJT4F7P.pcm /Users/adamkz/look/build/release-signed/DerivedData/ModuleCache.noindex/_Builtin_intrinsics-A6SRJL8AECCOV8SUZW68V6SE.pcm /Users/adamkz/look/build/release-signed/DerivedData/ModuleCache.noindex/IOKit-D6LUPHHFI75RSC24ROB2T9FDM.pcm /Users/adamkz/look/build/release-signed/DerivedData/ModuleCache.noindex/QuartzCore-EDU5XWIHRSTVVEM3AY97T62AK.pcm /Users/adamkz/look/build/release-signed/DerivedData/ModuleCache.noindex/CFNetwork-ABIDTUFVGIFF54SR14ZTEFVXR.pcm /Users/adamkz/look/build/release-signed/DerivedData/ModuleCache.noindex/Security-3XAELNBNXZNXLGZ9D25KCM5XO.pcm /Users/adamkz/look/build/release-signed/DerivedData/ModuleCache.noindex/PDFKit-5KK921M9R19EH1G5TH8P2O4ZJ.pcm /Users/adamkz/look/build/release-signed/DerivedData/ModuleCache.noindex/ColorSync-4B549BL1DQ3V83L9JLDAVK56Q.pcm /Users/adamkz/look/build/release-signed/DerivedData/ModuleCache.noindex/ptrauth-4XZJVD4C2IRYHV7TYB7ERRAMQ.pcm /Users/adamkz/look/build/release-signed/DerivedData/ModuleCache.noindex/Symbols-6P2H9KADUQWSW304FNDQZIYGK.pcm /Users/adamkz/look/build/release-signed/DerivedData/ModuleCache.noindex/OSLog-7V5X06EAH7X2HEPYESM5J6T5Q.pcm /Users/adamkz/look/build/release-signed/DerivedData/ModuleCache.noindex/simd-CVMGJD3V3W1RX2HF6USLDHS8X.pcm /Users/adamkz/look/build/release-signed/DerivedData/ModuleCache.noindex/_DarwinFoundation2-3GGA7K08F1J63WFFVHVPZT1GH.pcm /Users/adamkz/look/build/release-signed/DerivedData/ModuleCache.noindex/Cocoa-21VG6LG9QBOD2O4IB04LEFD3G.pcm /Users/adamkz/look/build/release-signed/DerivedData/Build/Intermediates.noindex/Look.build/Release/LookData.build/Objects-normal/arm64/LookData-dependencies-1.json (in target 'LookData' from project 'Look')
CompileSwift normal arm64 (in target 'LookData' from project 'Look')
    cd /Users/adamkz/look
    

SwiftCompile normal arm64 Compiling\ LookKit.swift,\ FeatureFlags.swift,\ PlatformCompat.swift,\ ContentAreaEnvironment.swift,\ ContentAreaView.swift,\ ContentAreaViewModel.swift,\ InspectorPanelView.swift,\ InspectorPanelViewModel.swift,\ LibrarySidebarView.swift,\ LibrarySidebarViewModel.swift,\ EPUBReaderView.swift,\ EPUBReaderViewModel.swift /Users/adamkz/look/Sources/LookKit/Sources/LookKit.swift /Users/adamkz/look/Sources/LookKit/Sources/FeatureFlags.swift /Users/adamkz/look/Sources/LookKit/Sources/PlatformCompat.swift /Users/adamkz/look/Sources/LookKit/Sources/ContentAreaEnvironment.swift /Users/adamkz/look/Sources/LookKit/Sources/ContentAreaView.swift /Users/adamkz/look/Sources/LookKit/Sources/ContentAreaViewModel.swift /Users/adamkz/look/Sources/LookKit/Sources/InspectorPanelView.swift /Users/adamkz/look/Sources/LookKit/Sources/InspectorPanelViewModel.swift /Users/adamkz/look/Sources/LookKit/Sources/LibrarySidebarView.swift /Users/adamkz/look/Sources/LookKit/Sources/LibrarySidebarViewModel.swift /Users/adamkz/look/Sources/LookKit/Sources/EPUBReaderView.swift /Users/adamkz/look/Sources/LookKit/Sources/EPUBReaderViewModel.swift /Applications/Xcode.app/Contents/Developer/Toolchains/XcodeDefault.xctoolchain/usr/lib/swift/macosx/prebuilt-modules/26.2/WebKit.swiftmodule/arm64e-apple-macos.swiftmodule /Applications/Xcode.app/Contents/Developer/Toolchains/XcodeDefault.xctoolchain/usr/lib/swift/macosx/prebuilt-modules/26.2/CoreTransferable.swiftmodule/arm64e-apple-macos.swiftmodule /Applications/Xcode.app/Contents/Developer/Toolchains/XcodeDefault.xctoolchain/usr/lib/swift/macosx/prebuilt-modules/26.2/Foundation.swiftmodule/arm64e-apple-macos.swiftmodule /Applications/Xcode.app/Contents/Developer/Toolchains/XcodeDefault.xctoolchain/usr/lib/swift/macosx/prebuilt-modules/26.2/Network.swiftmodule/arm64e-apple-macos.swiftmodule /Applications/Xcode.app/Contents/Developer/Toolchains/XcodeDefault.xctoolchain/usr/lib/swift/macosx/prebuilt-modules/26.2/Spatial.swiftmodule/arm64e-apple-macos.swiftmodule /Applications/Xcode.app/Contents/Developer/Toolchains/XcodeDefault.xctoolchain/usr/lib/swift/macosx/prebuilt-modules/26.2/Combine.swiftmodule/arm64e-apple-macos.swiftmodule /Applications/Xcode.app/Contents/Developer/Toolchains/XcodeDefault.xctoolchain/usr/lib/swift/macosx/prebuilt-modules/26.2/CoreFoundation.swiftmodule/arm64e-apple-macos.swiftmodule /Applications/Xcode.app/Contents/Developer/Toolchains/XcodeDefault.xctoolchain/usr/lib/swift/macosx/prebuilt-modules/26.2/_Builtin_float.swiftmodule/arm64e-apple-macos.swiftmodule /Applications/Xcode.app/Contents/Developer/Toolchains/XcodeDefault.xctoolchain/usr/lib/swift/macosx/prebuilt-modules/26.2/CoreVideo.swiftmodule/arm64e-apple-macos.swiftmodule /Applications/Xcode.app/Contents/Developer/Toolchains/XcodeDefault.xctoolchain/usr/lib/swift/macosx/prebuilt-modules/26.2/Accessibility.swiftmodule/arm64e-apple-macos.swiftmodule /Applications/Xcode.app/Contents/Developer/Toolchains/XcodeDefault.xctoolchain/usr/lib/swift/macosx/prebuilt-modules/26.2/_DarwinFoundation2.swiftmodule/arm64e-apple-macos.swiftmodule /Applications/Xcode.app/Contents/Developer/Toolchains/XcodeDefault.xctoolchain/usr/lib/swift/macosx/prebuilt-modules/26.2/Observation.swiftmodule/arm64e-apple-macos.swiftmodule /Applications/Xcode.app/Contents/Developer/Toolchains/XcodeDefault.xctoolchain/usr/lib/swift/macosx/prebuilt-modules/26.2/Distributed.swiftmodule/arm64e-apple-macos.swiftmodule /Applications/Xcode.app/Contents/Developer/Toolchains/XcodeDefault.xctoolchain/usr/lib/swift/macosx/prebuilt-modules/26.2/CoreText.swiftmodule/arm64e-apple-macos.swiftmodule /Applications/Xcode.app/Contents/Developer/Toolchains/XcodeDefault.xctoolchain/usr/lib/swift/macosx/prebuilt-modules/26.2/simd.swiftmodule/arm64e-apple-macos.swiftmodule /Applications/Xcode.app/Contents/Developer/Toolchains/XcodeDefault.xctoolchain/usr/lib/swift/macosx/prebuilt-modules/26.2/OSLog.swiftmodule/arm64e-apple-macos.swiftmodule /Applications/Xcode.app/Contents/Developer/Toolchains/XcodeDefault.xctoolchain/usr/lib/swift/macosx/prebuilt-modules/26.2/_Concurrency.swiftmodule/arm64e-apple-macos.swiftmodule /Applications/Xcode.app/Contents/Developer/Toolchains/XcodeDefault.xctoolchain/usr/lib/swift/macosx/prebuilt-modules/26.2/Darwin.swiftmodule/arm64e-apple-macos.swiftmodule /Applications/Xcode.app/Contents/Developer/Toolchains/XcodeDefault.xctoolchain/usr/lib/swift/macosx/prebuilt-modules/26.2/Symbols.swiftmodule/arm64e-apple-macos.swiftmodule /Applications/Xcode.app/Contents/Developer/Toolchains/XcodeDefault.xctoolchain/usr/lib/swift/macosx/prebuilt-modules/26.2/UniformTypeIdentifiers.swiftmodule/arm64e-apple-macos.swiftmodule /Applications/Xcode.app/Contents/Developer/Toolchains/XcodeDefault.xctoolchain/usr/lib/swift/macosx/prebuilt-modules/26.2/_DarwinFoundation1.swiftmodule/arm64e-apple-macos.swiftmodule /Applications/Xcode.app/Contents/Developer/Toolchains/XcodeDefault.xctoolchain/usr/lib/swift/macosx/prebuilt-modules/26.2/SwiftUI.swiftmodule/arm64e-apple-macos.swiftmodule /Applications/Xcode.app/Contents/Developer/Toolchains/XcodeDefault.xctoolchain/usr/lib/swift/macosx/prebuilt-modules/26.2/_StringProcessing.swiftmodule/arm64e-apple-macos.swiftmodule /Applications/Xcode.app/Contents/Developer/Toolchains/XcodeDefault.xctoolchain/usr/lib/swift/macosx/prebuilt-modules/26.2/CoreGraphics.swiftmodule/arm64e-apple-macos.swiftmodule /Applications/Xcode.app/Contents/Developer/Toolchains/XcodeDefault.xctoolchain/usr/lib/swift/macosx/prebuilt-modules/26.2/_WebKit_SwiftUI.swiftmodule/arm64e-apple-macos.swiftmodule /Applications/Xcode.app/Contents/Developer/Toolchains/XcodeDefault.xctoolchain/usr/lib/swift/macosx/prebuilt-modules/26.2/SwiftUICore.swiftmodule/arm64e-apple-macos.swiftmodule /Applications/Xcode.app/Contents/Developer/Toolchains/XcodeDefault.xctoolchain/usr/lib/swift/macosx/prebuilt-modules/26.2/PDFKit.swiftmodule/arm64e-apple-macos.swiftmodule /Applications/Xcode.app/Contents/Developer/Toolchains/XcodeDefault.xctoolchain/usr/lib/swift/macosx/prebuilt-modules/26.2/System.swiftmodule/arm64e-apple-macos.swiftmodule /Applications/Xcode.app/Contents/Developer/Toolchains/XcodeDefault.xctoolchain/usr/lib/swift/macosx/prebuilt-modules/26.2/_DarwinFoundation3.swiftmodule/arm64e-apple-macos.swiftmodule /Applications/Xcode.app/Contents/Developer/Toolchains/XcodeDefault.xctoolchain/usr/lib/swift/macosx/prebuilt-modules/26.2/CoreImage.swiftmodule/arm64e-apple-macos.swiftmodule /Applications/Xcode.app/Contents/Developer/Toolchains/XcodeDefault.xctoolchain/usr/lib/swift/macosx/prebuilt-modules/26.2/QuartzCore.swiftmodule/arm64e-apple-macos.swiftmodule /Applications/Xcode.app/Contents/Developer/Toolchains/XcodeDefault.xctoolchain/usr/lib/swift/macosx/prebuilt-modules/26.2/Swift.swiftmodule/arm64e-apple-macos.swiftmodule /Applications/Xcode.app/Contents/Developer/Toolchains/XcodeDefault.xctoolchain/usr/lib/swift/macosx/prebuilt-modules/26.2/Dispatch.swiftmodule/arm64e-apple-macos.swiftmodule /Applications/Xcode.app/Contents/Developer/Toolchains/XcodeDefault.xctoolchain/usr/lib/swift/macosx/prebuilt-modules/26.2/ObjectiveC.swiftmodule/arm64e-apple-macos.swiftmodule /Applications/Xcode.app/Contents/Developer/Toolchains/XcodeDefault.xctoolchain/usr/lib/swift/macosx/prebuilt-modules/26.2/DataDetection.swiftmodule/arm64e-apple-macos.swiftmodule /Applications/Xcode.app/Contents/Developer/Toolchains/XcodeDefault.xctoolchain/usr/lib/swift/macosx/prebuilt-modules/26.2/XPC.swiftmodule/arm64e-apple-macos.swiftmodule /Applications/Xcode.app/Contents/Developer/Toolchains/XcodeDefault.xctoolchain/usr/lib/swift/macosx/prebuilt-modules/26.2/os.swiftmodule/arm64e-apple-macos.swiftmodule /Applications/Xcode.app/Contents/Developer/Toolchains/XcodeDefault.xctoolchain/usr/lib/swift/macosx/prebuilt-modules/26.2/CoreData.swiftmodule/arm64e-apple-macos.swiftmodule /Applications/Xcode.app/Contents/Developer/Toolchains/XcodeDefault.xctoolchain/usr/lib/swift/macosx/prebuilt-modules/26.2/IOKit.swiftmodule/arm64e-apple-macos.swiftmodule /Applications/Xcode.app/Contents/Developer/Toolchains/XcodeDefault.xctoolchain/usr/lib/swift/macosx/prebuilt-modules/26.2/Metal.swiftmodule/arm64e-apple-macos.swiftmodule /Applications/Xcode.app/Contents/Developer/Toolchains/XcodeDefault.xctoolchain/usr/lib/swift/macosx/prebuilt-modules/26.2/DeveloperToolsSupport.swiftmodule/arm64e-apple-macos.swiftmodule /Applications/Xcode.app/Contents/Developer/Toolchains/XcodeDefault.xctoolchain/usr/lib/swift/macosx/prebuilt-modules/26.2/AppKit.swiftmodule/arm64e-apple-macos.swiftmodule /Users/adamkz/look/build/release-signed/DerivedData/ModuleCache.noindex/ColorSync-4B549BL1DQ3V83L9JLDAVK56Q.pcm /Users/adamkz/look/build/release-signed/DerivedData/ModuleCache.noindex/_Builtin_float-AVX9XNB8TPLILDMGLVXRCVW62.pcm /Users/adamkz/look/build/release-signed/DerivedData/ModuleCache.noindex/DiskArbitration-182LSJOLL6NHGC8B7LU8Z6X4A.pcm /Users/adamkz/look/build/release-signed/DerivedData/ModuleCache.noindex/IOKit-D6LUPHHFI75RSC24ROB2T9FDM.pcm /Users/adamkz/look/build/release-signed/DerivedData/ModuleCache.noindex/CoreGraphics-48K97OA5YDZHVG86ZPMOR7632.pcm /Users/adamkz/look/build/release-signed/DerivedData/ModuleCache.noindex/AppKit-BC8D5IYKTFOFOHGJRH63XXVZ5.pcm /Users/adamkz/look/build/release-signed/DerivedData/ModuleCache.noindex/SwiftUICore-4XX15QX83MVBVIMTS3WXYFH61.pcm /Users/adamkz/look/build/release-signed/DerivedData/ModuleCache.noindex/Cocoa-21VG6LG9QBOD2O4IB04LEFD3G.pcm /Users/adamkz/look/build/release-signed/DerivedData/ModuleCache.noindex/_Builtin_limits-E8CAXKNYKPRR3C3R43JJZ26RL.pcm /Users/adamkz/look/build/release-signed/DerivedData/ModuleCache.noindex/IOSurface-C135OVI9R0KD0JKQX0C7XU3OE.pcm /Users/adamkz/look/build/release-signed/DerivedData/ModuleCache.noindex/simd-CVMGJD3V3W1RX2HF6USLDHS8X.pcm /Users/adamkz/look/build/release-signed/DerivedData/ModuleCache.noindex/ObjectiveC-5BY4ZHRBYO6R5N77XCPPIJNBQ.pcm /Users/adamkz/look/build/release-signed/DerivedData/ModuleCache.noindex/_Builtin_tgmath-BV342MJ6LJLTPHPX73O8MH1LZ.pcm /Users/adamkz/look/build/release-signed/DerivedData/ModuleCache.noindex/libkern-6RENY90G49GNLUGLSLQROBSK6.pcm /Users/adamkz/look/build/release-signed/DerivedData/ModuleCache.noindex/_DarwinFoundation1-8NLC2NC4ZX9KJYB8N6QEYZV4M.pcm /Users/adamkz/look/build/release-signed/DerivedData/ModuleCache.noindex/PDFKit-5KK921M9R19EH1G5TH8P2O4ZJ.pcm /Users/adamkz/look/build/release-signed/DerivedData/ModuleCache.noindex/UniformTypeIdentifiers-AZFPE2DHQZB510BFKH6XTG8RK.pcm /Users/adamkz/look/build/release-signed/DerivedData/ModuleCache.noindex/_Builtin_stdbool-EIPABQT0G0AJ9UUW48DH5ROXB.pcm /Users/adamkz/look/build/release-signed/DerivedData/ModuleCache.noindex/WebKit-27GU6ZVZKF1JOQ1PP4NIRUAJQ.pcm /Users/adamkz/look/build/release-signed/DerivedData/ModuleCache.noindex/CUPS-8OW4NUY8J6Q5IAVTOLLJT4F7P.pcm /Users/adamkz/look/build/release-signed/DerivedData/ModuleCache.noindex/Network-BTUUT20ASTRZB92VWSFNI93DH.pcm /Users/adamkz/look/build/release-signed/DerivedData/ModuleCache.noindex/QuartzCore-EDU5XWIHRSTVVEM3AY97T62AK.pcm /Users/adamkz/look/build/release-signed/DerivedData/ModuleCache.noindex/DataDetection-2F5TVLG2Y9OSRBISM8OI9IQW5.pcm /Users/adamkz/look/build/release-signed/DerivedData/ModuleCache.noindex/ptrauth-4XZJVD4C2IRYHV7TYB7ERRAMQ.pcm /Users/adamkz/look/build/release-signed/DerivedData/ModuleCache.noindex/Darwin-DVS3EF2IDNFCAXVBANU855Z37.pcm /Users/adamkz/look/build/release-signed/DerivedData/ModuleCache.noindex/dnssd-7JSQV7L4DQIOZKO5L12KXQBEL.pcm /Users/adamkz/look/build/release-signed/DerivedData/ModuleCache.noindex/CoreServices-DF9FPNE37M517ABAG3T8W62V4.pcm /Users/adamkz/look/build/release-signed/DerivedData/ModuleCache.noindex/Dispatch-ELD3YT36PPOV6YYRARXTCOGPQ.pcm /Users/adamkz/look/build/release-signed/DerivedData/ModuleCache.noindex/Accessibility-3CWK6XOISNQB4Q2SGW6FWIP70.pcm /Users/adamkz/look/build/release-signed/DerivedData/ModuleCache.noindex/CoreFoundation-9Q2KFEZJ7Q50TIVHS4XH6MTAG.pcm /Users/adamkz/look/build/release-signed/DerivedData/ModuleCache.noindex/SwiftUI-95QH03J38C2P93JVKY4TSAN8Z.pcm /Users/adamkz/look/build/release-signed/DerivedData/ModuleCache.noindex/CoreText-101FRSCZZW718MSUTKNWUA484.pcm /Users/adamkz/look/build/release-signed/DerivedData/ModuleCache.noindex/_Builtin_stdatomic-EK7AQUSDP6TV2N6X6QKEJZVMU.pcm /Users/adamkz/look/build/release-signed/DerivedData/ModuleCache.noindex/_Builtin_stdint-1VP8NVM0ZLFVN0SDPEID9K89C.pcm /Users/adamkz/look/build/release-signed/DerivedData/ModuleCache.noindex/DeveloperToolsSupport-9PYEX437LNP27J3844CO2BCUS.pcm /Users/adamkz/look/build/release-signed/DerivedData/ModuleCache.noindex/MachO-A74HC4JJULGDGEEBBA2UVGHQI.pcm /Users/adamkz/look/build/release-signed/DerivedData/ModuleCache.noindex/_Builtin_stdarg-EKXMAU59G2O5UJ1D1C1LB97D8.pcm /Users/adamkz/look/build/release-signed/DerivedData/ModuleCache.noindex/Symbols-6P2H9KADUQWSW304FNDQZIYGK.pcm /Users/adamkz/look/build/release-signed/DerivedData/ModuleCache.noindex/CoreTransferable-8SYGRBWEHAG6F46ADNNFW8NNZ.pcm /Users/adamkz/look/build/release-signed/DerivedData/ModuleCache.noindex/Spatial-9P8FLTS1BKV0K8KTBPATMN690.pcm /Users/adamkz/look/build/release-signed/DerivedData/ModuleCache.noindex/os_workgroup-1OMSAV6G6UQV50TKJGACJD3D0.pcm /Users/adamkz/look/build/release-signed/DerivedData/ModuleCache.noindex/OpenGL-7KEBJER1U0UQ5MAU8GBYRHQEO.pcm /Users/adamkz/look/build/release-signed/DerivedData/ModuleCache.noindex/CoreImage-DVH7KOX93H16WPEWP8GZGQRVH.pcm /Users/adamkz/look/build/release-signed/DerivedData/ModuleCache.noindex/libDER-5JNXA6M7LAVTEGWIKMX83SSFR.pcm /Users/adamkz/look/build/release-signed/DerivedData/ModuleCache.noindex/sys_types-C2H53E0LP9F3MZOBMD0WJNHI9.pcm /Users/adamkz/look/build/release-signed/DerivedData/ModuleCache.noindex/launch-DYB2HT15ZDV82A52UYS3AP6VZ.pcm /Users/adamkz/look/build/release-signed/DerivedData/ModuleCache.noindex/_SwiftConcurrencyShims-95ITI2VHLQMF5IYZYA1RFI3WO.pcm /Users/adamkz/look/build/release-signed/DerivedData/ModuleCache.noindex/Foundation-C01VOWLJAT43R0EIOXJCC2B37.pcm /Users/adamkz/look/build/release-signed/DerivedData/ModuleCache.noindex/JavaScriptCore-4F1A5738Y3IEZJYKHBOSVS3LR.pcm /Users/adamkz/look/build/release-signed/DerivedData/ModuleCache.noindex/_Builtin_inttypes-1MF2316SNU3CA1AU7HMMBRQ0K.pcm /Users/adamkz/look/build/release-signed/DerivedData/ModuleCache.noindex/os-MI6ND10QGUNNXERPS5RL0LGZ.pcm /Users/adamkz/look/build/release-signed/DerivedData/ModuleCache.noindex/_DarwinFoundation3-8HGAQLP9OCYHT1HH0HEO7YDNO.pcm /Users/adamkz/look/build/release-signed/DerivedData/ModuleCache.noindex/_Builtin_intrinsics-A6SRJL8AECCOV8SUZW68V6SE.pcm /Users/adamkz/look/build/release-signed/DerivedData/ModuleCache.noindex/ApplicationServices-51FGN1M9YXMGT7LCHAP59IRXC.pcm /Users/adamkz/look/build/release-signed/DerivedData/ModuleCache.noindex/ImageIO-29C03LOISHCRSBCQHBSM5EEIE.pcm /Users/adamkz/look/build/release-signed/DerivedData/ModuleCache.noindex/CoreVideo-68UHICY025QX4HXVU6KEVZGBQ.pcm /Users/adamkz/look/build/release-signed/DerivedData/ModuleCache.noindex/_Builtin_stddef-5J29G905D7QKKQ1V26WT6X2T7.pcm /Users/adamkz/look/build/release-signed/DerivedData/ModuleCache.noindex/SwiftShims-5Y5KMT579CPTOP1VACOBMWIEJ.pcm /Users/adamkz/look/build/release-signed/DerivedData/ModuleCache.noindex/XPC-7NF503FMO9A59AA8D9X0GMVRD.pcm /Users/adamkz/look/build/release-signed/DerivedData/ModuleCache.noindex/CFNetwork-ABIDTUFVGIFF54SR14ZTEFVXR.pcm /Users/adamkz/look/build/release-signed/DerivedData/ModuleCache.noindex/os_object-6O54LNC3RDNNQRT6O619GR730.pcm /Users/adamkz/look/build/release-signed/DerivedData/ModuleCache.noindex/Metal-C6KH0ML3O0YQB1XO9U0CNF4IL.pcm /Users/adamkz/look/build/release-signed/DerivedData/ModuleCache.noindex/_AvailabilityInternal-425JT0X59YAOWC8O1B83GNACH.pcm /Users/adamkz/look/build/release-signed/DerivedData/ModuleCache.noindex/CoreData-EEDF3NHLXBGY5WY2WJQPVN8ZK.pcm /Users/adamkz/look/build/release-signed/DerivedData/ModuleCache.noindex/ptrcheck-8ZA1FKYPOIF39BVX4I5MYSKJR.pcm /Users/adamkz/look/build/release-signed/DerivedData/ModuleCache.noindex/_DarwinFoundation2-3GGA7K08F1J63WFFVHVPZT1GH.pcm /Users/adamkz/look/build/release-signed/DerivedData/ModuleCache.noindex/OSLog-7V5X06EAH7X2HEPYESM5J6T5Q.pcm /Users/adamkz/look/build/release-signed/DerivedData/ModuleCache.noindex/Security-3XAELNBNXZNXLGZ9D25KCM5XO.pcm /Users/adamkz/look/build/release-signed/DerivedData/Build/Intermediates.noindex/Look.build/Release/LookKit.build/Objects-normal/arm64/LookKit-dependencies-1.json (in target 'LookKit' from project 'Look')
CompileSwift normal arm64 (in target 'LookKit' from project 'Look')
    cd /Users/adamkz/look
    
/Users/adamkz/look/Sources/LookKit/Sources/LookKit.swift:251:10: warning: 'onChange(of:perform:)' was deprecated in macOS 14.0: Use `onChange` with a two or zero parameter action closure instead.
        .onChange(of: selectedSidebarItem) { newValue in
         ^
/Users/adamkz/look/Sources/LookKit/Sources/ContentAreaView.swift:135:10: warning: 'onChange(of:perform:)' was deprecated in macOS 14.0: Use `onChange` with a two or zero parameter action closure instead.
        .onChange(of: internalSelection) { newValue in
         ^
/Users/adamkz/look/Sources/LookKit/Sources/ContentAreaView.swift:140:10: warning: 'onChange(of:perform:)' was deprecated in macOS 14.0: Use `onChange` with a two or zero parameter action closure instead.
        .onChange(of: selectedID) { newValue in
         ^
/Users/adamkz/look/Sources/LookKit/Sources/ContentAreaView.swift:244:10: warning: 'onChange(of:perform:)' was deprecated in macOS 14.0: Use `onChange` with a two or zero parameter action closure instead.
        .onChange(of: isRenameFieldFocused) { focused in
         ^
/Users/adamkz/look/Sources/LookKit/Sources/ContentAreaView.swift:250:10: warning: 'onChange(of:perform:)' was deprecated in macOS 14.0: Use `onChange` with a two or zero parameter action closure instead.
        .onChange(of: isRenaming) { renaming in
         ^
/Users/adamkz/look/Sources/LookKit/Sources/ContentAreaView.swift:398:10: warning: 'onChange(of:perform:)' was deprecated in macOS 14.0: Use `onChange` with a two or zero parameter action closure instead.
        .onChange(of: internalSelection) { newValue in
         ^
/Users/adamkz/look/Sources/LookKit/Sources/ContentAreaView.swift:403:10: warning: 'onChange(of:perform:)' was deprecated in macOS 14.0: Use `onChange` with a two or zero parameter action closure instead.
        .onChange(of: selectedID) { newValue in
         ^
/Users/adamkz/look/Sources/LookKit/Sources/EPUBReaderView.swift:43:10: warning: 'onChange(of:perform:)' was deprecated in macOS 14.0: Use `onChange` with a two or zero parameter action closure instead.
        .onChange(of: viewModel.currentChapterIndex) { _ in
         ^
/Users/adamkz/look/Sources/LookKit/Sources/EPUBReaderView.swift:46:10: warning: 'onChange(of:perform:)' was deprecated in macOS 14.0: Use `onChange` with a two or zero parameter action closure instead.
        .onChange(of: scenePhase) { phase in
         ^

SwiftDriverJobDiscovery normal arm64 Compiling LookData.swift, PersistenceController.swift, LibraryRootStore.swift, LookLogger.swift, Telemetry.swift, AnnotationService.swift, CollectionService.swift, DocumentService.swift, EPUBParser.swift, ImportService.swift, ThumbnailService.swift, Document+CoreDataClass.swift, Document+CoreDataProperties.swift, Note+CoreDataClass.swift, Note+CoreDataProperties.swift, Annotation+CoreDataClass.swift, Annotation+CoreDataProperties.swift, DocumentCollection+CoreDataClass.swift, DocumentCollection+CoreDataProperties.swift, Tag+CoreDataClass.swift, Tag+CoreDataProperties.swift, Attachment+CoreDataClass.swift, Attachment+CoreDataProperties.swift, Link+CoreDataClass.swift, Link+CoreDataProperties.swift, LookModel+CoreDataModel.swift (in target 'LookData' from project 'Look')

SwiftDriver\ Compilation\ Requirements LookData normal arm64 com.apple.xcode.tools.swift.compiler (in target 'LookData' from project 'Look')
    cd /Users/adamkz/look
    builtin-Swift-Compilation-Requirements -- /Applications/Xcode.app/Contents/Developer/Toolchains/XcodeDefault.xctoolchain/usr/bin/swiftc -module-name LookData -O -whole-module-optimization -enforce-exclusivity\=checked @/Users/adamkz/look/build/release-signed/DerivedData/Build/Intermediates.noindex/Look.build/Release/LookData.build/Objects-normal/arm64/LookData.SwiftFileList -enable-bare-slash-regex -enable-experimental-feature DebugDescriptionMacro -sdk /Applications/Xcode.app/Contents/Developer/Platforms/MacOSX.platform/Developer/SDKs/MacOSX26.2.sdk -target arm64-apple-macos14.0 -g -module-cache-path /Users/adamkz/look/build/release-signed/DerivedData/ModuleCache.noindex -Xfrontend -serialize-debugging-options -swift-version 5 -I /Users/adamkz/look/build/release-signed/DerivedData/Build/Products/Release -F /Users/adamkz/look/build/release-signed/DerivedData/Build/Products/Release -emit-localized-strings -emit-localized-strings-path /Users/adamkz/look/build/release-signed/DerivedData/Build/Intermediates.noindex/Look.build/Release/LookData.build/Objects-normal/arm64 -c -num-threads 8 -Xcc -ivfsstatcache -Xcc /Users/adamkz/look/build/release-signed/DerivedData/SDKStatCaches.noindex/macosx26.2-25C57-00fa09913b459cbbc988d1f6730289ae.sdkstatcache -output-file-map /Users/adamkz/look/build/release-signed/DerivedData/Build/Intermediates.noindex/Look.build/Release/LookData.build/Objects-normal/arm64/LookData-OutputFileMap.json -use-frontend-parseable-output -save-temps -no-color-diagnostics -explicit-module-build -module-cache-path /Users/adamkz/look/build/release-signed/DerivedData/Build/Intermediates.noindex/SwiftExplicitPrecompiledModules -clang-scanner-module-cache-path /Users/adamkz/look/build/release-signed/DerivedData/ModuleCache.noindex -sdk-module-cache-path /Users/adamkz/look/build/release-signed/DerivedData/ModuleCache.noindex -serialize-diagnostics -emit-dependencies -emit-module -emit-module-path /Users/adamkz/look/build/release-signed/DerivedData/Build/Intermediates.noindex/Look.build/Release/LookData.build/Objects-normal/arm64/LookData.swiftmodule -validate-clang-modules-once -clang-build-session-file /Users/adamkz/look/build/release-signed/DerivedData/ModuleCache.noindex/Session.modulevalidation -Xcc -I/Users/adamkz/look/build/release-signed/DerivedData/Build/Intermediates.noindex/Look.build/Release/LookData.build/swift-overrides.hmap -emit-const-values -Xfrontend -const-gather-protocols-file -Xfrontend /Users/adamkz/look/build/release-signed/DerivedData/Build/Intermediates.noindex/Look.build/Release/LookData.build/Objects-normal/arm64/LookData_const_extract_protocols.json -Xcc -iquote -Xcc /Users/adamkz/look/build/release-signed/DerivedData/Build/Intermediates.noindex/Look.build/Release/LookData.build/LookData-generated-files.hmap -Xcc -I/Users/adamkz/look/build/release-signed/DerivedData/Build/Intermediates.noindex/Look.build/Release/LookData.build/LookData-own-target-headers.hmap -Xcc -I/Users/adamkz/look/build/release-signed/DerivedData/Build/Intermediates.noindex/Look.build/Release/LookData.build/LookData-all-non-framework-target-headers.hmap -Xcc -ivfsoverlay -Xcc /Users/adamkz/look/build/release-signed/DerivedData/Build/Intermediates.noindex/Look.build/Release/Look-c3f0a56ea084f757df82bdf40cd5ab63-VFS/all-product-headers.yaml -Xcc -iquote -Xcc /Users/adamkz/look/build/release-signed/DerivedData/Build/Intermediates.noindex/Look.build/Release/LookData.build/LookData-project-headers.hmap -Xcc -I/Users/adamkz/look/build/release-signed/DerivedData/Build/Products/Release/include -Xcc -I/Users/adamkz/look/build/release-signed/DerivedData/Build/Intermediates.noindex/Look.build/Release/LookData.build/DerivedSources-normal/arm64 -Xcc -I/Users/adamkz/look/build/release-signed/DerivedData/Build/Intermediates.noindex/Look.build/Release/LookData.build/DerivedSources/arm64 -Xcc -I/Users/adamkz/look/build/release-signed/DerivedData/Build/Intermediates.noindex/Look.build/Release/LookData.build/DerivedSources -emit-objc-header -emit-objc-header-path /Users/adamkz/look/build/release-signed/DerivedData/Build/Intermediates.noindex/Look.build/Release/LookData.build/Objects-normal/arm64/LookData-Swift.h -working-directory /Users/adamkz/look -no-emit-module-separately-wmo

SwiftMergeGeneratedHeaders /Users/adamkz/look/build/release-signed/DerivedData/Build/Products/Release/LookData.framework/Versions/A/Headers/LookData-Swift.h /Users/adamkz/look/build/release-signed/DerivedData/Build/Intermediates.noindex/Look.build/Release/LookData.build/Objects-normal/arm64/LookData-Swift.h (in target 'LookData' from project 'Look')
    cd /Users/adamkz/look
    builtin-swiftHeaderTool -arch arm64 /Users/adamkz/look/build/release-signed/DerivedData/Build/Intermediates.noindex/Look.build/Release/LookData.build/Objects-normal/arm64/LookData-Swift.h -o /Users/adamkz/look/build/release-signed/DerivedData/Build/Products/Release/LookData.framework/Versions/A/Headers/LookData-Swift.h

Copy /Users/adamkz/look/build/release-signed/DerivedData/Build/Products/Release/LookData.framework/Versions/A/Modules/LookData.swiftmodule/arm64-apple-macos.abi.json /Users/adamkz/look/build/release-signed/DerivedData/Build/Intermediates.noindex/Look.build/Release/LookData.build/Objects-normal/arm64/LookData.abi.json (in target 'LookData' from project 'Look')
    cd /Users/adamkz/look
    builtin-copy -exclude .DS_Store -exclude CVS -exclude .svn -exclude .git -exclude .hg -resolve-src-symlinks -rename /Users/adamkz/look/build/release-signed/DerivedData/Build/Intermediates.noindex/Look.build/Release/LookData.build/Objects-normal/arm64/LookData.abi.json /Users/adamkz/look/build/release-signed/DerivedData/Build/Products/Release/LookData.framework/Versions/A/Modules/LookData.swiftmodule/arm64-apple-macos.abi.json

Copy /Users/adamkz/look/build/release-signed/DerivedData/Build/Products/Release/LookData.framework/Versions/A/Modules/LookData.swiftmodule/arm64-apple-macos.swiftdoc /Users/adamkz/look/build/release-signed/DerivedData/Build/Intermediates.noindex/Look.build/Release/LookData.build/Objects-normal/arm64/LookData.swiftdoc (in target 'LookData' from project 'Look')
    cd /Users/adamkz/look
    builtin-copy -exclude .DS_Store -exclude CVS -exclude .svn -exclude .git -exclude .hg -resolve-src-symlinks -rename /Users/adamkz/look/build/release-signed/DerivedData/Build/Intermediates.noindex/Look.build/Release/LookData.build/Objects-normal/arm64/LookData.swiftdoc /Users/adamkz/look/build/release-signed/DerivedData/Build/Products/Release/LookData.framework/Versions/A/Modules/LookData.swiftmodule/arm64-apple-macos.swiftdoc

Copy /Users/adamkz/look/build/release-signed/DerivedData/Build/Products/Release/LookData.framework/Versions/A/Modules/LookData.swiftmodule/arm64-apple-macos.swiftmodule /Users/adamkz/look/build/release-signed/DerivedData/Build/Intermediates.noindex/Look.build/Release/LookData.build/Objects-normal/arm64/LookData.swiftmodule (in target 'LookData' from project 'Look')
    cd /Users/adamkz/look
    builtin-copy -exclude .DS_Store -exclude CVS -exclude .svn -exclude .git -exclude .hg -resolve-src-symlinks -rename /Users/adamkz/look/build/release-signed/DerivedData/Build/Intermediates.noindex/Look.build/Release/LookData.build/Objects-normal/arm64/LookData.swiftmodule /Users/adamkz/look/build/release-signed/DerivedData/Build/Products/Release/LookData.framework/Versions/A/Modules/LookData.swiftmodule/arm64-apple-macos.swiftmodule

Copy /Users/adamkz/look/build/release-signed/DerivedData/Build/Products/Release/LookData.framework/Versions/A/Modules/LookData.swiftmodule/Project/arm64-apple-macos.swiftsourceinfo /Users/adamkz/look/build/release-signed/DerivedData/Build/Intermediates.noindex/Look.build/Release/LookData.build/Objects-normal/arm64/LookData.swiftsourceinfo (in target 'LookData' from project 'Look')
    cd /Users/adamkz/look
    builtin-copy -exclude .DS_Store -exclude CVS -exclude .svn -exclude .git -exclude .hg -resolve-src-symlinks -rename /Users/adamkz/look/build/release-signed/DerivedData/Build/Intermediates.noindex/Look.build/Release/LookData.build/Objects-normal/arm64/LookData.swiftsourceinfo /Users/adamkz/look/build/release-signed/DerivedData/Build/Products/Release/LookData.framework/Versions/A/Modules/LookData.swiftmodule/Project/arm64-apple-macos.swiftsourceinfo

VerifyModule /Users/adamkz/look/build/release-signed/DerivedData/Build/Products/Release/LookData.framework (in target 'LookData' from project 'Look')
    cd /Users/adamkz/look
    /Applications/Xcode.app/Contents/Developer/Toolchains/XcodeDefault.xctoolchain/usr/bin/modules-verifier /Users/adamkz/look/build/release-signed/DerivedData/Build/Products/Release/LookData.framework --clang /Applications/Xcode.app/Contents/Developer/Toolchains/XcodeDefault.xctoolchain/usr/bin/clang --diagnostic-filename-map /Users/adamkz/look/build/release-signed/DerivedData/Build/Intermediates.noindex/Look.build/Release/LookData.build/LookData-diagnostic-filename-map.json --sdk /Applications/Xcode.app/Contents/Developer/Platforms/MacOSX.platform/Developer/SDKs/MacOSX26.2.sdk --intermediates-directory /Users/adamkz/look/build/release-signed/DerivedData/Build/Intermediates.noindex/Look.build/Release/LookData.build/VerifyModule --target arm64-apple-macos14.0 --language objective-c --standard gnu11 --standard gnu++20

ScanDependencies /Users/adamkz/look/build/release-signed/DerivedData/Build/Intermediates.noindex/Look.build/Release/LookData.build/Objects-normal/arm64/LookData_vers.o /Users/adamkz/look/build/release-signed/DerivedData/Build/Intermediates.noindex/Look.build/Release/LookData.build/DerivedSources/LookData_vers.c normal arm64 c com.apple.compilers.llvm.clang.1_0.compiler (in target 'LookData' from project 'Look')
    cd /Users/adamkz/look
    
    Using response file: /Users/adamkz/look/build/release-signed/DerivedData/Build/Intermediates.noindex/Look.build/Release/LookData.build/Objects-normal/arm64/7187679823f38a2a940e0043cdf9d637-common-args.resp
    
    builtin-ScanDependencies -o /Users/adamkz/look/build/release-signed/DerivedData/Build/Intermediates.noindex/Look.build/Release/LookData.build/Objects-normal/arm64/LookData_vers.o.scan -- /Applications/Xcode.app/Contents/Developer/Toolchains/XcodeDefault.xctoolchain/usr/bin/clang -x c -ivfsstatcache /Users/adamkz/look/build/release-signed/DerivedData/SDKStatCaches.noindex/macosx26.2-25C57-00fa09913b459cbbc988d1f6730289ae.sdkstatcache -fmessage-length\=0 -fdiagnostics-show-note-include-stack -fmacro-backtrace-limit\=0 -fno-color-diagnostics -fmodules-prune-interval\=86400 -fmodules-prune-after\=345600 -fbuild-session-file\=/Users/adamkz/look/build/release-signed/DerivedData/ModuleCache.noindex/Session.modulevalidation -fmodules-validate-once-per-build-session -Wnon-modular-include-in-framework-module -Werror\=non-modular-include-in-framework-module -Wno-trigraphs -Wno-missing-field-initializers -Wno-missing-prototypes -Werror\=return-type -Wdocumentation -Wunreachable-code -Wquoted-include-in-framework-header -Werror\=deprecated-objc-isa-usage -Werror\=objc-root-class -Wno-missing-braces -Wparentheses -Wswitch -Wunused-function -Wno-unused-label -Wno-unused-parameter -Wunused-variable -Wunused-value -Wempty-body -Wuninitialized -Wconditional-uninitialized -Wno-unknown-pragmas -Wno-shadow -Wno-four-char-constants -Wno-conversion -Wconstant-conversion -Wint-conversion -Wbool-conversion -Wenum-conversion -Wno-float-conversion -Wnon-literal-null-conversion -Wobjc-literal-conversion -Wshorten-64-to-32 -Wpointer-sign -Wno-newline-eof -Wno-implicit-fallthrough -fstrict-aliasing -Wdeprecated-declarations -Wno-sign-conversion -Winfinite-recursion -Wcomma -Wblock-capture-autoreleasing -Wstrict-prototypes -Wno-semicolon-before-method-body @/Users/adamkz/look/build/release-signed/DerivedData/Build/Intermediates.noindex/Look.build/Release/LookData.build/Objects-normal/arm64/7187679823f38a2a940e0043cdf9d637-common-args.resp -MMD -MT dependencies -MF /Users/adamkz/look/build/release-signed/DerivedData/Build/Intermediates.noindex/Look.build/Release/LookData.build/Objects-normal/arm64/LookData_vers.d --serialize-diagnostics /Users/adamkz/look/build/release-signed/DerivedData/Build/Intermediates.noindex/Look.build/Release/LookData.build/Objects-normal/arm64/LookData_vers.dia -c /Users/adamkz/look/build/release-signed/DerivedData/Build/Intermediates.noindex/Look.build/Release/LookData.build/DerivedSources/LookData_vers.c -o /Users/adamkz/look/build/release-signed/DerivedData/Build/Intermediates.noindex/Look.build/Release/LookData.build/Objects-normal/arm64/LookData_vers.o

CompileC /Users/adamkz/look/build/release-signed/DerivedData/Build/Intermediates.noindex/Look.build/Release/LookData.build/Objects-normal/arm64/LookData_vers.o /Users/adamkz/look/build/release-signed/DerivedData/Build/Intermediates.noindex/Look.build/Release/LookData.build/DerivedSources/LookData_vers.c normal arm64 c com.apple.compilers.llvm.clang.1_0.compiler (in target 'LookData' from project 'Look')
    cd /Users/adamkz/look
    
    Using response file: /Users/adamkz/look/build/release-signed/DerivedData/Build/Intermediates.noindex/Look.build/Release/LookData.build/Objects-normal/arm64/7187679823f38a2a940e0043cdf9d637-common-args.resp
    
    /Applications/Xcode.app/Contents/Developer/Toolchains/XcodeDefault.xctoolchain/usr/bin/clang -x c -ivfsstatcache /Users/adamkz/look/build/release-signed/DerivedData/SDKStatCaches.noindex/macosx26.2-25C57-00fa09913b459cbbc988d1f6730289ae.sdkstatcache -fmessage-length\=0 -fdiagnostics-show-note-include-stack -fmacro-backtrace-limit\=0 -fno-color-diagnostics -fmodules-prune-interval\=86400 -fmodules-prune-after\=345600 -fbuild-session-file\=/Users/adamkz/look/build/release-signed/DerivedData/ModuleCache.noindex/Session.modulevalidation -fmodules-validate-once-per-build-session -Wnon-modular-include-in-framework-module -Werror\=non-modular-include-in-framework-module -Wno-trigraphs -Wno-missing-field-initializers -Wno-missing-prototypes -Werror\=return-type -Wdocumentation -Wunreachable-code -Wquoted-include-in-framework-header -Werror\=deprecated-objc-isa-usage -Werror\=objc-root-class -Wno-missing-braces -Wparentheses -Wswitch -Wunused-function -Wno-unused-label -Wno-unused-parameter -Wunused-variable -Wunused-value -Wempty-body -Wuninitialized -Wconditional-uninitialized -Wno-unknown-pragmas -Wno-shadow -Wno-four-char-constants -Wno-conversion -Wconstant-conversion -Wint-conversion -Wbool-conversion -Wenum-conversion -Wno-float-conversion -Wnon-literal-null-conversion -Wobjc-literal-conversion -Wshorten-64-to-32 -Wpointer-sign -Wno-newline-eof -Wno-implicit-fallthrough -fstrict-aliasing -Wdeprecated-declarations -Wno-sign-conversion -Winfinite-recursion -Wcomma -Wblock-capture-autoreleasing -Wstrict-prototypes -Wno-semicolon-before-method-body @/Users/adamkz/look/build/release-signed/DerivedData/Build/Intermediates.noindex/Look.build/Release/LookData.build/Objects-normal/arm64/7187679823f38a2a940e0043cdf9d637-common-args.resp -MMD -MT dependencies -MF /Users/adamkz/look/build/release-signed/DerivedData/Build/Intermediates.noindex/Look.build/Release/LookData.build/Objects-normal/arm64/LookData_vers.d --serialize-diagnostics /Users/adamkz/look/build/release-signed/DerivedData/Build/Intermediates.noindex/Look.build/Release/LookData.build/Objects-normal/arm64/LookData_vers.dia -c /Users/adamkz/look/build/release-signed/DerivedData/Build/Intermediates.noindex/Look.build/Release/LookData.build/DerivedSources/LookData_vers.c -o /Users/adamkz/look/build/release-signed/DerivedData/Build/Intermediates.noindex/Look.build/Release/LookData.build/Objects-normal/arm64/LookData_vers.o

Ld /Users/adamkz/look/build/release-signed/DerivedData/Build/Products/Release/LookData.framework/Versions/A/LookData normal (in target 'LookData' from project 'Look')
    cd /Users/adamkz/look
    /Applications/Xcode.app/Contents/Developer/Toolchains/XcodeDefault.xctoolchain/usr/bin/clang -Xlinker -reproducible -target arm64-apple-macos14.0 -dynamiclib -isysroot /Applications/Xcode.app/Contents/Developer/Platforms/MacOSX.platform/Developer/SDKs/MacOSX26.2.sdk -Os -L/Users/adamkz/look/build/release-signed/DerivedData/Build/Intermediates.noindex/EagerLinkingTBDs/Release -L/Users/adamkz/look/build/release-signed/DerivedData/Build/Products/Release -F/Users/adamkz/look/build/release-signed/DerivedData/Build/Intermediates.noindex/EagerLinkingTBDs/Release -F/Users/adamkz/look/build/release-signed/DerivedData/Build/Products/Release -filelist /Users/adamkz/look/build/release-signed/DerivedData/Build/Intermediates.noindex/Look.build/Release/LookData.build/Objects-normal/arm64/LookData.LinkFileList -install_name @rpath/LookData.framework/Versions/A/LookData -Xlinker -rpath -Xlinker /usr/lib/swift -Xlinker -rpath -Xlinker @executable_path/../Frameworks -Xlinker -rpath -Xlinker @loader_path/Frameworks -dead_strip -Xlinker -object_path_lto -Xlinker /Users/adamkz/look/build/release-signed/DerivedData/Build/Intermediates.noindex/Look.build/Release/LookData.build/Objects-normal/arm64/LookData_lto.o -Xlinker -dependency_info -Xlinker /Users/adamkz/look/build/release-signed/DerivedData/Build/Intermediates.noindex/Look.build/Release/LookData.build/Objects-normal/arm64/LookData_dependency_info.dat -fobjc-link-runtime -L/Applications/Xcode.app/Contents/Developer/Toolchains/XcodeDefault.xctoolchain/usr/lib/swift/macosx -L/usr/lib/swift -Xlinker -add_ast_path -Xlinker /Users/adamkz/look/build/release-signed/DerivedData/Build/Intermediates.noindex/Look.build/Release/LookData.build/Objects-normal/arm64/LookData.swiftmodule @/Users/adamkz/look/build/release-signed/DerivedData/Build/Intermediates.noindex/Look.build/Release/LookData.build/Objects-normal/arm64/LookData-linker-args.resp -Xlinker -no_adhoc_codesign -o /Users/adamkz/look/build/release-signed/DerivedData/Build/Products/Release/LookData.framework/Versions/A/LookData

ExtractAppIntentsMetadata (in target 'LookData' from project 'Look')
    cd /Users/adamkz/look
    /Applications/Xcode.app/Contents/Developer/Toolchains/XcodeDefault.xctoolchain/usr/bin/appintentsmetadataprocessor --toolchain-dir /Applications/Xcode.app/Contents/Developer/Toolchains/XcodeDefault.xctoolchain --module-name LookData --sdk-root /Applications/Xcode.app/Contents/Developer/Platforms/MacOSX.platform/Developer/SDKs/MacOSX26.2.sdk --xcode-version 17C52 --platform-family macOS --deployment-target 14.0 --bundle-identifier com.look.LookData --output /Users/adamkz/look/build/release-signed/DerivedData/Build/Products/Release/LookData.framework/Versions/A/Resources --target-triple arm64-apple-macos14.0 --binary-file /Users/adamkz/look/build/release-signed/DerivedData/Build/Products/Release/LookData.framework/Versions/A/LookData --dependency-file /Users/adamkz/look/build/release-signed/DerivedData/Build/Intermediates.noindex/Look.build/Release/LookData.build/Objects-normal/arm64/LookData_dependency_info.dat --stringsdata-file /Users/adamkz/look/build/release-signed/DerivedData/Build/Intermediates.noindex/Look.build/Release/LookData.build/Objects-normal/arm64/ExtractedAppShortcutsMetadata.stringsdata --source-file-list /Users/adamkz/look/build/release-signed/DerivedData/Build/Intermediates.noindex/Look.build/Release/LookData.build/Objects-normal/arm64/LookData.SwiftFileList --metadata-file-list /Users/adamkz/look/build/release-signed/DerivedData/Build/Intermediates.noindex/Look.build/Release/LookData.build/LookData.DependencyMetadataFileList --static-metadata-file-list /Users/adamkz/look/build/release-signed/DerivedData/Build/Intermediates.noindex/Look.build/Release/LookData.build/LookData.DependencyStaticMetadataFileList --swift-const-vals-list /Users/adamkz/look/build/release-signed/DerivedData/Build/Intermediates.noindex/Look.build/Release/LookData.build/Objects-normal/arm64/LookData.SwiftConstValuesFileList --compile-time-extraction --deployment-aware-processing --validate-assistant-intents --no-app-shortcuts-localization
2026-02-28 02:39:34.094 appintentsmetadataprocessor[23919:5933747] Starting appintentsmetadataprocessor export
2026-02-28 02:39:34.097 appintentsmetadataprocessor[23919:5933747] warning: Metadata extraction skipped. No AppIntents.framework dependency found.

GenerateDSYMFile /Users/adamkz/look/build/release-signed/DerivedData/Build/Products/Release/LookData.framework.dSYM /Users/adamkz/look/build/release-signed/DerivedData/Build/Products/Release/LookData.framework/Versions/A/LookData (in target 'LookData' from project 'Look')
    cd /Users/adamkz/look
    /Applications/Xcode.app/Contents/Developer/Toolchains/XcodeDefault.xctoolchain/usr/bin/dsymutil /Users/adamkz/look/build/release-signed/DerivedData/Build/Products/Release/LookData.framework/Versions/A/LookData -o /Users/adamkz/look/build/release-signed/DerivedData/Build/Products/Release/LookData.framework.dSYM

GenerateTAPI /Users/adamkz/look/build/release-signed/DerivedData/Build/Intermediates.noindex/EagerLinkingTBDs/Release/LookData.framework/Versions/A/LookData.tbd (in target 'LookData' from project 'Look')
    cd /Users/adamkz/look
    /Applications/Xcode.app/Contents/Developer/Toolchains/XcodeDefault.xctoolchain/usr/bin/tapi stubify -isysroot /Applications/Xcode.app/Contents/Developer/Platforms/MacOSX.platform/Developer/SDKs/MacOSX26.2.sdk -F/Users/adamkz/look/build/release-signed/DerivedData/Build/Products/Release -L/Users/adamkz/look/build/release-signed/DerivedData/Build/Products/Release /Users/adamkz/look/build/release-signed/DerivedData/Build/Products/Release/LookData.framework/Versions/A/LookData -o /Users/adamkz/look/build/release-signed/DerivedData/Build/Intermediates.noindex/EagerLinkingTBDs/Release/LookData.framework/Versions/A/LookData.tbd

CodeSign /Users/adamkz/look/build/release-signed/DerivedData/Build/Products/Release/LookData.framework/Versions/A (in target 'LookData' from project 'Look')
    cd /Users/adamkz/look
    
    Signing Identity:     "Sign to Run Locally"
    
    /usr/bin/codesign --force --sign - --timestamp\=none --generate-entitlement-der /Users/adamkz/look/build/release-signed/DerivedData/Build/Products/Release/LookData.framework/Versions/A

RegisterExecutionPolicyException /Users/adamkz/look/build/release-signed/DerivedData/Build/Products/Release/LookData.framework (in target 'LookData' from project 'Look')
    cd /Users/adamkz/look
    builtin-RegisterExecutionPolicyException /Users/adamkz/look/build/release-signed/DerivedData/Build/Products/Release/LookData.framework

SymLink /Users/adamkz/look/build/release-signed/DerivedData/Build/Intermediates.noindex/EagerLinkingTBDs/Release/LookData.framework/LookData.tbd /Users/adamkz/look/build/release-signed/DerivedData/Build/Intermediates.noindex/EagerLinkingTBDs/Release/LookData.framework/Versions/A/LookData.tbd (in target 'LookData' from project 'Look')
    cd /Users/adamkz/look
    /bin/ln -sfh /Users/adamkz/look/build/release-signed/DerivedData/Build/Intermediates.noindex/EagerLinkingTBDs/Release/LookData.framework/Versions/A/LookData.tbd /Users/adamkz/look/build/release-signed/DerivedData/Build/Intermediates.noindex/EagerLinkingTBDs/Release/LookData.framework/LookData.tbd

Touch /Users/adamkz/look/build/release-signed/DerivedData/Build/Products/Release/LookData.framework (in target 'LookData' from project 'Look')
    cd /Users/adamkz/look
    /usr/bin/touch -c /Users/adamkz/look/build/release-signed/DerivedData/Build/Products/Release/LookData.framework

SwiftDriverJobDiscovery normal arm64 Compiling LookKit.swift, FeatureFlags.swift, PlatformCompat.swift, ContentAreaEnvironment.swift, ContentAreaView.swift, ContentAreaViewModel.swift, InspectorPanelView.swift, InspectorPanelViewModel.swift, LibrarySidebarView.swift, LibrarySidebarViewModel.swift, EPUBReaderView.swift, EPUBReaderViewModel.swift (in target 'LookKit' from project 'Look')

SwiftDriver\ Compilation\ Requirements LookKit normal arm64 com.apple.xcode.tools.swift.compiler (in target 'LookKit' from project 'Look')
    cd /Users/adamkz/look
    builtin-Swift-Compilation-Requirements -- /Applications/Xcode.app/Contents/Developer/Toolchains/XcodeDefault.xctoolchain/usr/bin/swiftc -module-name LookKit -O -whole-module-optimization -enforce-exclusivity\=checked @/Users/adamkz/look/build/release-signed/DerivedData/Build/Intermediates.noindex/Look.build/Release/LookKit.build/Objects-normal/arm64/LookKit.SwiftFileList -enable-bare-slash-regex -enable-experimental-feature DebugDescriptionMacro -sdk /Applications/Xcode.app/Contents/Developer/Platforms/MacOSX.platform/Developer/SDKs/MacOSX26.2.sdk -target arm64-apple-macos14.0 -g -module-cache-path /Users/adamkz/look/build/release-signed/DerivedData/ModuleCache.noindex -Xfrontend -serialize-debugging-options -swift-version 5 -I /Users/adamkz/look/build/release-signed/DerivedData/Build/Products/Release -F /Users/adamkz/look/build/release-signed/DerivedData/Build/Products/Release -emit-localized-strings -emit-localized-strings-path /Users/adamkz/look/build/release-signed/DerivedData/Build/Intermediates.noindex/Look.build/Release/LookKit.build/Objects-normal/arm64 -c -num-threads 8 -Xcc -ivfsstatcache -Xcc /Users/adamkz/look/build/release-signed/DerivedData/SDKStatCaches.noindex/macosx26.2-25C57-00fa09913b459cbbc988d1f6730289ae.sdkstatcache -output-file-map /Users/adamkz/look/build/release-signed/DerivedData/Build/Intermediates.noindex/Look.build/Release/LookKit.build/Objects-normal/arm64/LookKit-OutputFileMap.json -use-frontend-parseable-output -save-temps -no-color-diagnostics -explicit-module-build -module-cache-path /Users/adamkz/look/build/release-signed/DerivedData/Build/Intermediates.noindex/SwiftExplicitPrecompiledModules -clang-scanner-module-cache-path /Users/adamkz/look/build/release-signed/DerivedData/ModuleCache.noindex -sdk-module-cache-path /Users/adamkz/look/build/release-signed/DerivedData/ModuleCache.noindex -serialize-diagnostics -emit-dependencies -emit-module -emit-module-path /Users/adamkz/look/build/release-signed/DerivedData/Build/Intermediates.noindex/Look.build/Release/LookKit.build/Objects-normal/arm64/LookKit.swiftmodule -validate-clang-modules-once -clang-build-session-file /Users/adamkz/look/build/release-signed/DerivedData/ModuleCache.noindex/Session.modulevalidation -Xcc -I/Users/adamkz/look/build/release-signed/DerivedData/Build/Intermediates.noindex/Look.build/Release/LookKit.build/swift-overrides.hmap -emit-const-values -Xfrontend -const-gather-protocols-file -Xfrontend /Users/adamkz/look/build/release-signed/DerivedData/Build/Intermediates.noindex/Look.build/Release/LookKit.build/Objects-normal/arm64/LookKit_const_extract_protocols.json -Xcc -iquote -Xcc /Users/adamkz/look/build/release-signed/DerivedData/Build/Intermediates.noindex/Look.build/Release/LookKit.build/LookKit-generated-files.hmap -Xcc -I/Users/adamkz/look/build/release-signed/DerivedData/Build/Intermediates.noindex/Look.build/Release/LookKit.build/LookKit-own-target-headers.hmap -Xcc -I/Users/adamkz/look/build/release-signed/DerivedData/Build/Intermediates.noindex/Look.build/Release/LookKit.build/LookKit-all-non-framework-target-headers.hmap -Xcc -ivfsoverlay -Xcc /Users/adamkz/look/build/release-signed/DerivedData/Build/Intermediates.noindex/Look.build/Release/Look-c3f0a56ea084f757df82bdf40cd5ab63-VFS/all-product-headers.yaml -Xcc -iquote -Xcc /Users/adamkz/look/build/release-signed/DerivedData/Build/Intermediates.noindex/Look.build/Release/LookKit.build/LookKit-project-headers.hmap -Xcc -I/Users/adamkz/look/build/release-signed/DerivedData/Build/Products/Release/include -Xcc -I/Users/adamkz/look/build/release-signed/DerivedData/Build/Intermediates.noindex/Look.build/Release/LookKit.build/DerivedSources-normal/arm64 -Xcc -I/Users/adamkz/look/build/release-signed/DerivedData/Build/Intermediates.noindex/Look.build/Release/LookKit.build/DerivedSources/arm64 -Xcc -I/Users/adamkz/look/build/release-signed/DerivedData/Build/Intermediates.noindex/Look.build/Release/LookKit.build/DerivedSources -emit-objc-header -emit-objc-header-path /Users/adamkz/look/build/release-signed/DerivedData/Build/Intermediates.noindex/Look.build/Release/LookKit.build/Objects-normal/arm64/LookKit-Swift.h -working-directory /Users/adamkz/look -no-emit-module-separately-wmo

SwiftMergeGeneratedHeaders /Users/adamkz/look/build/release-signed/DerivedData/Build/Products/Release/LookKit.framework/Versions/A/Headers/LookKit-Swift.h /Users/adamkz/look/build/release-signed/DerivedData/Build/Intermediates.noindex/Look.build/Release/LookKit.build/Objects-normal/arm64/LookKit-Swift.h (in target 'LookKit' from project 'Look')
    cd /Users/adamkz/look
    builtin-swiftHeaderTool -arch arm64 /Users/adamkz/look/build/release-signed/DerivedData/Build/Intermediates.noindex/Look.build/Release/LookKit.build/Objects-normal/arm64/LookKit-Swift.h -o /Users/adamkz/look/build/release-signed/DerivedData/Build/Products/Release/LookKit.framework/Versions/A/Headers/LookKit-Swift.h

Copy /Users/adamkz/look/build/release-signed/DerivedData/Build/Products/Release/LookKit.framework/Versions/A/Modules/LookKit.swiftmodule/arm64-apple-macos.swiftdoc /Users/adamkz/look/build/release-signed/DerivedData/Build/Intermediates.noindex/Look.build/Release/LookKit.build/Objects-normal/arm64/LookKit.swiftdoc (in target 'LookKit' from project 'Look')
    cd /Users/adamkz/look
    builtin-copy -exclude .DS_Store -exclude CVS -exclude .svn -exclude .git -exclude .hg -resolve-src-symlinks -rename /Users/adamkz/look/build/release-signed/DerivedData/Build/Intermediates.noindex/Look.build/Release/LookKit.build/Objects-normal/arm64/LookKit.swiftdoc /Users/adamkz/look/build/release-signed/DerivedData/Build/Products/Release/LookKit.framework/Versions/A/Modules/LookKit.swiftmodule/arm64-apple-macos.swiftdoc

Copy /Users/adamkz/look/build/release-signed/DerivedData/Build/Products/Release/LookKit.framework/Versions/A/Modules/LookKit.swiftmodule/Project/arm64-apple-macos.swiftsourceinfo /Users/adamkz/look/build/release-signed/DerivedData/Build/Intermediates.noindex/Look.build/Release/LookKit.build/Objects-normal/arm64/LookKit.swiftsourceinfo (in target 'LookKit' from project 'Look')
    cd /Users/adamkz/look
    builtin-copy -exclude .DS_Store -exclude CVS -exclude .svn -exclude .git -exclude .hg -resolve-src-symlinks -rename /Users/adamkz/look/build/release-signed/DerivedData/Build/Intermediates.noindex/Look.build/Release/LookKit.build/Objects-normal/arm64/LookKit.swiftsourceinfo /Users/adamkz/look/build/release-signed/DerivedData/Build/Products/Release/LookKit.framework/Versions/A/Modules/LookKit.swiftmodule/Project/arm64-apple-macos.swiftsourceinfo

Copy /Users/adamkz/look/build/release-signed/DerivedData/Build/Products/Release/LookKit.framework/Versions/A/Modules/LookKit.swiftmodule/arm64-apple-macos.abi.json /Users/adamkz/look/build/release-signed/DerivedData/Build/Intermediates.noindex/Look.build/Release/LookKit.build/Objects-normal/arm64/LookKit.abi.json (in target 'LookKit' from project 'Look')
    cd /Users/adamkz/look
    builtin-copy -exclude .DS_Store -exclude CVS -exclude .svn -exclude .git -exclude .hg -resolve-src-symlinks -rename /Users/adamkz/look/build/release-signed/DerivedData/Build/Intermediates.noindex/Look.build/Release/LookKit.build/Objects-normal/arm64/LookKit.abi.json /Users/adamkz/look/build/release-signed/DerivedData/Build/Products/Release/LookKit.framework/Versions/A/Modules/LookKit.swiftmodule/arm64-apple-macos.abi.json

Copy /Users/adamkz/look/build/release-signed/DerivedData/Build/Products/Release/LookKit.framework/Versions/A/Modules/LookKit.swiftmodule/arm64-apple-macos.swiftmodule /Users/adamkz/look/build/release-signed/DerivedData/Build/Intermediates.noindex/Look.build/Release/LookKit.build/Objects-normal/arm64/LookKit.swiftmodule (in target 'LookKit' from project 'Look')
    cd /Users/adamkz/look
    builtin-copy -exclude .DS_Store -exclude CVS -exclude .svn -exclude .git -exclude .hg -resolve-src-symlinks -rename /Users/adamkz/look/build/release-signed/DerivedData/Build/Intermediates.noindex/Look.build/Release/LookKit.build/Objects-normal/arm64/LookKit.swiftmodule /Users/adamkz/look/build/release-signed/DerivedData/Build/Products/Release/LookKit.framework/Versions/A/Modules/LookKit.swiftmodule/arm64-apple-macos.swiftmodule

VerifyModule /Users/adamkz/look/build/release-signed/DerivedData/Build/Products/Release/LookKit.framework (in target 'LookKit' from project 'Look')
    cd /Users/adamkz/look
    /Applications/Xcode.app/Contents/Developer/Toolchains/XcodeDefault.xctoolchain/usr/bin/modules-verifier /Users/adamkz/look/build/release-signed/DerivedData/Build/Products/Release/LookKit.framework --clang /Applications/Xcode.app/Contents/Developer/Toolchains/XcodeDefault.xctoolchain/usr/bin/clang --diagnostic-filename-map /Users/adamkz/look/build/release-signed/DerivedData/Build/Intermediates.noindex/Look.build/Release/LookKit.build/LookKit-diagnostic-filename-map.json --sdk /Applications/Xcode.app/Contents/Developer/Platforms/MacOSX.platform/Developer/SDKs/MacOSX26.2.sdk --intermediates-directory /Users/adamkz/look/build/release-signed/DerivedData/Build/Intermediates.noindex/Look.build/Release/LookKit.build/VerifyModule --target arm64-apple-macos14.0 --language objective-c --standard gnu11 --standard gnu++20

ScanDependencies /Users/adamkz/look/build/release-signed/DerivedData/Build/Intermediates.noindex/Look.build/Release/LookKit.build/Objects-normal/arm64/LookKit_vers.o /Users/adamkz/look/build/release-signed/DerivedData/Build/Intermediates.noindex/Look.build/Release/LookKit.build/DerivedSources/LookKit_vers.c normal arm64 c com.apple.compilers.llvm.clang.1_0.compiler (in target 'LookKit' from project 'Look')
    cd /Users/adamkz/look
    
    Using response file: /Users/adamkz/look/build/release-signed/DerivedData/Build/Intermediates.noindex/Look.build/Release/LookKit.build/Objects-normal/arm64/7187679823f38a2a940e0043cdf9d637-common-args.resp
    
    builtin-ScanDependencies -o /Users/adamkz/look/build/release-signed/DerivedData/Build/Intermediates.noindex/Look.build/Release/LookKit.build/Objects-normal/arm64/LookKit_vers.o.scan -- /Applications/Xcode.app/Contents/Developer/Toolchains/XcodeDefault.xctoolchain/usr/bin/clang -x c -ivfsstatcache /Users/adamkz/look/build/release-signed/DerivedData/SDKStatCaches.noindex/macosx26.2-25C57-00fa09913b459cbbc988d1f6730289ae.sdkstatcache -fmessage-length\=0 -fdiagnostics-show-note-include-stack -fmacro-backtrace-limit\=0 -fno-color-diagnostics -fmodules-prune-interval\=86400 -fmodules-prune-after\=345600 -fbuild-session-file\=/Users/adamkz/look/build/release-signed/DerivedData/ModuleCache.noindex/Session.modulevalidation -fmodules-validate-once-per-build-session -Wnon-modular-include-in-framework-module -Werror\=non-modular-include-in-framework-module -Wno-trigraphs -Wno-missing-field-initializers -Wno-missing-prototypes -Werror\=return-type -Wdocumentation -Wunreachable-code -Wquoted-include-in-framework-header -Werror\=deprecated-objc-isa-usage -Werror\=objc-root-class -Wno-missing-braces -Wparentheses -Wswitch -Wunused-function -Wno-unused-label -Wno-unused-parameter -Wunused-variable -Wunused-value -Wempty-body -Wuninitialized -Wconditional-uninitialized -Wno-unknown-pragmas -Wno-shadow -Wno-four-char-constants -Wno-conversion -Wconstant-conversion -Wint-conversion -Wbool-conversion -Wenum-conversion -Wno-float-conversion -Wnon-literal-null-conversion -Wobjc-literal-conversion -Wshorten-64-to-32 -Wpointer-sign -Wno-newline-eof -Wno-implicit-fallthrough -fstrict-aliasing -Wdeprecated-declarations -Wno-sign-conversion -Winfinite-recursion -Wcomma -Wblock-capture-autoreleasing -Wstrict-prototypes -Wno-semicolon-before-method-body @/Users/adamkz/look/build/release-signed/DerivedData/Build/Intermediates.noindex/Look.build/Release/LookKit.build/Objects-normal/arm64/7187679823f38a2a940e0043cdf9d637-common-args.resp -MMD -MT dependencies -MF /Users/adamkz/look/build/release-signed/DerivedData/Build/Intermediates.noindex/Look.build/Release/LookKit.build/Objects-normal/arm64/LookKit_vers.d --serialize-diagnostics /Users/adamkz/look/build/release-signed/DerivedData/Build/Intermediates.noindex/Look.build/Release/LookKit.build/Objects-normal/arm64/LookKit_vers.dia -c /Users/adamkz/look/build/release-signed/DerivedData/Build/Intermediates.noindex/Look.build/Release/LookKit.build/DerivedSources/LookKit_vers.c -o /Users/adamkz/look/build/release-signed/DerivedData/Build/Intermediates.noindex/Look.build/Release/LookKit.build/Objects-normal/arm64/LookKit_vers.o

SwiftDriver LookPDF normal arm64 com.apple.xcode.tools.swift.compiler (in target 'LookPDF' from project 'Look')
    cd /Users/adamkz/look
    builtin-SwiftDriver -- /Applications/Xcode.app/Contents/Developer/Toolchains/XcodeDefault.xctoolchain/usr/bin/swiftc -module-name LookPDF -O -whole-module-optimization -enforce-exclusivity\=checked @/Users/adamkz/look/build/release-signed/DerivedData/Build/Intermediates.noindex/Look.build/Release/LookPDF.build/Objects-normal/arm64/LookPDF.SwiftFileList -enable-bare-slash-regex -enable-experimental-feature DebugDescriptionMacro -sdk /Applications/Xcode.app/Contents/Developer/Platforms/MacOSX.platform/Developer/SDKs/MacOSX26.2.sdk -target arm64-apple-macos14.0 -g -module-cache-path /Users/adamkz/look/build/release-signed/DerivedData/ModuleCache.noindex -Xfrontend -serialize-debugging-options -swift-version 5 -I /Users/adamkz/look/build/release-signed/DerivedData/Build/Products/Release -F /Users/adamkz/look/build/release-signed/DerivedData/Build/Products/Release -emit-localized-strings -emit-localized-strings-path /Users/adamkz/look/build/release-signed/DerivedData/Build/Intermediates.noindex/Look.build/Release/LookPDF.build/Objects-normal/arm64 -c -num-threads 8 -Xcc -ivfsstatcache -Xcc /Users/adamkz/look/build/release-signed/DerivedData/SDKStatCaches.noindex/macosx26.2-25C57-00fa09913b459cbbc988d1f6730289ae.sdkstatcache -output-file-map /Users/adamkz/look/build/release-signed/DerivedData/Build/Intermediates.noindex/Look.build/Release/LookPDF.build/Objects-normal/arm64/LookPDF-OutputFileMap.json -use-frontend-parseable-output -save-temps -no-color-diagnostics -explicit-module-build -module-cache-path /Users/adamkz/look/build/release-signed/DerivedData/Build/Intermediates.noindex/SwiftExplicitPrecompiledModules -clang-scanner-module-cache-path /Users/adamkz/look/build/release-signed/DerivedData/ModuleCache.noindex -sdk-module-cache-path /Users/adamkz/look/build/release-signed/DerivedData/ModuleCache.noindex -serialize-diagnostics -emit-dependencies -emit-module -emit-module-path /Users/adamkz/look/build/release-signed/DerivedData/Build/Intermediates.noindex/Look.build/Release/LookPDF.build/Objects-normal/arm64/LookPDF.swiftmodule -validate-clang-modules-once -clang-build-session-file /Users/adamkz/look/build/release-signed/DerivedData/ModuleCache.noindex/Session.modulevalidation -Xcc -I/Users/adamkz/look/build/release-signed/DerivedData/Build/Intermediates.noindex/Look.build/Release/LookPDF.build/swift-overrides.hmap -emit-const-values -Xfrontend -const-gather-protocols-file -Xfrontend /Users/adamkz/look/build/release-signed/DerivedData/Build/Intermediates.noindex/Look.build/Release/LookPDF.build/Objects-normal/arm64/LookPDF_const_extract_protocols.json -Xcc -iquote -Xcc /Users/adamkz/look/build/release-signed/DerivedData/Build/Intermediates.noindex/Look.build/Release/LookPDF.build/LookPDF-generated-files.hmap -Xcc -I/Users/adamkz/look/build/release-signed/DerivedData/Build/Intermediates.noindex/Look.build/Release/LookPDF.build/LookPDF-own-target-headers.hmap -Xcc -I/Users/adamkz/look/build/release-signed/DerivedData/Build/Intermediates.noindex/Look.build/Release/LookPDF.build/LookPDF-all-non-framework-target-headers.hmap -Xcc -ivfsoverlay -Xcc /Users/adamkz/look/build/release-signed/DerivedData/Build/Intermediates.noindex/Look.build/Release/Look-c3f0a56ea084f757df82bdf40cd5ab63-VFS/all-product-headers.yaml -Xcc -iquote -Xcc /Users/adamkz/look/build/release-signed/DerivedData/Build/Intermediates.noindex/Look.build/Release/LookPDF.build/LookPDF-project-headers.hmap -Xcc -I/Users/adamkz/look/build/release-signed/DerivedData/Build/Products/Release/include -Xcc -I/Users/adamkz/look/build/release-signed/DerivedData/Build/Intermediates.noindex/Look.build/Release/LookPDF.build/DerivedSources-normal/arm64 -Xcc -I/Users/adamkz/look/build/release-signed/DerivedData/Build/Intermediates.noindex/Look.build/Release/LookPDF.build/DerivedSources/arm64 -Xcc -I/Users/adamkz/look/build/release-signed/DerivedData/Build/Intermediates.noindex/Look.build/Release/LookPDF.build/DerivedSources -emit-objc-header -emit-objc-header-path /Users/adamkz/look/build/release-signed/DerivedData/Build/Intermediates.noindex/Look.build/Release/LookPDF.build/Objects-normal/arm64/LookPDF-Swift.h -working-directory /Users/adamkz/look -no-emit-module-separately-wmo

CompileC /Users/adamkz/look/build/release-signed/DerivedData/Build/Intermediates.noindex/Look.build/Release/LookKit.build/Objects-normal/arm64/LookKit_vers.o /Users/adamkz/look/build/release-signed/DerivedData/Build/Intermediates.noindex/Look.build/Release/LookKit.build/DerivedSources/LookKit_vers.c normal arm64 c com.apple.compilers.llvm.clang.1_0.compiler (in target 'LookKit' from project 'Look')
    cd /Users/adamkz/look
    
    Using response file: /Users/adamkz/look/build/release-signed/DerivedData/Build/Intermediates.noindex/Look.build/Release/LookKit.build/Objects-normal/arm64/7187679823f38a2a940e0043cdf9d637-common-args.resp
    
    /Applications/Xcode.app/Contents/Developer/Toolchains/XcodeDefault.xctoolchain/usr/bin/clang -x c -ivfsstatcache /Users/adamkz/look/build/release-signed/DerivedData/SDKStatCaches.noindex/macosx26.2-25C57-00fa09913b459cbbc988d1f6730289ae.sdkstatcache -fmessage-length\=0 -fdiagnostics-show-note-include-stack -fmacro-backtrace-limit\=0 -fno-color-diagnostics -fmodules-prune-interval\=86400 -fmodules-prune-after\=345600 -fbuild-session-file\=/Users/adamkz/look/build/release-signed/DerivedData/ModuleCache.noindex/Session.modulevalidation -fmodules-validate-once-per-build-session -Wnon-modular-include-in-framework-module -Werror\=non-modular-include-in-framework-module -Wno-trigraphs -Wno-missing-field-initializers -Wno-missing-prototypes -Werror\=return-type -Wdocumentation -Wunreachable-code -Wquoted-include-in-framework-header -Werror\=deprecated-objc-isa-usage -Werror\=objc-root-class -Wno-missing-braces -Wparentheses -Wswitch -Wunused-function -Wno-unused-label -Wno-unused-parameter -Wunused-variable -Wunused-value -Wempty-body -Wuninitialized -Wconditional-uninitialized -Wno-unknown-pragmas -Wno-shadow -Wno-four-char-constants -Wno-conversion -Wconstant-conversion -Wint-conversion -Wbool-conversion -Wenum-conversion -Wno-float-conversion -Wnon-literal-null-conversion -Wobjc-literal-conversion -Wshorten-64-to-32 -Wpointer-sign -Wno-newline-eof -Wno-implicit-fallthrough -fstrict-aliasing -Wdeprecated-declarations -Wno-sign-conversion -Winfinite-recursion -Wcomma -Wblock-capture-autoreleasing -Wstrict-prototypes -Wno-semicolon-before-method-body @/Users/adamkz/look/build/release-signed/DerivedData/Build/Intermediates.noindex/Look.build/Release/LookKit.build/Objects-normal/arm64/7187679823f38a2a940e0043cdf9d637-common-args.resp -MMD -MT dependencies -MF /Users/adamkz/look/build/release-signed/DerivedData/Build/Intermediates.noindex/Look.build/Release/LookKit.build/Objects-normal/arm64/LookKit_vers.d --serialize-diagnostics /Users/adamkz/look/build/release-signed/DerivedData/Build/Intermediates.noindex/Look.build/Release/LookKit.build/Objects-normal/arm64/LookKit_vers.dia -c /Users/adamkz/look/build/release-signed/DerivedData/Build/Intermediates.noindex/Look.build/Release/LookKit.build/DerivedSources/LookKit_vers.c -o /Users/adamkz/look/build/release-signed/DerivedData/Build/Intermediates.noindex/Look.build/Release/LookKit.build/Objects-normal/arm64/LookKit_vers.o

SwiftDriver LookNotes normal arm64 com.apple.xcode.tools.swift.compiler (in target 'LookNotes' from project 'Look')
    cd /Users/adamkz/look
    builtin-SwiftDriver -- /Applications/Xcode.app/Contents/Developer/Toolchains/XcodeDefault.xctoolchain/usr/bin/swiftc -module-name LookNotes -O -whole-module-optimization -enforce-exclusivity\=checked @/Users/adamkz/look/build/release-signed/DerivedData/Build/Intermediates.noindex/Look.build/Release/LookNotes.build/Objects-normal/arm64/LookNotes.SwiftFileList -enable-bare-slash-regex -enable-experimental-feature DebugDescriptionMacro -sdk /Applications/Xcode.app/Contents/Developer/Platforms/MacOSX.platform/Developer/SDKs/MacOSX26.2.sdk -target arm64-apple-macos14.0 -g -module-cache-path /Users/adamkz/look/build/release-signed/DerivedData/ModuleCache.noindex -Xfrontend -serialize-debugging-options -swift-version 5 -I /Users/adamkz/look/build/release-signed/DerivedData/Build/Products/Release -F /Users/adamkz/look/build/release-signed/DerivedData/Build/Products/Release -emit-localized-strings -emit-localized-strings-path /Users/adamkz/look/build/release-signed/DerivedData/Build/Intermediates.noindex/Look.build/Release/LookNotes.build/Objects-normal/arm64 -c -num-threads 8 -Xcc -ivfsstatcache -Xcc /Users/adamkz/look/build/release-signed/DerivedData/SDKStatCaches.noindex/macosx26.2-25C57-00fa09913b459cbbc988d1f6730289ae.sdkstatcache -output-file-map /Users/adamkz/look/build/release-signed/DerivedData/Build/Intermediates.noindex/Look.build/Release/LookNotes.build/Objects-normal/arm64/LookNotes-OutputFileMap.json -use-frontend-parseable-output -save-temps -no-color-diagnostics -explicit-module-build -module-cache-path /Users/adamkz/look/build/release-signed/DerivedData/Build/Intermediates.noindex/SwiftExplicitPrecompiledModules -clang-scanner-module-cache-path /Users/adamkz/look/build/release-signed/DerivedData/ModuleCache.noindex -sdk-module-cache-path /Users/adamkz/look/build/release-signed/DerivedData/ModuleCache.noindex -serialize-diagnostics -emit-dependencies -emit-module -emit-module-path /Users/adamkz/look/build/release-signed/DerivedData/Build/Intermediates.noindex/Look.build/Release/LookNotes.build/Objects-normal/arm64/LookNotes.swiftmodule -validate-clang-modules-once -clang-build-session-file /Users/adamkz/look/build/release-signed/DerivedData/ModuleCache.noindex/Session.modulevalidation -Xcc -I/Users/adamkz/look/build/release-signed/DerivedData/Build/Intermediates.noindex/Look.build/Release/LookNotes.build/swift-overrides.hmap -emit-const-values -Xfrontend -const-gather-protocols-file -Xfrontend /Users/adamkz/look/build/release-signed/DerivedData/Build/Intermediates.noindex/Look.build/Release/LookNotes.build/Objects-normal/arm64/LookNotes_const_extract_protocols.json -Xcc -iquote -Xcc /Users/adamkz/look/build/release-signed/DerivedData/Build/Intermediates.noindex/Look.build/Release/LookNotes.build/LookNotes-generated-files.hmap -Xcc -I/Users/adamkz/look/build/release-signed/DerivedData/Build/Intermediates.noindex/Look.build/Release/LookNotes.build/LookNotes-own-target-headers.hmap -Xcc -I/Users/adamkz/look/build/release-signed/DerivedData/Build/Intermediates.noindex/Look.build/Release/LookNotes.build/LookNotes-all-non-framework-target-headers.hmap -Xcc -ivfsoverlay -Xcc /Users/adamkz/look/build/release-signed/DerivedData/Build/Intermediates.noindex/Look.build/Release/Look-c3f0a56ea084f757df82bdf40cd5ab63-VFS/all-product-headers.yaml -Xcc -iquote -Xcc /Users/adamkz/look/build/release-signed/DerivedData/Build/Intermediates.noindex/Look.build/Release/LookNotes.build/LookNotes-project-headers.hmap -Xcc -I/Users/adamkz/look/build/release-signed/DerivedData/Build/Products/Release/include -Xcc -I/Users/adamkz/look/build/release-signed/DerivedData/Build/Intermediates.noindex/Look.build/Release/LookNotes.build/DerivedSources-normal/arm64 -Xcc -I/Users/adamkz/look/build/release-signed/DerivedData/Build/Intermediates.noindex/Look.build/Release/LookNotes.build/DerivedSources/arm64 -Xcc -I/Users/adamkz/look/build/release-signed/DerivedData/Build/Intermediates.noindex/Look.build/Release/LookNotes.build/DerivedSources -emit-objc-header -emit-objc-header-path /Users/adamkz/look/build/release-signed/DerivedData/Build/Intermediates.noindex/Look.build/Release/LookNotes.build/Objects-normal/arm64/LookNotes-Swift.h -working-directory /Users/adamkz/look -no-emit-module-separately-wmo

Ld /Users/adamkz/look/build/release-signed/DerivedData/Build/Products/Release/LookKit.framework/Versions/A/LookKit normal (in target 'LookKit' from project 'Look')
    cd /Users/adamkz/look
    /Applications/Xcode.app/Contents/Developer/Toolchains/XcodeDefault.xctoolchain/usr/bin/clang -Xlinker -reproducible -target arm64-apple-macos14.0 -dynamiclib -isysroot /Applications/Xcode.app/Contents/Developer/Platforms/MacOSX.platform/Developer/SDKs/MacOSX26.2.sdk -Os -L/Users/adamkz/look/build/release-signed/DerivedData/Build/Intermediates.noindex/EagerLinkingTBDs/Release -L/Users/adamkz/look/build/release-signed/DerivedData/Build/Products/Release -F/Users/adamkz/look/build/release-signed/DerivedData/Build/Intermediates.noindex/EagerLinkingTBDs/Release -F/Users/adamkz/look/build/release-signed/DerivedData/Build/Products/Release -filelist /Users/adamkz/look/build/release-signed/DerivedData/Build/Intermediates.noindex/Look.build/Release/LookKit.build/Objects-normal/arm64/LookKit.LinkFileList -install_name @rpath/LookKit.framework/Versions/A/LookKit -Xlinker -rpath -Xlinker /usr/lib/swift -Xlinker -rpath -Xlinker @executable_path/../Frameworks -Xlinker -rpath -Xlinker @loader_path/Frameworks -dead_strip -Xlinker -object_path_lto -Xlinker /Users/adamkz/look/build/release-signed/DerivedData/Build/Intermediates.noindex/Look.build/Release/LookKit.build/Objects-normal/arm64/LookKit_lto.o -Xlinker -dependency_info -Xlinker /Users/adamkz/look/build/release-signed/DerivedData/Build/Intermediates.noindex/Look.build/Release/LookKit.build/Objects-normal/arm64/LookKit_dependency_info.dat -fobjc-link-runtime -L/Applications/Xcode.app/Contents/Developer/Toolchains/XcodeDefault.xctoolchain/usr/lib/swift/macosx -L/usr/lib/swift -Xlinker -add_ast_path -Xlinker /Users/adamkz/look/build/release-signed/DerivedData/Build/Intermediates.noindex/Look.build/Release/LookKit.build/Objects-normal/arm64/LookKit.swiftmodule @/Users/adamkz/look/build/release-signed/DerivedData/Build/Intermediates.noindex/Look.build/Release/LookKit.build/Objects-normal/arm64/LookKit-linker-args.resp -Xlinker -no_adhoc_codesign -o /Users/adamkz/look/build/release-signed/DerivedData/Build/Products/Release/LookKit.framework/Versions/A/LookKit

GenerateDSYMFile /Users/adamkz/look/build/release-signed/DerivedData/Build/Products/Release/LookKit.framework.dSYM /Users/adamkz/look/build/release-signed/DerivedData/Build/Products/Release/LookKit.framework/Versions/A/LookKit (in target 'LookKit' from project 'Look')
    cd /Users/adamkz/look
    /Applications/Xcode.app/Contents/Developer/Toolchains/XcodeDefault.xctoolchain/usr/bin/dsymutil /Users/adamkz/look/build/release-signed/DerivedData/Build/Products/Release/LookKit.framework/Versions/A/LookKit -o /Users/adamkz/look/build/release-signed/DerivedData/Build/Products/Release/LookKit.framework.dSYM

ExtractAppIntentsMetadata (in target 'LookKit' from project 'Look')
    cd /Users/adamkz/look
    /Applications/Xcode.app/Contents/Developer/Toolchains/XcodeDefault.xctoolchain/usr/bin/appintentsmetadataprocessor --toolchain-dir /Applications/Xcode.app/Contents/Developer/Toolchains/XcodeDefault.xctoolchain --module-name LookKit --sdk-root /Applications/Xcode.app/Contents/Developer/Platforms/MacOSX.platform/Developer/SDKs/MacOSX26.2.sdk --xcode-version 17C52 --platform-family macOS --deployment-target 14.0 --bundle-identifier com.look.LookKit --output /Users/adamkz/look/build/release-signed/DerivedData/Build/Products/Release/LookKit.framework/Versions/A/Resources --target-triple arm64-apple-macos14.0 --binary-file /Users/adamkz/look/build/release-signed/DerivedData/Build/Products/Release/LookKit.framework/Versions/A/LookKit --dependency-file /Users/adamkz/look/build/release-signed/DerivedData/Build/Intermediates.noindex/Look.build/Release/LookKit.build/Objects-normal/arm64/LookKit_dependency_info.dat --stringsdata-file /Users/adamkz/look/build/release-signed/DerivedData/Build/Intermediates.noindex/Look.build/Release/LookKit.build/Objects-normal/arm64/ExtractedAppShortcutsMetadata.stringsdata --source-file-list /Users/adamkz/look/build/release-signed/DerivedData/Build/Intermediates.noindex/Look.build/Release/LookKit.build/Objects-normal/arm64/LookKit.SwiftFileList --metadata-file-list /Users/adamkz/look/build/release-signed/DerivedData/Build/Intermediates.noindex/Look.build/Release/LookKit.build/LookKit.DependencyMetadataFileList --static-metadata-file-list /Users/adamkz/look/build/release-signed/DerivedData/Build/Intermediates.noindex/Look.build/Release/LookKit.build/LookKit.DependencyStaticMetadataFileList --swift-const-vals-list /Users/adamkz/look/build/release-signed/DerivedData/Build/Intermediates.noindex/Look.build/Release/LookKit.build/Objects-normal/arm64/LookKit.SwiftConstValuesFileList --compile-time-extraction --deployment-aware-processing --validate-assistant-intents --no-app-shortcuts-localization
2026-02-28 02:39:38.107 appintentsmetadataprocessor[23933:5934020] Starting appintentsmetadataprocessor export
2026-02-28 02:39:38.112 appintentsmetadataprocessor[23933:5934020] warning: Metadata extraction skipped. No AppIntents.framework dependency found.

GenerateTAPI /Users/adamkz/look/build/release-signed/DerivedData/Build/Intermediates.noindex/EagerLinkingTBDs/Release/LookKit.framework/Versions/A/LookKit.tbd (in target 'LookKit' from project 'Look')
    cd /Users/adamkz/look
    /Applications/Xcode.app/Contents/Developer/Toolchains/XcodeDefault.xctoolchain/usr/bin/tapi stubify -isysroot /Applications/Xcode.app/Contents/Developer/Platforms/MacOSX.platform/Developer/SDKs/MacOSX26.2.sdk -F/Users/adamkz/look/build/release-signed/DerivedData/Build/Products/Release -L/Users/adamkz/look/build/release-signed/DerivedData/Build/Products/Release /Users/adamkz/look/build/release-signed/DerivedData/Build/Products/Release/LookKit.framework/Versions/A/LookKit -o /Users/adamkz/look/build/release-signed/DerivedData/Build/Intermediates.noindex/EagerLinkingTBDs/Release/LookKit.framework/Versions/A/LookKit.tbd

CodeSign /Users/adamkz/look/build/release-signed/DerivedData/Build/Products/Release/LookKit.framework/Versions/A (in target 'LookKit' from project 'Look')
    cd /Users/adamkz/look
    
    Signing Identity:     "Sign to Run Locally"
    
    /usr/bin/codesign --force --sign - --timestamp\=none --generate-entitlement-der /Users/adamkz/look/build/release-signed/DerivedData/Build/Products/Release/LookKit.framework/Versions/A

RegisterExecutionPolicyException /Users/adamkz/look/build/release-signed/DerivedData/Build/Products/Release/LookKit.framework (in target 'LookKit' from project 'Look')
    cd /Users/adamkz/look
    builtin-RegisterExecutionPolicyException /Users/adamkz/look/build/release-signed/DerivedData/Build/Products/Release/LookKit.framework

SymLink /Users/adamkz/look/build/release-signed/DerivedData/Build/Intermediates.noindex/EagerLinkingTBDs/Release/LookKit.framework/LookKit.tbd /Users/adamkz/look/build/release-signed/DerivedData/Build/Intermediates.noindex/EagerLinkingTBDs/Release/LookKit.framework/Versions/A/LookKit.tbd (in target 'LookKit' from project 'Look')
    cd /Users/adamkz/look
    /bin/ln -sfh /Users/adamkz/look/build/release-signed/DerivedData/Build/Intermediates.noindex/EagerLinkingTBDs/Release/LookKit.framework/Versions/A/LookKit.tbd /Users/adamkz/look/build/release-signed/DerivedData/Build/Intermediates.noindex/EagerLinkingTBDs/Release/LookKit.framework/LookKit.tbd

Touch /Users/adamkz/look/build/release-signed/DerivedData/Build/Products/Release/LookKit.framework (in target 'LookKit' from project 'Look')
    cd /Users/adamkz/look
    /usr/bin/touch -c /Users/adamkz/look/build/release-signed/DerivedData/Build/Products/Release/LookKit.framework

SwiftDriver\ Compilation LookNotes normal arm64 com.apple.xcode.tools.swift.compiler (in target 'LookNotes' from project 'Look')
    cd /Users/adamkz/look
    builtin-Swift-Compilation -- /Applications/Xcode.app/Contents/Developer/Toolchains/XcodeDefault.xctoolchain/usr/bin/swiftc -module-name LookNotes -O -whole-module-optimization -enforce-exclusivity\=checked @/Users/adamkz/look/build/release-signed/DerivedData/Build/Intermediates.noindex/Look.build/Release/LookNotes.build/Objects-normal/arm64/LookNotes.SwiftFileList -enable-bare-slash-regex -enable-experimental-feature DebugDescriptionMacro -sdk /Applications/Xcode.app/Contents/Developer/Platforms/MacOSX.platform/Developer/SDKs/MacOSX26.2.sdk -target arm64-apple-macos14.0 -g -module-cache-path /Users/adamkz/look/build/release-signed/DerivedData/ModuleCache.noindex -Xfrontend -serialize-debugging-options -swift-version 5 -I /Users/adamkz/look/build/release-signed/DerivedData/Build/Products/Release -F /Users/adamkz/look/build/release-signed/DerivedData/Build/Products/Release -emit-localized-strings -emit-localized-strings-path /Users/adamkz/look/build/release-signed/DerivedData/Build/Intermediates.noindex/Look.build/Release/LookNotes.build/Objects-normal/arm64 -c -num-threads 8 -Xcc -ivfsstatcache -Xcc /Users/adamkz/look/build/release-signed/DerivedData/SDKStatCaches.noindex/macosx26.2-25C57-00fa09913b459cbbc988d1f6730289ae.sdkstatcache -output-file-map /Users/adamkz/look/build/release-signed/DerivedData/Build/Intermediates.noindex/Look.build/Release/LookNotes.build/Objects-normal/arm64/LookNotes-OutputFileMap.json -use-frontend-parseable-output -save-temps -no-color-diagnostics -explicit-module-build -module-cache-path /Users/adamkz/look/build/release-signed/DerivedData/Build/Intermediates.noindex/SwiftExplicitPrecompiledModules -clang-scanner-module-cache-path /Users/adamkz/look/build/release-signed/DerivedData/ModuleCache.noindex -sdk-module-cache-path /Users/adamkz/look/build/release-signed/DerivedData/ModuleCache.noindex -serialize-diagnostics -emit-dependencies -emit-module -emit-module-path /Users/adamkz/look/build/release-signed/DerivedData/Build/Intermediates.noindex/Look.build/Release/LookNotes.build/Objects-normal/arm64/LookNotes.swiftmodule -validate-clang-modules-once -clang-build-session-file /Users/adamkz/look/build/release-signed/DerivedData/ModuleCache.noindex/Session.modulevalidation -Xcc -I/Users/adamkz/look/build/release-signed/DerivedData/Build/Intermediates.noindex/Look.build/Release/LookNotes.build/swift-overrides.hmap -emit-const-values -Xfrontend -const-gather-protocols-file -Xfrontend /Users/adamkz/look/build/release-signed/DerivedData/Build/Intermediates.noindex/Look.build/Release/LookNotes.build/Objects-normal/arm64/LookNotes_const_extract_protocols.json -Xcc -iquote -Xcc /Users/adamkz/look/build/release-signed/DerivedData/Build/Intermediates.noindex/Look.build/Release/LookNotes.build/LookNotes-generated-files.hmap -Xcc -I/Users/adamkz/look/build/release-signed/DerivedData/Build/Intermediates.noindex/Look.build/Release/LookNotes.build/LookNotes-own-target-headers.hmap -Xcc -I/Users/adamkz/look/build/release-signed/DerivedData/Build/Intermediates.noindex/Look.build/Release/LookNotes.build/LookNotes-all-non-framework-target-headers.hmap -Xcc -ivfsoverlay -Xcc /Users/adamkz/look/build/release-signed/DerivedData/Build/Intermediates.noindex/Look.build/Release/Look-c3f0a56ea084f757df82bdf40cd5ab63-VFS/all-product-headers.yaml -Xcc -iquote -Xcc /Users/adamkz/look/build/release-signed/DerivedData/Build/Intermediates.noindex/Look.build/Release/LookNotes.build/LookNotes-project-headers.hmap -Xcc -I/Users/adamkz/look/build/release-signed/DerivedData/Build/Products/Release/include -Xcc -I/Users/adamkz/look/build/release-signed/DerivedData/Build/Intermediates.noindex/Look.build/Release/LookNotes.build/DerivedSources-normal/arm64 -Xcc -I/Users/adamkz/look/build/release-signed/DerivedData/Build/Intermediates.noindex/Look.build/Release/LookNotes.build/DerivedSources/arm64 -Xcc -I/Users/adamkz/look/build/release-signed/DerivedData/Build/Intermediates.noindex/Look.build/Release/LookNotes.build/DerivedSources -emit-objc-header -emit-objc-header-path /Users/adamkz/look/build/release-signed/DerivedData/Build/Intermediates.noindex/Look.build/Release/LookNotes.build/Objects-normal/arm64/LookNotes-Swift.h -working-directory /Users/adamkz/look -no-emit-module-separately-wmo

SwiftCompile normal arm64 Compiling\ LookNotes.swift,\ NoteTemplateRegistry.swift,\ MarkdownEditorView.swift,\ NoteEditorViewModel.swift /Users/adamkz/look/Sources/LookNotes/Sources/LookNotes.swift /Users/adamkz/look/Sources/LookNotes/Sources/NoteTemplateRegistry.swift /Users/adamkz/look/Sources/LookNotes/Sources/MarkdownEditorView.swift /Users/adamkz/look/Sources/LookNotes/Sources/NoteEditorViewModel.swift /Applications/Xcode.app/Contents/Developer/Toolchains/XcodeDefault.xctoolchain/usr/lib/swift/macosx/prebuilt-modules/26.2/SwiftUICore.swiftmodule/arm64e-apple-macos.swiftmodule /Applications/Xcode.app/Contents/Developer/Toolchains/XcodeDefault.xctoolchain/usr/lib/swift/macosx/prebuilt-modules/26.2/PDFKit.swiftmodule/arm64e-apple-macos.swiftmodule /Applications/Xcode.app/Contents/Developer/Toolchains/XcodeDefault.xctoolchain/usr/lib/swift/macosx/prebuilt-modules/26.2/CoreImage.swiftmodule/arm64e-apple-macos.swiftmodule /Applications/Xcode.app/Contents/Developer/Toolchains/XcodeDefault.xctoolchain/usr/lib/swift/macosx/prebuilt-modules/26.2/UniformTypeIdentifiers.swiftmodule/arm64e-apple-macos.swiftmodule /Applications/Xcode.app/Contents/Developer/Toolchains/XcodeDefault.xctoolchain/usr/lib/swift/macosx/prebuilt-modules/26.2/WebKit.swiftmodule/arm64e-apple-macos.swiftmodule /Applications/Xcode.app/Contents/Developer/Toolchains/XcodeDefault.xctoolchain/usr/lib/swift/macosx/prebuilt-modules/26.2/_DarwinFoundation2.swiftmodule/arm64e-apple-macos.swiftmodule /Applications/Xcode.app/Contents/Developer/Toolchains/XcodeDefault.xctoolchain/usr/lib/swift/macosx/prebuilt-modules/26.2/CoreVideo.swiftmodule/arm64e-apple-macos.swiftmodule /Applications/Xcode.app/Contents/Developer/Toolchains/XcodeDefault.xctoolchain/usr/lib/swift/macosx/prebuilt-modules/26.2/Network.swiftmodule/arm64e-apple-macos.swiftmodule /Applications/Xcode.app/Contents/Developer/Toolchains/XcodeDefault.xctoolchain/usr/lib/swift/macosx/prebuilt-modules/26.2/OSLog.swiftmodule/arm64e-apple-macos.swiftmodule /Applications/Xcode.app/Contents/Developer/Toolchains/XcodeDefault.xctoolchain/usr/lib/swift/macosx/prebuilt-modules/26.2/CoreData.swiftmodule/arm64e-apple-macos.swiftmodule /Applications/Xcode.app/Contents/Developer/Toolchains/XcodeDefault.xctoolchain/usr/lib/swift/macosx/prebuilt-modules/26.2/CoreTransferable.swiftmodule/arm64e-apple-macos.swiftmodule /Applications/Xcode.app/Contents/Developer/Toolchains/XcodeDefault.xctoolchain/usr/lib/swift/macosx/prebuilt-modules/26.2/AppKit.swiftmodule/arm64e-apple-macos.swiftmodule /Applications/Xcode.app/Contents/Developer/Toolchains/XcodeDefault.xctoolchain/usr/lib/swift/macosx/prebuilt-modules/26.2/Darwin.swiftmodule/arm64e-apple-macos.swiftmodule /Users/adamkz/look/build/release-signed/DerivedData/Build/Products/Release/LookKit.framework/Modules/LookKit.swiftmodule/arm64-apple-macos.swiftmodule /Applications/Xcode.app/Contents/Developer/Toolchains/XcodeDefault.xctoolchain/usr/lib/swift/macosx/prebuilt-modules/26.2/os.swiftmodule/arm64e-apple-macos.swiftmodule /Applications/Xcode.app/Contents/Developer/Toolchains/XcodeDefault.xctoolchain/usr/lib/swift/macosx/prebuilt-modules/26.2/Swift.swiftmodule/arm64e-apple-macos.swiftmodule /Applications/Xcode.app/Contents/Developer/Toolchains/XcodeDefault.xctoolchain/usr/lib/swift/macosx/prebuilt-modules/26.2/Symbols.swiftmodule/arm64e-apple-macos.swiftmodule /Applications/Xcode.app/Contents/Developer/Toolchains/XcodeDefault.xctoolchain/usr/lib/swift/macosx/prebuilt-modules/26.2/_DarwinFoundation3.swiftmodule/arm64e-apple-macos.swiftmodule /Applications/Xcode.app/Contents/Developer/Toolchains/XcodeDefault.xctoolchain/usr/lib/swift/macosx/prebuilt-modules/26.2/_WebKit_SwiftUI.swiftmodule/arm64e-apple-macos.swiftmodule /Applications/Xcode.app/Contents/Developer/Toolchains/XcodeDefault.xctoolchain/usr/lib/swift/macosx/prebuilt-modules/26.2/_DarwinFoundation1.swiftmodule/arm64e-apple-macos.swiftmodule /Applications/Xcode.app/Contents/Developer/Toolchains/XcodeDefault.xctoolchain/usr/lib/swift/macosx/prebuilt-modules/26.2/Combine.swiftmodule/arm64e-apple-macos.swiftmodule /Applications/Xcode.app/Contents/Developer/Toolchains/XcodeDefault.xctoolchain/usr/lib/swift/macosx/prebuilt-modules/26.2/XPC.swiftmodule/arm64e-apple-macos.swiftmodule /Applications/Xcode.app/Contents/Developer/Toolchains/XcodeDefault.xctoolchain/usr/lib/swift/macosx/prebuilt-modules/26.2/Accessibility.swiftmodule/arm64e-apple-macos.swiftmodule /Applications/Xcode.app/Contents/Developer/Toolchains/XcodeDefault.xctoolchain/usr/lib/swift/macosx/prebuilt-modules/26.2/CoreText.swiftmodule/arm64e-apple-macos.swiftmodule /Applications/Xcode.app/Contents/Developer/Toolchains/XcodeDefault.xctoolchain/usr/lib/swift/macosx/prebuilt-modules/26.2/DataDetection.swiftmodule/arm64e-apple-macos.swiftmodule /Applications/Xcode.app/Contents/Developer/Toolchains/XcodeDefault.xctoolchain/usr/lib/swift/macosx/prebuilt-modules/26.2/Metal.swiftmodule/arm64e-apple-macos.swiftmodule /Applications/Xcode.app/Contents/Developer/Toolchains/XcodeDefault.xctoolchain/usr/lib/swift/macosx/prebuilt-modules/26.2/_Concurrency.swiftmodule/arm64e-apple-macos.swiftmodule /Applications/Xcode.app/Contents/Developer/Toolchains/XcodeDefault.xctoolchain/usr/lib/swift/macosx/prebuilt-modules/26.2/CoreFoundation.swiftmodule/arm64e-apple-macos.swiftmodule /Applications/Xcode.app/Contents/Developer/Toolchains/XcodeDefault.xctoolchain/usr/lib/swift/macosx/prebuilt-modules/26.2/QuartzCore.swiftmodule/arm64e-apple-macos.swiftmodule /Applications/Xcode.app/Contents/Developer/Toolchains/XcodeDefault.xctoolchain/usr/lib/swift/macosx/prebuilt-modules/26.2/DeveloperToolsSupport.swiftmodule/arm64e-apple-macos.swiftmodule /Applications/Xcode.app/Contents/Developer/Toolchains/XcodeDefault.xctoolchain/usr/lib/swift/macosx/prebuilt-modules/26.2/Observation.swiftmodule/arm64e-apple-macos.swiftmodule /Applications/Xcode.app/Contents/Developer/Toolchains/XcodeDefault.xctoolchain/usr/lib/swift/macosx/prebuilt-modules/26.2/IOKit.swiftmodule/arm64e-apple-macos.swiftmodule /Applications/Xcode.app/Contents/Developer/Toolchains/XcodeDefault.xctoolchain/usr/lib/swift/macosx/prebuilt-modules/26.2/ObjectiveC.swiftmodule/arm64e-apple-macos.swiftmodule /Applications/Xcode.app/Contents/Developer/Toolchains/XcodeDefault.xctoolchain/usr/lib/swift/macosx/prebuilt-modules/26.2/SwiftUI.swiftmodule/arm64e-apple-macos.swiftmodule /Applications/Xcode.app/Contents/Developer/Toolchains/XcodeDefault.xctoolchain/usr/lib/swift/macosx/prebuilt-modules/26.2/Dispatch.swiftmodule/arm64e-apple-macos.swiftmodule /Applications/Xcode.app/Contents/Developer/Toolchains/XcodeDefault.xctoolchain/usr/lib/swift/macosx/prebuilt-modules/26.2/simd.swiftmodule/arm64e-apple-macos.swiftmodule /Applications/Xcode.app/Contents/Developer/Toolchains/XcodeDefault.xctoolchain/usr/lib/swift/macosx/prebuilt-modules/26.2/_Builtin_float.swiftmodule/arm64e-apple-macos.swiftmodule /Applications/Xcode.app/Contents/Developer/Toolchains/XcodeDefault.xctoolchain/usr/lib/swift/macosx/prebuilt-modules/26.2/System.swiftmodule/arm64e-apple-macos.swiftmodule /Applications/Xcode.app/Contents/Developer/Toolchains/XcodeDefault.xctoolchain/usr/lib/swift/macosx/prebuilt-modules/26.2/CoreGraphics.swiftmodule/arm64e-apple-macos.swiftmodule /Applications/Xcode.app/Contents/Developer/Toolchains/XcodeDefault.xctoolchain/usr/lib/swift/macosx/prebuilt-modules/26.2/Distributed.swiftmodule/arm64e-apple-macos.swiftmodule /Applications/Xcode.app/Contents/Developer/Toolchains/XcodeDefault.xctoolchain/usr/lib/swift/macosx/prebuilt-modules/26.2/_StringProcessing.swiftmodule/arm64e-apple-macos.swiftmodule /Applications/Xcode.app/Contents/Developer/Toolchains/XcodeDefault.xctoolchain/usr/lib/swift/macosx/prebuilt-modules/26.2/Spatial.swiftmodule/arm64e-apple-macos.swiftmodule /Applications/Xcode.app/Contents/Developer/Toolchains/XcodeDefault.xctoolchain/usr/lib/swift/macosx/prebuilt-modules/26.2/Foundation.swiftmodule/arm64e-apple-macos.swiftmodule /Users/adamkz/look/build/release-signed/DerivedData/ModuleCache.noindex/ObjectiveC-5BY4ZHRBYO6R5N77XCPPIJNBQ.pcm /Users/adamkz/look/build/release-signed/DerivedData/ModuleCache.noindex/IOSurface-C135OVI9R0KD0JKQX0C7XU3OE.pcm /Users/adamkz/look/build/release-signed/DerivedData/ModuleCache.noindex/ptrcheck-8ZA1FKYPOIF39BVX4I5MYSKJR.pcm /Users/adamkz/look/build/release-signed/DerivedData/ModuleCache.noindex/WebKit-27GU6ZVZKF1JOQ1PP4NIRUAJQ.pcm /Users/adamkz/look/build/release-signed/DerivedData/ModuleCache.noindex/SwiftShims-5Y5KMT579CPTOP1VACOBMWIEJ.pcm /Users/adamkz/look/build/release-signed/DerivedData/ModuleCache.noindex/CoreFoundation-9Q2KFEZJ7Q50TIVHS4XH6MTAG.pcm /Users/adamkz/look/build/release-signed/DerivedData/ModuleCache.noindex/Spatial-9P8FLTS1BKV0K8KTBPATMN690.pcm /Users/adamkz/look/build/release-signed/DerivedData/ModuleCache.noindex/CoreImage-DVH7KOX93H16WPEWP8GZGQRVH.pcm /Users/adamkz/look/build/release-signed/DerivedData/ModuleCache.noindex/Foundation-C01VOWLJAT43R0EIOXJCC2B37.pcm /Users/adamkz/look/build/release-signed/DerivedData/ModuleCache.noindex/launch-DYB2HT15ZDV82A52UYS3AP6VZ.pcm /Users/adamkz/look/build/release-signed/DerivedData/ModuleCache.noindex/os_object-6O54LNC3RDNNQRT6O619GR730.pcm /Users/adamkz/look/build/release-signed/DerivedData/ModuleCache.noindex/_Builtin_inttypes-1MF2316SNU3CA1AU7HMMBRQ0K.pcm /Users/adamkz/look/build/release-signed/DerivedData/ModuleCache.noindex/Metal-C6KH0ML3O0YQB1XO9U0CNF4IL.pcm /Users/adamkz/look/build/release-signed/DerivedData/ModuleCache.noindex/CoreGraphics-48K97OA5YDZHVG86ZPMOR7632.pcm /Users/adamkz/look/build/release-signed/DerivedData/ModuleCache.noindex/CoreTransferable-8SYGRBWEHAG6F46ADNNFW8NNZ.pcm /Users/adamkz/look/build/release-signed/DerivedData/ModuleCache.noindex/ApplicationServices-51FGN1M9YXMGT7LCHAP59IRXC.pcm /Users/adamkz/look/build/release-signed/DerivedData/ModuleCache.noindex/_DarwinFoundation3-8HGAQLP9OCYHT1HH0HEO7YDNO.pcm /Users/adamkz/look/build/release-signed/DerivedData/ModuleCache.noindex/_Builtin_tgmath-BV342MJ6LJLTPHPX73O8MH1LZ.pcm /Users/adamkz/look/build/release-signed/DerivedData/ModuleCache.noindex/DiskArbitration-182LSJOLL6NHGC8B7LU8Z6X4A.pcm /Users/adamkz/look/build/release-signed/DerivedData/ModuleCache.noindex/libkern-6RENY90G49GNLUGLSLQROBSK6.pcm /Users/adamkz/look/build/release-signed/DerivedData/ModuleCache.noindex/dnssd-7JSQV7L4DQIOZKO5L12KXQBEL.pcm /Users/adamkz/look/build/release-signed/DerivedData/ModuleCache.noindex/MachO-A74HC4JJULGDGEEBBA2UVGHQI.pcm /Users/adamkz/look/build/release-signed/DerivedData/ModuleCache.noindex/_AvailabilityInternal-425JT0X59YAOWC8O1B83GNACH.pcm /Users/adamkz/look/build/release-signed/DerivedData/ModuleCache.noindex/AppKit-BC8D5IYKTFOFOHGJRH63XXVZ5.pcm /Users/adamkz/look/build/release-signed/DerivedData/ModuleCache.noindex/simd-CVMGJD3V3W1RX2HF6USLDHS8X.pcm /Users/adamkz/look/build/release-signed/DerivedData/ModuleCache.noindex/os-MI6ND10QGUNNXERPS5RL0LGZ.pcm /Users/adamkz/look/build/release-signed/DerivedData/ModuleCache.noindex/Cocoa-21VG6LG9QBOD2O4IB04LEFD3G.pcm /Users/adamkz/look/build/release-signed/DerivedData/ModuleCache.noindex/PDFKit-5KK921M9R19EH1G5TH8P2O4ZJ.pcm /Users/adamkz/look/build/release-signed/DerivedData/ModuleCache.noindex/_Builtin_stddef-5J29G905D7QKKQ1V26WT6X2T7.pcm /Users/adamkz/look/build/release-signed/DerivedData/ModuleCache.noindex/SwiftUI-95QH03J38C2P93JVKY4TSAN8Z.pcm /Users/adamkz/look/build/release-signed/DerivedData/ModuleCache.noindex/JavaScriptCore-4F1A5738Y3IEZJYKHBOSVS3LR.pcm /Users/adamkz/look/build/release-signed/DerivedData/ModuleCache.noindex/CoreServices-DF9FPNE37M517ABAG3T8W62V4.pcm /Users/adamkz/look/build/release-signed/DerivedData/ModuleCache.noindex/_Builtin_stdatomic-EK7AQUSDP6TV2N6X6QKEJZVMU.pcm /Users/adamkz/look/build/release-signed/DerivedData/ModuleCache.noindex/libDER-5JNXA6M7LAVTEGWIKMX83SSFR.pcm /Users/adamkz/look/build/release-signed/DerivedData/ModuleCache.noindex/_Builtin_intrinsics-A6SRJL8AECCOV8SUZW68V6SE.pcm /Users/adamkz/look/build/release-signed/DerivedData/ModuleCache.noindex/_SwiftConcurrencyShims-95ITI2VHLQMF5IYZYA1RFI3WO.pcm /Users/adamkz/look/build/release-signed/DerivedData/ModuleCache.noindex/_Builtin_limits-E8CAXKNYKPRR3C3R43JJZ26RL.pcm /Users/adamkz/look/build/release-signed/DerivedData/ModuleCache.noindex/CoreVideo-68UHICY025QX4HXVU6KEVZGBQ.pcm /Users/adamkz/look/build/release-signed/DerivedData/ModuleCache.noindex/SwiftUICore-4XX15QX83MVBVIMTS3WXYFH61.pcm /Users/adamkz/look/build/release-signed/DerivedData/ModuleCache.noindex/Dispatch-ELD3YT36PPOV6YYRARXTCOGPQ.pcm /Users/adamkz/look/build/release-signed/DerivedData/ModuleCache.noindex/_Builtin_stdarg-EKXMAU59G2O5UJ1D1C1LB97D8.pcm /Users/adamkz/look/build/release-signed/DerivedData/ModuleCache.noindex/ImageIO-29C03LOISHCRSBCQHBSM5EEIE.pcm /Users/adamkz/look/build/release-signed/DerivedData/ModuleCache.noindex/CUPS-8OW4NUY8J6Q5IAVTOLLJT4F7P.pcm /Users/adamkz/look/build/release-signed/DerivedData/ModuleCache.noindex/_Builtin_stdbool-EIPABQT0G0AJ9UUW48DH5ROXB.pcm /Users/adamkz/look/build/release-signed/DerivedData/ModuleCache.noindex/IOKit-D6LUPHHFI75RSC24ROB2T9FDM.pcm /Users/adamkz/look/build/release-signed/DerivedData/ModuleCache.noindex/OSLog-7V5X06EAH7X2HEPYESM5J6T5Q.pcm /Users/adamkz/look/build/release-signed/DerivedData/ModuleCache.noindex/_DarwinFoundation2-3GGA7K08F1J63WFFVHVPZT1GH.pcm /Users/adamkz/look/build/release-signed/DerivedData/ModuleCache.noindex/DataDetection-2F5TVLG2Y9OSRBISM8OI9IQW5.pcm /Users/adamkz/look/build/release-signed/DerivedData/ModuleCache.noindex/Accessibility-3CWK6XOISNQB4Q2SGW6FWIP70.pcm /Users/adamkz/look/build/release-signed/DerivedData/ModuleCache.noindex/_Builtin_float-AVX9XNB8TPLILDMGLVXRCVW62.pcm /Users/adamkz/look/build/release-signed/DerivedData/ModuleCache.noindex/CFNetwork-ABIDTUFVGIFF54SR14ZTEFVXR.pcm /Users/adamkz/look/build/release-signed/DerivedData/ModuleCache.noindex/QuartzCore-EDU5XWIHRSTVVEM3AY97T62AK.pcm /Users/adamkz/look/build/release-signed/DerivedData/ModuleCache.noindex/UniformTypeIdentifiers-AZFPE2DHQZB510BFKH6XTG8RK.pcm /Users/adamkz/look/build/release-signed/DerivedData/ModuleCache.noindex/_Builtin_stdint-1VP8NVM0ZLFVN0SDPEID9K89C.pcm /Users/adamkz/look/build/release-signed/DerivedData/ModuleCache.noindex/os_workgroup-1OMSAV6G6UQV50TKJGACJD3D0.pcm /Users/adamkz/look/build/release-signed/DerivedData/ModuleCache.noindex/CoreData-EEDF3NHLXBGY5WY2WJQPVN8ZK.pcm /Users/adamkz/look/build/release-signed/DerivedData/ModuleCache.noindex/Network-BTUUT20ASTRZB92VWSFNI93DH.pcm /Users/adamkz/look/build/release-signed/DerivedData/ModuleCache.noindex/sys_types-C2H53E0LP9F3MZOBMD0WJNHI9.pcm /Users/adamkz/look/build/release-signed/DerivedData/ModuleCache.noindex/_DarwinFoundation1-8NLC2NC4ZX9KJYB8N6QEYZV4M.pcm /Users/adamkz/look/build/release-signed/DerivedData/ModuleCache.noindex/ptrauth-4XZJVD4C2IRYHV7TYB7ERRAMQ.pcm /Users/adamkz/look/build/release-signed/DerivedData/ModuleCache.noindex/ColorSync-4B549BL1DQ3V83L9JLDAVK56Q.pcm /Users/adamkz/look/build/release-signed/DerivedData/ModuleCache.noindex/CoreText-101FRSCZZW718MSUTKNWUA484.pcm /Users/adamkz/look/build/release-signed/DerivedData/ModuleCache.noindex/Symbols-6P2H9KADUQWSW304FNDQZIYGK.pcm /Users/adamkz/look/build/release-signed/DerivedData/ModuleCache.noindex/DeveloperToolsSupport-9PYEX437LNP27J3844CO2BCUS.pcm /Users/adamkz/look/build/release-signed/DerivedData/ModuleCache.noindex/OpenGL-7KEBJER1U0UQ5MAU8GBYRHQEO.pcm /Users/adamkz/look/build/release-signed/DerivedData/ModuleCache.noindex/Darwin-DVS3EF2IDNFCAXVBANU855Z37.pcm /Users/adamkz/look/build/release-signed/DerivedData/ModuleCache.noindex/Security-3XAELNBNXZNXLGZ9D25KCM5XO.pcm /Users/adamkz/look/build/release-signed/DerivedData/ModuleCache.noindex/XPC-7NF503FMO9A59AA8D9X0GMVRD.pcm /Users/adamkz/look/build/release-signed/DerivedData/Build/Intermediates.noindex/Look.build/Release/LookNotes.build/Objects-normal/arm64/LookNotes-dependencies-1.json (in target 'LookNotes' from project 'Look')
CompileSwift normal arm64 (in target 'LookNotes' from project 'Look')
    cd /Users/adamkz/look
    

SwiftCompile normal arm64 Compiling\ LookPDF.swift,\ PDFAnnotationBridge.swift,\ AnnotationToolbarView.swift,\ PDFViewerView.swift,\ PDFViewerViewModel.swift /Users/adamkz/look/Sources/LookPDF/Sources/LookPDF.swift /Users/adamkz/look/Sources/LookPDF/Sources/PDFAnnotationBridge.swift /Users/adamkz/look/Sources/LookPDF/Sources/AnnotationToolbarView.swift /Users/adamkz/look/Sources/LookPDF/Sources/PDFViewerView.swift /Users/adamkz/look/Sources/LookPDF/Sources/PDFViewerViewModel.swift /Applications/Xcode.app/Contents/Developer/Toolchains/XcodeDefault.xctoolchain/usr/lib/swift/macosx/prebuilt-modules/26.2/Observation.swiftmodule/arm64e-apple-macos.swiftmodule /Applications/Xcode.app/Contents/Developer/Toolchains/XcodeDefault.xctoolchain/usr/lib/swift/macosx/prebuilt-modules/26.2/AppKit.swiftmodule/arm64e-apple-macos.swiftmodule /Applications/Xcode.app/Contents/Developer/Toolchains/XcodeDefault.xctoolchain/usr/lib/swift/macosx/prebuilt-modules/26.2/UniformTypeIdentifiers.swiftmodule/arm64e-apple-macos.swiftmodule /Applications/Xcode.app/Contents/Developer/Toolchains/XcodeDefault.xctoolchain/usr/lib/swift/macosx/prebuilt-modules/26.2/simd.swiftmodule/arm64e-apple-macos.swiftmodule /Applications/Xcode.app/Contents/Developer/Toolchains/XcodeDefault.xctoolchain/usr/lib/swift/macosx/prebuilt-modules/26.2/CoreTransferable.swiftmodule/arm64e-apple-macos.swiftmodule /Applications/Xcode.app/Contents/Developer/Toolchains/XcodeDefault.xctoolchain/usr/lib/swift/macosx/prebuilt-modules/26.2/Foundation.swiftmodule/arm64e-apple-macos.swiftmodule /Applications/Xcode.app/Contents/Developer/Toolchains/XcodeDefault.xctoolchain/usr/lib/swift/macosx/prebuilt-modules/26.2/Combine.swiftmodule/arm64e-apple-macos.swiftmodule /Applications/Xcode.app/Contents/Developer/Toolchains/XcodeDefault.xctoolchain/usr/lib/swift/macosx/prebuilt-modules/26.2/PDFKit.swiftmodule/arm64e-apple-macos.swiftmodule /Applications/Xcode.app/Contents/Developer/Toolchains/XcodeDefault.xctoolchain/usr/lib/swift/macosx/prebuilt-modules/26.2/WebKit.swiftmodule/arm64e-apple-macos.swiftmodule /Applications/Xcode.app/Contents/Developer/Toolchains/XcodeDefault.xctoolchain/usr/lib/swift/macosx/prebuilt-modules/26.2/CoreText.swiftmodule/arm64e-apple-macos.swiftmodule /Applications/Xcode.app/Contents/Developer/Toolchains/XcodeDefault.xctoolchain/usr/lib/swift/macosx/prebuilt-modules/26.2/CoreVideo.swiftmodule/arm64e-apple-macos.swiftmodule /Applications/Xcode.app/Contents/Developer/Toolchains/XcodeDefault.xctoolchain/usr/lib/swift/macosx/prebuilt-modules/26.2/os.swiftmodule/arm64e-apple-macos.swiftmodule /Applications/Xcode.app/Contents/Developer/Toolchains/XcodeDefault.xctoolchain/usr/lib/swift/macosx/prebuilt-modules/26.2/_Builtin_float.swiftmodule/arm64e-apple-macos.swiftmodule /Applications/Xcode.app/Contents/Developer/Toolchains/XcodeDefault.xctoolchain/usr/lib/swift/macosx/prebuilt-modules/26.2/QuartzCore.swiftmodule/arm64e-apple-macos.swiftmodule /Applications/Xcode.app/Contents/Developer/Toolchains/XcodeDefault.xctoolchain/usr/lib/swift/macosx/prebuilt-modules/26.2/IOKit.swiftmodule/arm64e-apple-macos.swiftmodule /Applications/Xcode.app/Contents/Developer/Toolchains/XcodeDefault.xctoolchain/usr/lib/swift/macosx/prebuilt-modules/26.2/CoreFoundation.swiftmodule/arm64e-apple-macos.swiftmodule /Applications/Xcode.app/Contents/Developer/Toolchains/XcodeDefault.xctoolchain/usr/lib/swift/macosx/prebuilt-modules/26.2/_DarwinFoundation2.swiftmodule/arm64e-apple-macos.swiftmodule /Applications/Xcode.app/Contents/Developer/Toolchains/XcodeDefault.xctoolchain/usr/lib/swift/macosx/prebuilt-modules/26.2/Network.swiftmodule/arm64e-apple-macos.swiftmodule /Applications/Xcode.app/Contents/Developer/Toolchains/XcodeDefault.xctoolchain/usr/lib/swift/macosx/prebuilt-modules/26.2/System.swiftmodule/arm64e-apple-macos.swiftmodule /Applications/Xcode.app/Contents/Developer/Toolchains/XcodeDefault.xctoolchain/usr/lib/swift/macosx/prebuilt-modules/26.2/Darwin.swiftmodule/arm64e-apple-macos.swiftmodule /Applications/Xcode.app/Contents/Developer/Toolchains/XcodeDefault.xctoolchain/usr/lib/swift/macosx/prebuilt-modules/26.2/Distributed.swiftmodule/arm64e-apple-macos.swiftmodule /Applications/Xcode.app/Contents/Developer/Toolchains/XcodeDefault.xctoolchain/usr/lib/swift/macosx/prebuilt-modules/26.2/Symbols.swiftmodule/arm64e-apple-macos.swiftmodule /Applications/Xcode.app/Contents/Developer/Toolchains/XcodeDefault.xctoolchain/usr/lib/swift/macosx/prebuilt-modules/26.2/_DarwinFoundation3.swiftmodule/arm64e-apple-macos.swiftmodule /Applications/Xcode.app/Contents/Developer/Toolchains/XcodeDefault.xctoolchain/usr/lib/swift/macosx/prebuilt-modules/26.2/DeveloperToolsSupport.swiftmodule/arm64e-apple-macos.swiftmodule /Applications/Xcode.app/Contents/Developer/Toolchains/XcodeDefault.xctoolchain/usr/lib/swift/macosx/prebuilt-modules/26.2/Swift.swiftmodule/arm64e-apple-macos.swiftmodule /Applications/Xcode.app/Contents/Developer/Toolchains/XcodeDefault.xctoolchain/usr/lib/swift/macosx/prebuilt-modules/26.2/_Concurrency.swiftmodule/arm64e-apple-macos.swiftmodule /Applications/Xcode.app/Contents/Developer/Toolchains/XcodeDefault.xctoolchain/usr/lib/swift/macosx/prebuilt-modules/26.2/SwiftUICore.swiftmodule/arm64e-apple-macos.swiftmodule /Applications/Xcode.app/Contents/Developer/Toolchains/XcodeDefault.xctoolchain/usr/lib/swift/macosx/prebuilt-modules/26.2/Spatial.swiftmodule/arm64e-apple-macos.swiftmodule /Applications/Xcode.app/Contents/Developer/Toolchains/XcodeDefault.xctoolchain/usr/lib/swift/macosx/prebuilt-modules/26.2/CoreImage.swiftmodule/arm64e-apple-macos.swiftmodule /Applications/Xcode.app/Contents/Developer/Toolchains/XcodeDefault.xctoolchain/usr/lib/swift/macosx/prebuilt-modules/26.2/DataDetection.swiftmodule/arm64e-apple-macos.swiftmodule /Applications/Xcode.app/Contents/Developer/Toolchains/XcodeDefault.xctoolchain/usr/lib/swift/macosx/prebuilt-modules/26.2/CoreGraphics.swiftmodule/arm64e-apple-macos.swiftmodule /Applications/Xcode.app/Contents/Developer/Toolchains/XcodeDefault.xctoolchain/usr/lib/swift/macosx/prebuilt-modules/26.2/SwiftUI.swiftmodule/arm64e-apple-macos.swiftmodule /Applications/Xcode.app/Contents/Developer/Toolchains/XcodeDefault.xctoolchain/usr/lib/swift/macosx/prebuilt-modules/26.2/Accessibility.swiftmodule/arm64e-apple-macos.swiftmodule /Applications/Xcode.app/Contents/Developer/Toolchains/XcodeDefault.xctoolchain/usr/lib/swift/macosx/prebuilt-modules/26.2/_StringProcessing.swiftmodule/arm64e-apple-macos.swiftmodule /Applications/Xcode.app/Contents/Developer/Toolchains/XcodeDefault.xctoolchain/usr/lib/swift/macosx/prebuilt-modules/26.2/OSLog.swiftmodule/arm64e-apple-macos.swiftmodule /Applications/Xcode.app/Contents/Developer/Toolchains/XcodeDefault.xctoolchain/usr/lib/swift/macosx/prebuilt-modules/26.2/_DarwinFoundation1.swiftmodule/arm64e-apple-macos.swiftmodule /Applications/Xcode.app/Contents/Developer/Toolchains/XcodeDefault.xctoolchain/usr/lib/swift/macosx/prebuilt-modules/26.2/XPC.swiftmodule/arm64e-apple-macos.swiftmodule /Applications/Xcode.app/Contents/Developer/Toolchains/XcodeDefault.xctoolchain/usr/lib/swift/macosx/prebuilt-modules/26.2/_WebKit_SwiftUI.swiftmodule/arm64e-apple-macos.swiftmodule /Users/adamkz/look/build/release-signed/DerivedData/Build/Products/Release/LookKit.framework/Modules/LookKit.swiftmodule/arm64-apple-macos.swiftmodule /Applications/Xcode.app/Contents/Developer/Toolchains/XcodeDefault.xctoolchain/usr/lib/swift/macosx/prebuilt-modules/26.2/Metal.swiftmodule/arm64e-apple-macos.swiftmodule /Applications/Xcode.app/Contents/Developer/Toolchains/XcodeDefault.xctoolchain/usr/lib/swift/macosx/prebuilt-modules/26.2/CoreData.swiftmodule/arm64e-apple-macos.swiftmodule /Applications/Xcode.app/Contents/Developer/Toolchains/XcodeDefault.xctoolchain/usr/lib/swift/macosx/prebuilt-modules/26.2/ObjectiveC.swiftmodule/arm64e-apple-macos.swiftmodule /Applications/Xcode.app/Contents/Developer/Toolchains/XcodeDefault.xctoolchain/usr/lib/swift/macosx/prebuilt-modules/26.2/Dispatch.swiftmodule/arm64e-apple-macos.swiftmodule /Users/adamkz/look/build/release-signed/DerivedData/ModuleCache.noindex/_SwiftConcurrencyShims-95ITI2VHLQMF5IYZYA1RFI3WO.pcm /Users/adamkz/look/build/release-signed/DerivedData/ModuleCache.noindex/_DarwinFoundation2-3GGA7K08F1J63WFFVHVPZT1GH.pcm /Users/adamkz/look/build/release-signed/DerivedData/ModuleCache.noindex/CoreFoundation-9Q2KFEZJ7Q50TIVHS4XH6MTAG.pcm /Users/adamkz/look/build/release-signed/DerivedData/ModuleCache.noindex/DiskArbitration-182LSJOLL6NHGC8B7LU8Z6X4A.pcm /Users/adamkz/look/build/release-signed/DerivedData/ModuleCache.noindex/libkern-6RENY90G49GNLUGLSLQROBSK6.pcm /Users/adamkz/look/build/release-signed/DerivedData/ModuleCache.noindex/_Builtin_tgmath-BV342MJ6LJLTPHPX73O8MH1LZ.pcm /Users/adamkz/look/build/release-signed/DerivedData/ModuleCache.noindex/launch-DYB2HT15ZDV82A52UYS3AP6VZ.pcm /Users/adamkz/look/build/release-signed/DerivedData/ModuleCache.noindex/_Builtin_stdbool-EIPABQT0G0AJ9UUW48DH5ROXB.pcm /Users/adamkz/look/build/release-signed/DerivedData/ModuleCache.noindex/os_workgroup-1OMSAV6G6UQV50TKJGACJD3D0.pcm /Users/adamkz/look/build/release-signed/DerivedData/ModuleCache.noindex/Cocoa-21VG6LG9QBOD2O4IB04LEFD3G.pcm /Users/adamkz/look/build/release-signed/DerivedData/ModuleCache.noindex/CUPS-8OW4NUY8J6Q5IAVTOLLJT4F7P.pcm /Users/adamkz/look/build/release-signed/DerivedData/ModuleCache.noindex/dnssd-7JSQV7L4DQIOZKO5L12KXQBEL.pcm /Users/adamkz/look/build/release-signed/DerivedData/ModuleCache.noindex/sys_types-C2H53E0LP9F3MZOBMD0WJNHI9.pcm /Users/adamkz/look/build/release-signed/DerivedData/ModuleCache.noindex/Security-3XAELNBNXZNXLGZ9D25KCM5XO.pcm /Users/adamkz/look/build/release-signed/DerivedData/ModuleCache.noindex/_Builtin_inttypes-1MF2316SNU3CA1AU7HMMBRQ0K.pcm /Users/adamkz/look/build/release-signed/DerivedData/ModuleCache.noindex/Spatial-9P8FLTS1BKV0K8KTBPATMN690.pcm /Users/adamkz/look/build/release-signed/DerivedData/ModuleCache.noindex/AppKit-BC8D5IYKTFOFOHGJRH63XXVZ5.pcm /Users/adamkz/look/build/release-signed/DerivedData/ModuleCache.noindex/ObjectiveC-5BY4ZHRBYO6R5N77XCPPIJNBQ.pcm /Users/adamkz/look/build/release-signed/DerivedData/ModuleCache.noindex/_Builtin_stdint-1VP8NVM0ZLFVN0SDPEID9K89C.pcm /Users/adamkz/look/build/release-signed/DerivedData/ModuleCache.noindex/CoreData-EEDF3NHLXBGY5WY2WJQPVN8ZK.pcm /Users/adamkz/look/build/release-signed/DerivedData/ModuleCache.noindex/ptrcheck-8ZA1FKYPOIF39BVX4I5MYSKJR.pcm /Users/adamkz/look/build/release-signed/DerivedData/ModuleCache.noindex/Dispatch-ELD3YT36PPOV6YYRARXTCOGPQ.pcm /Users/adamkz/look/build/release-signed/DerivedData/ModuleCache.noindex/CoreImage-DVH7KOX93H16WPEWP8GZGQRVH.pcm /Users/adamkz/look/build/release-signed/DerivedData/ModuleCache.noindex/_Builtin_stddef-5J29G905D7QKKQ1V26WT6X2T7.pcm /Users/adamkz/look/build/release-signed/DerivedData/ModuleCache.noindex/ApplicationServices-51FGN1M9YXMGT7LCHAP59IRXC.pcm /Users/adamkz/look/build/release-signed/DerivedData/ModuleCache.noindex/CFNetwork-ABIDTUFVGIFF54SR14ZTEFVXR.pcm /Users/adamkz/look/build/release-signed/DerivedData/ModuleCache.noindex/JavaScriptCore-4F1A5738Y3IEZJYKHBOSVS3LR.pcm /Users/adamkz/look/build/release-signed/DerivedData/ModuleCache.noindex/CoreGraphics-48K97OA5YDZHVG86ZPMOR7632.pcm /Users/adamkz/look/build/release-signed/DerivedData/ModuleCache.noindex/Network-BTUUT20ASTRZB92VWSFNI93DH.pcm /Users/adamkz/look/build/release-signed/DerivedData/ModuleCache.noindex/_Builtin_stdarg-EKXMAU59G2O5UJ1D1C1LB97D8.pcm /Users/adamkz/look/build/release-signed/DerivedData/ModuleCache.noindex/DataDetection-2F5TVLG2Y9OSRBISM8OI9IQW5.pcm /Users/adamkz/look/build/release-signed/DerivedData/ModuleCache.noindex/_Builtin_stdatomic-EK7AQUSDP6TV2N6X6QKEJZVMU.pcm /Users/adamkz/look/build/release-signed/DerivedData/ModuleCache.noindex/DeveloperToolsSupport-9PYEX437LNP27J3844CO2BCUS.pcm /Users/adamkz/look/build/release-signed/DerivedData/ModuleCache.noindex/ptrauth-4XZJVD4C2IRYHV7TYB7ERRAMQ.pcm /Users/adamkz/look/build/release-signed/DerivedData/ModuleCache.noindex/Metal-C6KH0ML3O0YQB1XO9U0CNF4IL.pcm /Users/adamkz/look/build/release-signed/DerivedData/ModuleCache.noindex/XPC-7NF503FMO9A59AA8D9X0GMVRD.pcm /Users/adamkz/look/build/release-signed/DerivedData/ModuleCache.noindex/Darwin-DVS3EF2IDNFCAXVBANU855Z37.pcm /Users/adamkz/look/build/release-signed/DerivedData/ModuleCache.noindex/IOSurface-C135OVI9R0KD0JKQX0C7XU3OE.pcm /Users/adamkz/look/build/release-signed/DerivedData/ModuleCache.noindex/ColorSync-4B549BL1DQ3V83L9JLDAVK56Q.pcm /Users/adamkz/look/build/release-signed/DerivedData/ModuleCache.noindex/PDFKit-5KK921M9R19EH1G5TH8P2O4ZJ.pcm /Users/adamkz/look/build/release-signed/DerivedData/ModuleCache.noindex/SwiftShims-5Y5KMT579CPTOP1VACOBMWIEJ.pcm /Users/adamkz/look/build/release-signed/DerivedData/ModuleCache.noindex/os-MI6ND10QGUNNXERPS5RL0LGZ.pcm /Users/adamkz/look/build/release-signed/DerivedData/ModuleCache.noindex/OSLog-7V5X06EAH7X2HEPYESM5J6T5Q.pcm /Users/adamkz/look/build/release-signed/DerivedData/ModuleCache.noindex/SwiftUICore-4XX15QX83MVBVIMTS3WXYFH61.pcm /Users/adamkz/look/build/release-signed/DerivedData/ModuleCache.noindex/_AvailabilityInternal-425JT0X59YAOWC8O1B83GNACH.pcm /Users/adamkz/look/build/release-signed/DerivedData/ModuleCache.noindex/Symbols-6P2H9KADUQWSW304FNDQZIYGK.pcm /Users/adamkz/look/build/release-signed/DerivedData/ModuleCache.noindex/libDER-5JNXA6M7LAVTEGWIKMX83SSFR.pcm /Users/adamkz/look/build/release-signed/DerivedData/ModuleCache.noindex/QuartzCore-EDU5XWIHRSTVVEM3AY97T62AK.pcm /Users/adamkz/look/build/release-signed/DerivedData/ModuleCache.noindex/CoreText-101FRSCZZW718MSUTKNWUA484.pcm /Users/adamkz/look/build/release-signed/DerivedData/ModuleCache.noindex/IOKit-D6LUPHHFI75RSC24ROB2T9FDM.pcm /Users/adamkz/look/build/release-signed/DerivedData/ModuleCache.noindex/CoreTransferable-8SYGRBWEHAG6F46ADNNFW8NNZ.pcm /Users/adamkz/look/build/release-signed/DerivedData/ModuleCache.noindex/_Builtin_intrinsics-A6SRJL8AECCOV8SUZW68V6SE.pcm /Users/adamkz/look/build/release-signed/DerivedData/ModuleCache.noindex/CoreVideo-68UHICY025QX4HXVU6KEVZGBQ.pcm /Users/adamkz/look/build/release-signed/DerivedData/ModuleCache.noindex/CoreServices-DF9FPNE37M517ABAG3T8W62V4.pcm /Users/adamkz/look/build/release-signed/DerivedData/ModuleCache.noindex/UniformTypeIdentifiers-AZFPE2DHQZB510BFKH6XTG8RK.pcm /Users/adamkz/look/build/release-signed/DerivedData/ModuleCache.noindex/ImageIO-29C03LOISHCRSBCQHBSM5EEIE.pcm /Users/adamkz/look/build/release-signed/DerivedData/ModuleCache.noindex/WebKit-27GU6ZVZKF1JOQ1PP4NIRUAJQ.pcm /Users/adamkz/look/build/release-signed/DerivedData/ModuleCache.noindex/_Builtin_limits-E8CAXKNYKPRR3C3R43JJZ26RL.pcm /Users/adamkz/look/build/release-signed/DerivedData/ModuleCache.noindex/MachO-A74HC4JJULGDGEEBBA2UVGHQI.pcm /Users/adamkz/look/build/release-signed/DerivedData/ModuleCache.noindex/_DarwinFoundation3-8HGAQLP9OCYHT1HH0HEO7YDNO.pcm /Users/adamkz/look/build/release-signed/DerivedData/ModuleCache.noindex/os_object-6O54LNC3RDNNQRT6O619GR730.pcm /Users/adamkz/look/build/release-signed/DerivedData/ModuleCache.noindex/SwiftUI-95QH03J38C2P93JVKY4TSAN8Z.pcm /Users/adamkz/look/build/release-signed/DerivedData/ModuleCache.noindex/_Builtin_float-AVX9XNB8TPLILDMGLVXRCVW62.pcm /Users/adamkz/look/build/release-signed/DerivedData/ModuleCache.noindex/Foundation-C01VOWLJAT43R0EIOXJCC2B37.pcm /Users/adamkz/look/build/release-signed/DerivedData/ModuleCache.noindex/OpenGL-7KEBJER1U0UQ5MAU8GBYRHQEO.pcm /Users/adamkz/look/build/release-signed/DerivedData/ModuleCache.noindex/_DarwinFoundation1-8NLC2NC4ZX9KJYB8N6QEYZV4M.pcm /Users/adamkz/look/build/release-signed/DerivedData/ModuleCache.noindex/simd-CVMGJD3V3W1RX2HF6USLDHS8X.pcm /Users/adamkz/look/build/release-signed/DerivedData/ModuleCache.noindex/Accessibility-3CWK6XOISNQB4Q2SGW6FWIP70.pcm /Users/adamkz/look/build/release-signed/DerivedData/Build/Intermediates.noindex/Look.build/Release/LookPDF.build/Objects-normal/arm64/LookPDF-dependencies-1.json (in target 'LookPDF' from project 'Look')
CompileSwift normal arm64 (in target 'LookPDF' from project 'Look')
    cd /Users/adamkz/look
    
/Users/adamkz/look/Sources/LookPDF/Sources/PDFViewerView.swift:187:10: warning: 'onChange(of:perform:)' was deprecated in macOS 14.0: Use `onChange` with a two or zero parameter action closure instead.
        .onChange(of: viewModel.currentPage) { _ in
         ^
/Users/adamkz/look/Sources/LookPDF/Sources/PDFViewerView.swift:190:10: warning: 'onChange(of:perform:)' was deprecated in macOS 14.0: Use `onChange` with a two or zero parameter action closure instead.
        .onChange(of: scenePhase) { phase in
         ^
/Users/adamkz/look/Sources/LookPDF/Sources/PDFViewerView.swift:357:18: warning: conditional cast from 'CustomPDFView' to 'CustomPDFView' always succeeds
        (pdfView as? CustomPDFView)?.coordinator = context.coordinator
                 ^
/Users/adamkz/look/Sources/LookPDF/Sources/PDFViewerView.swift:483:43: warning: conditional cast from '[PDFPage]' to '[PDFPage]' always succeeds
        guard let pages = selection.pages as? [PDFPage],
                                          ^
/Users/adamkz/look/Sources/LookPDF/Sources/PDFViewerView.swift:498:59: warning: conditional cast from '[PDFPage]' to '[PDFPage]' always succeeds
                guard let linePages = lineSelection.pages as? [PDFPage],
                                                          ^
/Users/adamkz/look/Sources/LookPDF/Sources/PDFViewerViewModel.swift:110:43: warning: conditional cast from '[PDFPage]' to '[PDFPage]' always succeeds
        guard let pages = selection.pages as? [PDFPage] else { return }
                                          ^
/Users/adamkz/look/Sources/LookPDF/Sources/PDFViewerView.swift:502:27: warning: 'allBounds' mutated after capture by sendable closure
                allBounds.append(lineBounds)
                          ^
/Users/adamkz/look/Sources/LookPDF/Sources/PDFViewerView.swift:493:17: note: variable defined here
            var allBounds: [CGRect] = []
                ^
/Users/adamkz/look/Sources/LookPDF/Sources/PDFViewerView.swift:511:22: note: variable captured by sendable closure
                Task { @MainActor in
                     ^
/Users/adamkz/look/Sources/LookPDF/Sources/PDFViewerView.swift:512:68: note: capturing use
                    await viewModel.onCreateAnnotation?(pageIndex, allBounds, textSnippet, currentColor)
                                                                   ^
/Users/adamkz/look/Sources/LookPDF/Sources/PDFViewerView.swift:493:17: note: variable defined here
            var allBounds: [CGRect] = []
                ^
/Users/adamkz/look/Sources/LookPDF/Sources/PDFViewerView.swift:511:22: note: variable captured by sendable closure
                Task { @MainActor in
                     ^
/Users/adamkz/look/Sources/LookPDF/Sources/PDFViewerView.swift:512:68: note: capturing use
                    await viewModel.onCreateAnnotation?(pageIndex, allBounds, textSnippet, currentColor)
                                                                   ^

SwiftDriver\ Compilation LookPDF normal arm64 com.apple.xcode.tools.swift.compiler (in target 'LookPDF' from project 'Look')
    cd /Users/adamkz/look
    builtin-Swift-Compilation -- /Applications/Xcode.app/Contents/Developer/Toolchains/XcodeDefault.xctoolchain/usr/bin/swiftc -module-name LookPDF -O -whole-module-optimization -enforce-exclusivity\=checked @/Users/adamkz/look/build/release-signed/DerivedData/Build/Intermediates.noindex/Look.build/Release/LookPDF.build/Objects-normal/arm64/LookPDF.SwiftFileList -enable-bare-slash-regex -enable-experimental-feature DebugDescriptionMacro -sdk /Applications/Xcode.app/Contents/Developer/Platforms/MacOSX.platform/Developer/SDKs/MacOSX26.2.sdk -target arm64-apple-macos14.0 -g -module-cache-path /Users/adamkz/look/build/release-signed/DerivedData/ModuleCache.noindex -Xfrontend -serialize-debugging-options -swift-version 5 -I /Users/adamkz/look/build/release-signed/DerivedData/Build/Products/Release -F /Users/adamkz/look/build/release-signed/DerivedData/Build/Products/Release -emit-localized-strings -emit-localized-strings-path /Users/adamkz/look/build/release-signed/DerivedData/Build/Intermediates.noindex/Look.build/Release/LookPDF.build/Objects-normal/arm64 -c -num-threads 8 -Xcc -ivfsstatcache -Xcc /Users/adamkz/look/build/release-signed/DerivedData/SDKStatCaches.noindex/macosx26.2-25C57-00fa09913b459cbbc988d1f6730289ae.sdkstatcache -output-file-map /Users/adamkz/look/build/release-signed/DerivedData/Build/Intermediates.noindex/Look.build/Release/LookPDF.build/Objects-normal/arm64/LookPDF-OutputFileMap.json -use-frontend-parseable-output -save-temps -no-color-diagnostics -explicit-module-build -module-cache-path /Users/adamkz/look/build/release-signed/DerivedData/Build/Intermediates.noindex/SwiftExplicitPrecompiledModules -clang-scanner-module-cache-path /Users/adamkz/look/build/release-signed/DerivedData/ModuleCache.noindex -sdk-module-cache-path /Users/adamkz/look/build/release-signed/DerivedData/ModuleCache.noindex -serialize-diagnostics -emit-dependencies -emit-module -emit-module-path /Users/adamkz/look/build/release-signed/DerivedData/Build/Intermediates.noindex/Look.build/Release/LookPDF.build/Objects-normal/arm64/LookPDF.swiftmodule -validate-clang-modules-once -clang-build-session-file /Users/adamkz/look/build/release-signed/DerivedData/ModuleCache.noindex/Session.modulevalidation -Xcc -I/Users/adamkz/look/build/release-signed/DerivedData/Build/Intermediates.noindex/Look.build/Release/LookPDF.build/swift-overrides.hmap -emit-const-values -Xfrontend -const-gather-protocols-file -Xfrontend /Users/adamkz/look/build/release-signed/DerivedData/Build/Intermediates.noindex/Look.build/Release/LookPDF.build/Objects-normal/arm64/LookPDF_const_extract_protocols.json -Xcc -iquote -Xcc /Users/adamkz/look/build/release-signed/DerivedData/Build/Intermediates.noindex/Look.build/Release/LookPDF.build/LookPDF-generated-files.hmap -Xcc -I/Users/adamkz/look/build/release-signed/DerivedData/Build/Intermediates.noindex/Look.build/Release/LookPDF.build/LookPDF-own-target-headers.hmap -Xcc -I/Users/adamkz/look/build/release-signed/DerivedData/Build/Intermediates.noindex/Look.build/Release/LookPDF.build/LookPDF-all-non-framework-target-headers.hmap -Xcc -ivfsoverlay -Xcc /Users/adamkz/look/build/release-signed/DerivedData/Build/Intermediates.noindex/Look.build/Release/Look-c3f0a56ea084f757df82bdf40cd5ab63-VFS/all-product-headers.yaml -Xcc -iquote -Xcc /Users/adamkz/look/build/release-signed/DerivedData/Build/Intermediates.noindex/Look.build/Release/LookPDF.build/LookPDF-project-headers.hmap -Xcc -I/Users/adamkz/look/build/release-signed/DerivedData/Build/Products/Release/include -Xcc -I/Users/adamkz/look/build/release-signed/DerivedData/Build/Intermediates.noindex/Look.build/Release/LookPDF.build/DerivedSources-normal/arm64 -Xcc -I/Users/adamkz/look/build/release-signed/DerivedData/Build/Intermediates.noindex/Look.build/Release/LookPDF.build/DerivedSources/arm64 -Xcc -I/Users/adamkz/look/build/release-signed/DerivedData/Build/Intermediates.noindex/Look.build/Release/LookPDF.build/DerivedSources -emit-objc-header -emit-objc-header-path /Users/adamkz/look/build/release-signed/DerivedData/Build/Intermediates.noindex/Look.build/Release/LookPDF.build/Objects-normal/arm64/LookPDF-Swift.h -working-directory /Users/adamkz/look -no-emit-module-separately-wmo

ProcessInfoPlistFile /Users/adamkz/look/build/release-signed/DerivedData/Build/Products/Release/LookNotes.framework/Versions/A/Resources/Info.plist /Users/adamkz/look/build/release-signed/DerivedData/Build/Intermediates.noindex/Look.build/Release/LookNotes.build/empty-LookNotes.plist (in target 'LookNotes' from project 'Look')
    cd /Users/adamkz/look
    builtin-infoPlistUtility /Users/adamkz/look/build/release-signed/DerivedData/Build/Intermediates.noindex/Look.build/Release/LookNotes.build/empty-LookNotes.plist -producttype com.apple.product-type.framework -expandbuildsettings -platform macosx -o /Users/adamkz/look/build/release-signed/DerivedData/Build/Products/Release/LookNotes.framework/Versions/A/Resources/Info.plist

ProcessInfoPlistFile /Users/adamkz/look/build/release-signed/DerivedData/Build/Products/Release/LookPDF.framework/Versions/A/Resources/Info.plist /Users/adamkz/look/build/release-signed/DerivedData/Build/Intermediates.noindex/Look.build/Release/LookPDF.build/empty-LookPDF.plist (in target 'LookPDF' from project 'Look')
    cd /Users/adamkz/look
    builtin-infoPlistUtility /Users/adamkz/look/build/release-signed/DerivedData/Build/Intermediates.noindex/Look.build/Release/LookPDF.build/empty-LookPDF.plist -producttype com.apple.product-type.framework -expandbuildsettings -platform macosx -o /Users/adamkz/look/build/release-signed/DerivedData/Build/Products/Release/LookPDF.framework/Versions/A/Resources/Info.plist

SwiftDriverJobDiscovery normal arm64 Compiling LookNotes.swift, NoteTemplateRegistry.swift, MarkdownEditorView.swift, NoteEditorViewModel.swift (in target 'LookNotes' from project 'Look')

SwiftDriver\ Compilation\ Requirements LookNotes normal arm64 com.apple.xcode.tools.swift.compiler (in target 'LookNotes' from project 'Look')
    cd /Users/adamkz/look
    builtin-Swift-Compilation-Requirements -- /Applications/Xcode.app/Contents/Developer/Toolchains/XcodeDefault.xctoolchain/usr/bin/swiftc -module-name LookNotes -O -whole-module-optimization -enforce-exclusivity\=checked @/Users/adamkz/look/build/release-signed/DerivedData/Build/Intermediates.noindex/Look.build/Release/LookNotes.build/Objects-normal/arm64/LookNotes.SwiftFileList -enable-bare-slash-regex -enable-experimental-feature DebugDescriptionMacro -sdk /Applications/Xcode.app/Contents/Developer/Platforms/MacOSX.platform/Developer/SDKs/MacOSX26.2.sdk -target arm64-apple-macos14.0 -g -module-cache-path /Users/adamkz/look/build/release-signed/DerivedData/ModuleCache.noindex -Xfrontend -serialize-debugging-options -swift-version 5 -I /Users/adamkz/look/build/release-signed/DerivedData/Build/Products/Release -F /Users/adamkz/look/build/release-signed/DerivedData/Build/Products/Release -emit-localized-strings -emit-localized-strings-path /Users/adamkz/look/build/release-signed/DerivedData/Build/Intermediates.noindex/Look.build/Release/LookNotes.build/Objects-normal/arm64 -c -num-threads 8 -Xcc -ivfsstatcache -Xcc /Users/adamkz/look/build/release-signed/DerivedData/SDKStatCaches.noindex/macosx26.2-25C57-00fa09913b459cbbc988d1f6730289ae.sdkstatcache -output-file-map /Users/adamkz/look/build/release-signed/DerivedData/Build/Intermediates.noindex/Look.build/Release/LookNotes.build/Objects-normal/arm64/LookNotes-OutputFileMap.json -use-frontend-parseable-output -save-temps -no-color-diagnostics -explicit-module-build -module-cache-path /Users/adamkz/look/build/release-signed/DerivedData/Build/Intermediates.noindex/SwiftExplicitPrecompiledModules -clang-scanner-module-cache-path /Users/adamkz/look/build/release-signed/DerivedData/ModuleCache.noindex -sdk-module-cache-path /Users/adamkz/look/build/release-signed/DerivedData/ModuleCache.noindex -serialize-diagnostics -emit-dependencies -emit-module -emit-module-path /Users/adamkz/look/build/release-signed/DerivedData/Build/Intermediates.noindex/Look.build/Release/LookNotes.build/Objects-normal/arm64/LookNotes.swiftmodule -validate-clang-modules-once -clang-build-session-file /Users/adamkz/look/build/release-signed/DerivedData/ModuleCache.noindex/Session.modulevalidation -Xcc -I/Users/adamkz/look/build/release-signed/DerivedData/Build/Intermediates.noindex/Look.build/Release/LookNotes.build/swift-overrides.hmap -emit-const-values -Xfrontend -const-gather-protocols-file -Xfrontend /Users/adamkz/look/build/release-signed/DerivedData/Build/Intermediates.noindex/Look.build/Release/LookNotes.build/Objects-normal/arm64/LookNotes_const_extract_protocols.json -Xcc -iquote -Xcc /Users/adamkz/look/build/release-signed/DerivedData/Build/Intermediates.noindex/Look.build/Release/LookNotes.build/LookNotes-generated-files.hmap -Xcc -I/Users/adamkz/look/build/release-signed/DerivedData/Build/Intermediates.noindex/Look.build/Release/LookNotes.build/LookNotes-own-target-headers.hmap -Xcc -I/Users/adamkz/look/build/release-signed/DerivedData/Build/Intermediates.noindex/Look.build/Release/LookNotes.build/LookNotes-all-non-framework-target-headers.hmap -Xcc -ivfsoverlay -Xcc /Users/adamkz/look/build/release-signed/DerivedData/Build/Intermediates.noindex/Look.build/Release/Look-c3f0a56ea084f757df82bdf40cd5ab63-VFS/all-product-headers.yaml -Xcc -iquote -Xcc /Users/adamkz/look/build/release-signed/DerivedData/Build/Intermediates.noindex/Look.build/Release/LookNotes.build/LookNotes-project-headers.hmap -Xcc -I/Users/adamkz/look/build/release-signed/DerivedData/Build/Products/Release/include -Xcc -I/Users/adamkz/look/build/release-signed/DerivedData/Build/Intermediates.noindex/Look.build/Release/LookNotes.build/DerivedSources-normal/arm64 -Xcc -I/Users/adamkz/look/build/release-signed/DerivedData/Build/Intermediates.noindex/Look.build/Release/LookNotes.build/DerivedSources/arm64 -Xcc -I/Users/adamkz/look/build/release-signed/DerivedData/Build/Intermediates.noindex/Look.build/Release/LookNotes.build/DerivedSources -emit-objc-header -emit-objc-header-path /Users/adamkz/look/build/release-signed/DerivedData/Build/Intermediates.noindex/Look.build/Release/LookNotes.build/Objects-normal/arm64/LookNotes-Swift.h -working-directory /Users/adamkz/look -no-emit-module-separately-wmo

SwiftMergeGeneratedHeaders /Users/adamkz/look/build/release-signed/DerivedData/Build/Products/Release/LookNotes.framework/Versions/A/Headers/LookNotes-Swift.h /Users/adamkz/look/build/release-signed/DerivedData/Build/Intermediates.noindex/Look.build/Release/LookNotes.build/Objects-normal/arm64/LookNotes-Swift.h (in target 'LookNotes' from project 'Look')
    cd /Users/adamkz/look
    builtin-swiftHeaderTool -arch arm64 /Users/adamkz/look/build/release-signed/DerivedData/Build/Intermediates.noindex/Look.build/Release/LookNotes.build/Objects-normal/arm64/LookNotes-Swift.h -o /Users/adamkz/look/build/release-signed/DerivedData/Build/Products/Release/LookNotes.framework/Versions/A/Headers/LookNotes-Swift.h

Copy /Users/adamkz/look/build/release-signed/DerivedData/Build/Products/Release/LookNotes.framework/Versions/A/Modules/LookNotes.swiftmodule/arm64-apple-macos.swiftdoc /Users/adamkz/look/build/release-signed/DerivedData/Build/Intermediates.noindex/Look.build/Release/LookNotes.build/Objects-normal/arm64/LookNotes.swiftdoc (in target 'LookNotes' from project 'Look')
    cd /Users/adamkz/look
    builtin-copy -exclude .DS_Store -exclude CVS -exclude .svn -exclude .git -exclude .hg -resolve-src-symlinks -rename /Users/adamkz/look/build/release-signed/DerivedData/Build/Intermediates.noindex/Look.build/Release/LookNotes.build/Objects-normal/arm64/LookNotes.swiftdoc /Users/adamkz/look/build/release-signed/DerivedData/Build/Products/Release/LookNotes.framework/Versions/A/Modules/LookNotes.swiftmodule/arm64-apple-macos.swiftdoc

Copy /Users/adamkz/look/build/release-signed/DerivedData/Build/Products/Release/LookNotes.framework/Versions/A/Modules/LookNotes.swiftmodule/arm64-apple-macos.abi.json /Users/adamkz/look/build/release-signed/DerivedData/Build/Intermediates.noindex/Look.build/Release/LookNotes.build/Objects-normal/arm64/LookNotes.abi.json (in target 'LookNotes' from project 'Look')
    cd /Users/adamkz/look
    builtin-copy -exclude .DS_Store -exclude CVS -exclude .svn -exclude .git -exclude .hg -resolve-src-symlinks -rename /Users/adamkz/look/build/release-signed/DerivedData/Build/Intermediates.noindex/Look.build/Release/LookNotes.build/Objects-normal/arm64/LookNotes.abi.json /Users/adamkz/look/build/release-signed/DerivedData/Build/Products/Release/LookNotes.framework/Versions/A/Modules/LookNotes.swiftmodule/arm64-apple-macos.abi.json

Copy /Users/adamkz/look/build/release-signed/DerivedData/Build/Products/Release/LookNotes.framework/Versions/A/Modules/LookNotes.swiftmodule/arm64-apple-macos.swiftmodule /Users/adamkz/look/build/release-signed/DerivedData/Build/Intermediates.noindex/Look.build/Release/LookNotes.build/Objects-normal/arm64/LookNotes.swiftmodule (in target 'LookNotes' from project 'Look')
    cd /Users/adamkz/look
    builtin-copy -exclude .DS_Store -exclude CVS -exclude .svn -exclude .git -exclude .hg -resolve-src-symlinks -rename /Users/adamkz/look/build/release-signed/DerivedData/Build/Intermediates.noindex/Look.build/Release/LookNotes.build/Objects-normal/arm64/LookNotes.swiftmodule /Users/adamkz/look/build/release-signed/DerivedData/Build/Products/Release/LookNotes.framework/Versions/A/Modules/LookNotes.swiftmodule/arm64-apple-macos.swiftmodule

Copy /Users/adamkz/look/build/release-signed/DerivedData/Build/Products/Release/LookNotes.framework/Versions/A/Modules/LookNotes.swiftmodule/Project/arm64-apple-macos.swiftsourceinfo /Users/adamkz/look/build/release-signed/DerivedData/Build/Intermediates.noindex/Look.build/Release/LookNotes.build/Objects-normal/arm64/LookNotes.swiftsourceinfo (in target 'LookNotes' from project 'Look')
    cd /Users/adamkz/look
    builtin-copy -exclude .DS_Store -exclude CVS -exclude .svn -exclude .git -exclude .hg -resolve-src-symlinks -rename /Users/adamkz/look/build/release-signed/DerivedData/Build/Intermediates.noindex/Look.build/Release/LookNotes.build/Objects-normal/arm64/LookNotes.swiftsourceinfo /Users/adamkz/look/build/release-signed/DerivedData/Build/Products/Release/LookNotes.framework/Versions/A/Modules/LookNotes.swiftmodule/Project/arm64-apple-macos.swiftsourceinfo

VerifyModule /Users/adamkz/look/build/release-signed/DerivedData/Build/Products/Release/LookNotes.framework (in target 'LookNotes' from project 'Look')
    cd /Users/adamkz/look
    /Applications/Xcode.app/Contents/Developer/Toolchains/XcodeDefault.xctoolchain/usr/bin/modules-verifier /Users/adamkz/look/build/release-signed/DerivedData/Build/Products/Release/LookNotes.framework --clang /Applications/Xcode.app/Contents/Developer/Toolchains/XcodeDefault.xctoolchain/usr/bin/clang --diagnostic-filename-map /Users/adamkz/look/build/release-signed/DerivedData/Build/Intermediates.noindex/Look.build/Release/LookNotes.build/LookNotes-diagnostic-filename-map.json --sdk /Applications/Xcode.app/Contents/Developer/Platforms/MacOSX.platform/Developer/SDKs/MacOSX26.2.sdk --intermediates-directory /Users/adamkz/look/build/release-signed/DerivedData/Build/Intermediates.noindex/Look.build/Release/LookNotes.build/VerifyModule --target arm64-apple-macos14.0 --language objective-c --standard gnu11 --standard gnu++20

ScanDependencies /Users/adamkz/look/build/release-signed/DerivedData/Build/Intermediates.noindex/Look.build/Release/LookNotes.build/Objects-normal/arm64/LookNotes_vers.o /Users/adamkz/look/build/release-signed/DerivedData/Build/Intermediates.noindex/Look.build/Release/LookNotes.build/DerivedSources/LookNotes_vers.c normal arm64 c com.apple.compilers.llvm.clang.1_0.compiler (in target 'LookNotes' from project 'Look')
    cd /Users/adamkz/look
    
    Using response file: /Users/adamkz/look/build/release-signed/DerivedData/Build/Intermediates.noindex/Look.build/Release/LookNotes.build/Objects-normal/arm64/7187679823f38a2a940e0043cdf9d637-common-args.resp
    
    builtin-ScanDependencies -o /Users/adamkz/look/build/release-signed/DerivedData/Build/Intermediates.noindex/Look.build/Release/LookNotes.build/Objects-normal/arm64/LookNotes_vers.o.scan -- /Applications/Xcode.app/Contents/Developer/Toolchains/XcodeDefault.xctoolchain/usr/bin/clang -x c -ivfsstatcache /Users/adamkz/look/build/release-signed/DerivedData/SDKStatCaches.noindex/macosx26.2-25C57-00fa09913b459cbbc988d1f6730289ae.sdkstatcache -fmessage-length\=0 -fdiagnostics-show-note-include-stack -fmacro-backtrace-limit\=0 -fno-color-diagnostics -fmodules-prune-interval\=86400 -fmodules-prune-after\=345600 -fbuild-session-file\=/Users/adamkz/look/build/release-signed/DerivedData/ModuleCache.noindex/Session.modulevalidation -fmodules-validate-once-per-build-session -Wnon-modular-include-in-framework-module -Werror\=non-modular-include-in-framework-module -Wno-trigraphs -Wno-missing-field-initializers -Wno-missing-prototypes -Werror\=return-type -Wdocumentation -Wunreachable-code -Wquoted-include-in-framework-header -Werror\=deprecated-objc-isa-usage -Werror\=objc-root-class -Wno-missing-braces -Wparentheses -Wswitch -Wunused-function -Wno-unused-label -Wno-unused-parameter -Wunused-variable -Wunused-value -Wempty-body -Wuninitialized -Wconditional-uninitialized -Wno-unknown-pragmas -Wno-shadow -Wno-four-char-constants -Wno-conversion -Wconstant-conversion -Wint-conversion -Wbool-conversion -Wenum-conversion -Wno-float-conversion -Wnon-literal-null-conversion -Wobjc-literal-conversion -Wshorten-64-to-32 -Wpointer-sign -Wno-newline-eof -Wno-implicit-fallthrough -fstrict-aliasing -Wdeprecated-declarations -Wno-sign-conversion -Winfinite-recursion -Wcomma -Wblock-capture-autoreleasing -Wstrict-prototypes -Wno-semicolon-before-method-body @/Users/adamkz/look/build/release-signed/DerivedData/Build/Intermediates.noindex/Look.build/Release/LookNotes.build/Objects-normal/arm64/7187679823f38a2a940e0043cdf9d637-common-args.resp -MMD -MT dependencies -MF /Users/adamkz/look/build/release-signed/DerivedData/Build/Intermediates.noindex/Look.build/Release/LookNotes.build/Objects-normal/arm64/LookNotes_vers.d --serialize-diagnostics /Users/adamkz/look/build/release-signed/DerivedData/Build/Intermediates.noindex/Look.build/Release/LookNotes.build/Objects-normal/arm64/LookNotes_vers.dia -c /Users/adamkz/look/build/release-signed/DerivedData/Build/Intermediates.noindex/Look.build/Release/LookNotes.build/DerivedSources/LookNotes_vers.c -o /Users/adamkz/look/build/release-signed/DerivedData/Build/Intermediates.noindex/Look.build/Release/LookNotes.build/Objects-normal/arm64/LookNotes_vers.o

CompileC /Users/adamkz/look/build/release-signed/DerivedData/Build/Intermediates.noindex/Look.build/Release/LookNotes.build/Objects-normal/arm64/LookNotes_vers.o /Users/adamkz/look/build/release-signed/DerivedData/Build/Intermediates.noindex/Look.build/Release/LookNotes.build/DerivedSources/LookNotes_vers.c normal arm64 c com.apple.compilers.llvm.clang.1_0.compiler (in target 'LookNotes' from project 'Look')
    cd /Users/adamkz/look
    
    Using response file: /Users/adamkz/look/build/release-signed/DerivedData/Build/Intermediates.noindex/Look.build/Release/LookNotes.build/Objects-normal/arm64/7187679823f38a2a940e0043cdf9d637-common-args.resp
    
    /Applications/Xcode.app/Contents/Developer/Toolchains/XcodeDefault.xctoolchain/usr/bin/clang -x c -ivfsstatcache /Users/adamkz/look/build/release-signed/DerivedData/SDKStatCaches.noindex/macosx26.2-25C57-00fa09913b459cbbc988d1f6730289ae.sdkstatcache -fmessage-length\=0 -fdiagnostics-show-note-include-stack -fmacro-backtrace-limit\=0 -fno-color-diagnostics -fmodules-prune-interval\=86400 -fmodules-prune-after\=345600 -fbuild-session-file\=/Users/adamkz/look/build/release-signed/DerivedData/ModuleCache.noindex/Session.modulevalidation -fmodules-validate-once-per-build-session -Wnon-modular-include-in-framework-module -Werror\=non-modular-include-in-framework-module -Wno-trigraphs -Wno-missing-field-initializers -Wno-missing-prototypes -Werror\=return-type -Wdocumentation -Wunreachable-code -Wquoted-include-in-framework-header -Werror\=deprecated-objc-isa-usage -Werror\=objc-root-class -Wno-missing-braces -Wparentheses -Wswitch -Wunused-function -Wno-unused-label -Wno-unused-parameter -Wunused-variable -Wunused-value -Wempty-body -Wuninitialized -Wconditional-uninitialized -Wno-unknown-pragmas -Wno-shadow -Wno-four-char-constants -Wno-conversion -Wconstant-conversion -Wint-conversion -Wbool-conversion -Wenum-conversion -Wno-float-conversion -Wnon-literal-null-conversion -Wobjc-literal-conversion -Wshorten-64-to-32 -Wpointer-sign -Wno-newline-eof -Wno-implicit-fallthrough -fstrict-aliasing -Wdeprecated-declarations -Wno-sign-conversion -Winfinite-recursion -Wcomma -Wblock-capture-autoreleasing -Wstrict-prototypes -Wno-semicolon-before-method-body @/Users/adamkz/look/build/release-signed/DerivedData/Build/Intermediates.noindex/Look.build/Release/LookNotes.build/Objects-normal/arm64/7187679823f38a2a940e0043cdf9d637-common-args.resp -MMD -MT dependencies -MF /Users/adamkz/look/build/release-signed/DerivedData/Build/Intermediates.noindex/Look.build/Release/LookNotes.build/Objects-normal/arm64/LookNotes_vers.d --serialize-diagnostics /Users/adamkz/look/build/release-signed/DerivedData/Build/Intermediates.noindex/Look.build/Release/LookNotes.build/Objects-normal/arm64/LookNotes_vers.dia -c /Users/adamkz/look/build/release-signed/DerivedData/Build/Intermediates.noindex/Look.build/Release/LookNotes.build/DerivedSources/LookNotes_vers.c -o /Users/adamkz/look/build/release-signed/DerivedData/Build/Intermediates.noindex/Look.build/Release/LookNotes.build/Objects-normal/arm64/LookNotes_vers.o

Ld /Users/adamkz/look/build/release-signed/DerivedData/Build/Products/Release/LookNotes.framework/Versions/A/LookNotes normal (in target 'LookNotes' from project 'Look')
    cd /Users/adamkz/look
    /Applications/Xcode.app/Contents/Developer/Toolchains/XcodeDefault.xctoolchain/usr/bin/clang -Xlinker -reproducible -target arm64-apple-macos14.0 -dynamiclib -isysroot /Applications/Xcode.app/Contents/Developer/Platforms/MacOSX.platform/Developer/SDKs/MacOSX26.2.sdk -Os -L/Users/adamkz/look/build/release-signed/DerivedData/Build/Intermediates.noindex/EagerLinkingTBDs/Release -L/Users/adamkz/look/build/release-signed/DerivedData/Build/Products/Release -F/Users/adamkz/look/build/release-signed/DerivedData/Build/Intermediates.noindex/EagerLinkingTBDs/Release -F/Users/adamkz/look/build/release-signed/DerivedData/Build/Products/Release -filelist /Users/adamkz/look/build/release-signed/DerivedData/Build/Intermediates.noindex/Look.build/Release/LookNotes.build/Objects-normal/arm64/LookNotes.LinkFileList -install_name @rpath/LookNotes.framework/Versions/A/LookNotes -Xlinker -rpath -Xlinker /usr/lib/swift -Xlinker -rpath -Xlinker @executable_path/../Frameworks -Xlinker -rpath -Xlinker @loader_path/Frameworks -dead_strip -Xlinker -object_path_lto -Xlinker /Users/adamkz/look/build/release-signed/DerivedData/Build/Intermediates.noindex/Look.build/Release/LookNotes.build/Objects-normal/arm64/LookNotes_lto.o -Xlinker -dependency_info -Xlinker /Users/adamkz/look/build/release-signed/DerivedData/Build/Intermediates.noindex/Look.build/Release/LookNotes.build/Objects-normal/arm64/LookNotes_dependency_info.dat -fobjc-link-runtime -L/Applications/Xcode.app/Contents/Developer/Toolchains/XcodeDefault.xctoolchain/usr/lib/swift/macosx -L/usr/lib/swift -Xlinker -add_ast_path -Xlinker /Users/adamkz/look/build/release-signed/DerivedData/Build/Intermediates.noindex/Look.build/Release/LookNotes.build/Objects-normal/arm64/LookNotes.swiftmodule @/Users/adamkz/look/build/release-signed/DerivedData/Build/Intermediates.noindex/Look.build/Release/LookNotes.build/Objects-normal/arm64/LookNotes-linker-args.resp -framework LookKit -Xlinker -no_adhoc_codesign -o /Users/adamkz/look/build/release-signed/DerivedData/Build/Products/Release/LookNotes.framework/Versions/A/LookNotes

ExtractAppIntentsMetadata (in target 'LookNotes' from project 'Look')
    cd /Users/adamkz/look
    /Applications/Xcode.app/Contents/Developer/Toolchains/XcodeDefault.xctoolchain/usr/bin/appintentsmetadataprocessor --toolchain-dir /Applications/Xcode.app/Contents/Developer/Toolchains/XcodeDefault.xctoolchain --module-name LookNotes --sdk-root /Applications/Xcode.app/Contents/Developer/Platforms/MacOSX.platform/Developer/SDKs/MacOSX26.2.sdk --xcode-version 17C52 --platform-family macOS --deployment-target 14.0 --bundle-identifier com.look.LookNotes --output /Users/adamkz/look/build/release-signed/DerivedData/Build/Products/Release/LookNotes.framework/Versions/A/Resources --target-triple arm64-apple-macos14.0 --binary-file /Users/adamkz/look/build/release-signed/DerivedData/Build/Products/Release/LookNotes.framework/Versions/A/LookNotes --dependency-file /Users/adamkz/look/build/release-signed/DerivedData/Build/Intermediates.noindex/Look.build/Release/LookNotes.build/Objects-normal/arm64/LookNotes_dependency_info.dat --stringsdata-file /Users/adamkz/look/build/release-signed/DerivedData/Build/Intermediates.noindex/Look.build/Release/LookNotes.build/Objects-normal/arm64/ExtractedAppShortcutsMetadata.stringsdata --source-file-list /Users/adamkz/look/build/release-signed/DerivedData/Build/Intermediates.noindex/Look.build/Release/LookNotes.build/Objects-normal/arm64/LookNotes.SwiftFileList --metadata-file-list /Users/adamkz/look/build/release-signed/DerivedData/Build/Intermediates.noindex/Look.build/Release/LookNotes.build/LookNotes.DependencyMetadataFileList --static-metadata-file-list /Users/adamkz/look/build/release-signed/DerivedData/Build/Intermediates.noindex/Look.build/Release/LookNotes.build/LookNotes.DependencyStaticMetadataFileList --swift-const-vals-list /Users/adamkz/look/build/release-signed/DerivedData/Build/Intermediates.noindex/Look.build/Release/LookNotes.build/Objects-normal/arm64/LookNotes.SwiftConstValuesFileList --compile-time-extraction --deployment-aware-processing --validate-assistant-intents --no-app-shortcuts-localization
2026-02-28 02:39:40.491 appintentsmetadataprocessor[23948:5934216] Starting appintentsmetadataprocessor export
2026-02-28 02:39:40.494 appintentsmetadataprocessor[23948:5934216] warning: Metadata extraction skipped. No AppIntents.framework dependency found.

GenerateDSYMFile /Users/adamkz/look/build/release-signed/DerivedData/Build/Products/Release/LookNotes.framework.dSYM /Users/adamkz/look/build/release-signed/DerivedData/Build/Products/Release/LookNotes.framework/Versions/A/LookNotes (in target 'LookNotes' from project 'Look')
    cd /Users/adamkz/look
    /Applications/Xcode.app/Contents/Developer/Toolchains/XcodeDefault.xctoolchain/usr/bin/dsymutil /Users/adamkz/look/build/release-signed/DerivedData/Build/Products/Release/LookNotes.framework/Versions/A/LookNotes -o /Users/adamkz/look/build/release-signed/DerivedData/Build/Products/Release/LookNotes.framework.dSYM

GenerateTAPI /Users/adamkz/look/build/release-signed/DerivedData/Build/Intermediates.noindex/EagerLinkingTBDs/Release/LookNotes.framework/Versions/A/LookNotes.tbd (in target 'LookNotes' from project 'Look')
    cd /Users/adamkz/look
    /Applications/Xcode.app/Contents/Developer/Toolchains/XcodeDefault.xctoolchain/usr/bin/tapi stubify -isysroot /Applications/Xcode.app/Contents/Developer/Platforms/MacOSX.platform/Developer/SDKs/MacOSX26.2.sdk -F/Users/adamkz/look/build/release-signed/DerivedData/Build/Products/Release -L/Users/adamkz/look/build/release-signed/DerivedData/Build/Products/Release /Users/adamkz/look/build/release-signed/DerivedData/Build/Products/Release/LookNotes.framework/Versions/A/LookNotes -o /Users/adamkz/look/build/release-signed/DerivedData/Build/Intermediates.noindex/EagerLinkingTBDs/Release/LookNotes.framework/Versions/A/LookNotes.tbd

CodeSign /Users/adamkz/look/build/release-signed/DerivedData/Build/Products/Release/LookNotes.framework/Versions/A (in target 'LookNotes' from project 'Look')
    cd /Users/adamkz/look
    
    Signing Identity:     "Sign to Run Locally"
    
    /usr/bin/codesign --force --sign - --timestamp\=none --generate-entitlement-der /Users/adamkz/look/build/release-signed/DerivedData/Build/Products/Release/LookNotes.framework/Versions/A

RegisterExecutionPolicyException /Users/adamkz/look/build/release-signed/DerivedData/Build/Products/Release/LookNotes.framework (in target 'LookNotes' from project 'Look')
    cd /Users/adamkz/look
    builtin-RegisterExecutionPolicyException /Users/adamkz/look/build/release-signed/DerivedData/Build/Products/Release/LookNotes.framework

SymLink /Users/adamkz/look/build/release-signed/DerivedData/Build/Intermediates.noindex/EagerLinkingTBDs/Release/LookNotes.framework/LookNotes.tbd /Users/adamkz/look/build/release-signed/DerivedData/Build/Intermediates.noindex/EagerLinkingTBDs/Release/LookNotes.framework/Versions/A/LookNotes.tbd (in target 'LookNotes' from project 'Look')
    cd /Users/adamkz/look
    /bin/ln -sfh /Users/adamkz/look/build/release-signed/DerivedData/Build/Intermediates.noindex/EagerLinkingTBDs/Release/LookNotes.framework/Versions/A/LookNotes.tbd /Users/adamkz/look/build/release-signed/DerivedData/Build/Intermediates.noindex/EagerLinkingTBDs/Release/LookNotes.framework/LookNotes.tbd

Touch /Users/adamkz/look/build/release-signed/DerivedData/Build/Products/Release/LookNotes.framework (in target 'LookNotes' from project 'Look')
    cd /Users/adamkz/look
    /usr/bin/touch -c /Users/adamkz/look/build/release-signed/DerivedData/Build/Products/Release/LookNotes.framework

SwiftDriverJobDiscovery normal arm64 Compiling LookPDF.swift, PDFAnnotationBridge.swift, AnnotationToolbarView.swift, PDFViewerView.swift, PDFViewerViewModel.swift (in target 'LookPDF' from project 'Look')

SwiftDriver\ Compilation\ Requirements LookPDF normal arm64 com.apple.xcode.tools.swift.compiler (in target 'LookPDF' from project 'Look')
    cd /Users/adamkz/look
    builtin-Swift-Compilation-Requirements -- /Applications/Xcode.app/Contents/Developer/Toolchains/XcodeDefault.xctoolchain/usr/bin/swiftc -module-name LookPDF -O -whole-module-optimization -enforce-exclusivity\=checked @/Users/adamkz/look/build/release-signed/DerivedData/Build/Intermediates.noindex/Look.build/Release/LookPDF.build/Objects-normal/arm64/LookPDF.SwiftFileList -enable-bare-slash-regex -enable-experimental-feature DebugDescriptionMacro -sdk /Applications/Xcode.app/Contents/Developer/Platforms/MacOSX.platform/Developer/SDKs/MacOSX26.2.sdk -target arm64-apple-macos14.0 -g -module-cache-path /Users/adamkz/look/build/release-signed/DerivedData/ModuleCache.noindex -Xfrontend -serialize-debugging-options -swift-version 5 -I /Users/adamkz/look/build/release-signed/DerivedData/Build/Products/Release -F /Users/adamkz/look/build/release-signed/DerivedData/Build/Products/Release -emit-localized-strings -emit-localized-strings-path /Users/adamkz/look/build/release-signed/DerivedData/Build/Intermediates.noindex/Look.build/Release/LookPDF.build/Objects-normal/arm64 -c -num-threads 8 -Xcc -ivfsstatcache -Xcc /Users/adamkz/look/build/release-signed/DerivedData/SDKStatCaches.noindex/macosx26.2-25C57-00fa09913b459cbbc988d1f6730289ae.sdkstatcache -output-file-map /Users/adamkz/look/build/release-signed/DerivedData/Build/Intermediates.noindex/Look.build/Release/LookPDF.build/Objects-normal/arm64/LookPDF-OutputFileMap.json -use-frontend-parseable-output -save-temps -no-color-diagnostics -explicit-module-build -module-cache-path /Users/adamkz/look/build/release-signed/DerivedData/Build/Intermediates.noindex/SwiftExplicitPrecompiledModules -clang-scanner-module-cache-path /Users/adamkz/look/build/release-signed/DerivedData/ModuleCache.noindex -sdk-module-cache-path /Users/adamkz/look/build/release-signed/DerivedData/ModuleCache.noindex -serialize-diagnostics -emit-dependencies -emit-module -emit-module-path /Users/adamkz/look/build/release-signed/DerivedData/Build/Intermediates.noindex/Look.build/Release/LookPDF.build/Objects-normal/arm64/LookPDF.swiftmodule -validate-clang-modules-once -clang-build-session-file /Users/adamkz/look/build/release-signed/DerivedData/ModuleCache.noindex/Session.modulevalidation -Xcc -I/Users/adamkz/look/build/release-signed/DerivedData/Build/Intermediates.noindex/Look.build/Release/LookPDF.build/swift-overrides.hmap -emit-const-values -Xfrontend -const-gather-protocols-file -Xfrontend /Users/adamkz/look/build/release-signed/DerivedData/Build/Intermediates.noindex/Look.build/Release/LookPDF.build/Objects-normal/arm64/LookPDF_const_extract_protocols.json -Xcc -iquote -Xcc /Users/adamkz/look/build/release-signed/DerivedData/Build/Intermediates.noindex/Look.build/Release/LookPDF.build/LookPDF-generated-files.hmap -Xcc -I/Users/adamkz/look/build/release-signed/DerivedData/Build/Intermediates.noindex/Look.build/Release/LookPDF.build/LookPDF-own-target-headers.hmap -Xcc -I/Users/adamkz/look/build/release-signed/DerivedData/Build/Intermediates.noindex/Look.build/Release/LookPDF.build/LookPDF-all-non-framework-target-headers.hmap -Xcc -ivfsoverlay -Xcc /Users/adamkz/look/build/release-signed/DerivedData/Build/Intermediates.noindex/Look.build/Release/Look-c3f0a56ea084f757df82bdf40cd5ab63-VFS/all-product-headers.yaml -Xcc -iquote -Xcc /Users/adamkz/look/build/release-signed/DerivedData/Build/Intermediates.noindex/Look.build/Release/LookPDF.build/LookPDF-project-headers.hmap -Xcc -I/Users/adamkz/look/build/release-signed/DerivedData/Build/Products/Release/include -Xcc -I/Users/adamkz/look/build/release-signed/DerivedData/Build/Intermediates.noindex/Look.build/Release/LookPDF.build/DerivedSources-normal/arm64 -Xcc -I/Users/adamkz/look/build/release-signed/DerivedData/Build/Intermediates.noindex/Look.build/Release/LookPDF.build/DerivedSources/arm64 -Xcc -I/Users/adamkz/look/build/release-signed/DerivedData/Build/Intermediates.noindex/Look.build/Release/LookPDF.build/DerivedSources -emit-objc-header -emit-objc-header-path /Users/adamkz/look/build/release-signed/DerivedData/Build/Intermediates.noindex/Look.build/Release/LookPDF.build/Objects-normal/arm64/LookPDF-Swift.h -working-directory /Users/adamkz/look -no-emit-module-separately-wmo

SwiftMergeGeneratedHeaders /Users/adamkz/look/build/release-signed/DerivedData/Build/Products/Release/LookPDF.framework/Versions/A/Headers/LookPDF-Swift.h /Users/adamkz/look/build/release-signed/DerivedData/Build/Intermediates.noindex/Look.build/Release/LookPDF.build/Objects-normal/arm64/LookPDF-Swift.h (in target 'LookPDF' from project 'Look')
    cd /Users/adamkz/look
    builtin-swiftHeaderTool -arch arm64 /Users/adamkz/look/build/release-signed/DerivedData/Build/Intermediates.noindex/Look.build/Release/LookPDF.build/Objects-normal/arm64/LookPDF-Swift.h -o /Users/adamkz/look/build/release-signed/DerivedData/Build/Products/Release/LookPDF.framework/Versions/A/Headers/LookPDF-Swift.h

Copy /Users/adamkz/look/build/release-signed/DerivedData/Build/Products/Release/LookPDF.framework/Versions/A/Modules/LookPDF.swiftmodule/arm64-apple-macos.abi.json /Users/adamkz/look/build/release-signed/DerivedData/Build/Intermediates.noindex/Look.build/Release/LookPDF.build/Objects-normal/arm64/LookPDF.abi.json (in target 'LookPDF' from project 'Look')
    cd /Users/adamkz/look
    builtin-copy -exclude .DS_Store -exclude CVS -exclude .svn -exclude .git -exclude .hg -resolve-src-symlinks -rename /Users/adamkz/look/build/release-signed/DerivedData/Build/Intermediates.noindex/Look.build/Release/LookPDF.build/Objects-normal/arm64/LookPDF.abi.json /Users/adamkz/look/build/release-signed/DerivedData/Build/Products/Release/LookPDF.framework/Versions/A/Modules/LookPDF.swiftmodule/arm64-apple-macos.abi.json

Copy /Users/adamkz/look/build/release-signed/DerivedData/Build/Products/Release/LookPDF.framework/Versions/A/Modules/LookPDF.swiftmodule/arm64-apple-macos.swiftmodule /Users/adamkz/look/build/release-signed/DerivedData/Build/Intermediates.noindex/Look.build/Release/LookPDF.build/Objects-normal/arm64/LookPDF.swiftmodule (in target 'LookPDF' from project 'Look')
    cd /Users/adamkz/look
    builtin-copy -exclude .DS_Store -exclude CVS -exclude .svn -exclude .git -exclude .hg -resolve-src-symlinks -rename /Users/adamkz/look/build/release-signed/DerivedData/Build/Intermediates.noindex/Look.build/Release/LookPDF.build/Objects-normal/arm64/LookPDF.swiftmodule /Users/adamkz/look/build/release-signed/DerivedData/Build/Products/Release/LookPDF.framework/Versions/A/Modules/LookPDF.swiftmodule/arm64-apple-macos.swiftmodule

Copy /Users/adamkz/look/build/release-signed/DerivedData/Build/Products/Release/LookPDF.framework/Versions/A/Modules/LookPDF.swiftmodule/arm64-apple-macos.swiftdoc /Users/adamkz/look/build/release-signed/DerivedData/Build/Intermediates.noindex/Look.build/Release/LookPDF.build/Objects-normal/arm64/LookPDF.swiftdoc (in target 'LookPDF' from project 'Look')
    cd /Users/adamkz/look
    builtin-copy -exclude .DS_Store -exclude CVS -exclude .svn -exclude .git -exclude .hg -resolve-src-symlinks -rename /Users/adamkz/look/build/release-signed/DerivedData/Build/Intermediates.noindex/Look.build/Release/LookPDF.build/Objects-normal/arm64/LookPDF.swiftdoc /Users/adamkz/look/build/release-signed/DerivedData/Build/Products/Release/LookPDF.framework/Versions/A/Modules/LookPDF.swiftmodule/arm64-apple-macos.swiftdoc

Copy /Users/adamkz/look/build/release-signed/DerivedData/Build/Products/Release/LookPDF.framework/Versions/A/Modules/LookPDF.swiftmodule/Project/arm64-apple-macos.swiftsourceinfo /Users/adamkz/look/build/release-signed/DerivedData/Build/Intermediates.noindex/Look.build/Release/LookPDF.build/Objects-normal/arm64/LookPDF.swiftsourceinfo (in target 'LookPDF' from project 'Look')
    cd /Users/adamkz/look
    builtin-copy -exclude .DS_Store -exclude CVS -exclude .svn -exclude .git -exclude .hg -resolve-src-symlinks -rename /Users/adamkz/look/build/release-signed/DerivedData/Build/Intermediates.noindex/Look.build/Release/LookPDF.build/Objects-normal/arm64/LookPDF.swiftsourceinfo /Users/adamkz/look/build/release-signed/DerivedData/Build/Products/Release/LookPDF.framework/Versions/A/Modules/LookPDF.swiftmodule/Project/arm64-apple-macos.swiftsourceinfo

VerifyModule /Users/adamkz/look/build/release-signed/DerivedData/Build/Products/Release/LookPDF.framework (in target 'LookPDF' from project 'Look')
    cd /Users/adamkz/look
    /Applications/Xcode.app/Contents/Developer/Toolchains/XcodeDefault.xctoolchain/usr/bin/modules-verifier /Users/adamkz/look/build/release-signed/DerivedData/Build/Products/Release/LookPDF.framework --clang /Applications/Xcode.app/Contents/Developer/Toolchains/XcodeDefault.xctoolchain/usr/bin/clang --diagnostic-filename-map /Users/adamkz/look/build/release-signed/DerivedData/Build/Intermediates.noindex/Look.build/Release/LookPDF.build/LookPDF-diagnostic-filename-map.json --sdk /Applications/Xcode.app/Contents/Developer/Platforms/MacOSX.platform/Developer/SDKs/MacOSX26.2.sdk --intermediates-directory /Users/adamkz/look/build/release-signed/DerivedData/Build/Intermediates.noindex/Look.build/Release/LookPDF.build/VerifyModule --target arm64-apple-macos14.0 --language objective-c --standard gnu11 --standard gnu++20

ScanDependencies /Users/adamkz/look/build/release-signed/DerivedData/Build/Intermediates.noindex/Look.build/Release/LookPDF.build/Objects-normal/arm64/LookPDF_vers.o /Users/adamkz/look/build/release-signed/DerivedData/Build/Intermediates.noindex/Look.build/Release/LookPDF.build/DerivedSources/LookPDF_vers.c normal arm64 c com.apple.compilers.llvm.clang.1_0.compiler (in target 'LookPDF' from project 'Look')
    cd /Users/adamkz/look
    
    Using response file: /Users/adamkz/look/build/release-signed/DerivedData/Build/Intermediates.noindex/Look.build/Release/LookPDF.build/Objects-normal/arm64/7187679823f38a2a940e0043cdf9d637-common-args.resp
    
    builtin-ScanDependencies -o /Users/adamkz/look/build/release-signed/DerivedData/Build/Intermediates.noindex/Look.build/Release/LookPDF.build/Objects-normal/arm64/LookPDF_vers.o.scan -- /Applications/Xcode.app/Contents/Developer/Toolchains/XcodeDefault.xctoolchain/usr/bin/clang -x c -ivfsstatcache /Users/adamkz/look/build/release-signed/DerivedData/SDKStatCaches.noindex/macosx26.2-25C57-00fa09913b459cbbc988d1f6730289ae.sdkstatcache -fmessage-length\=0 -fdiagnostics-show-note-include-stack -fmacro-backtrace-limit\=0 -fno-color-diagnostics -fmodules-prune-interval\=86400 -fmodules-prune-after\=345600 -fbuild-session-file\=/Users/adamkz/look/build/release-signed/DerivedData/ModuleCache.noindex/Session.modulevalidation -fmodules-validate-once-per-build-session -Wnon-modular-include-in-framework-module -Werror\=non-modular-include-in-framework-module -Wno-trigraphs -Wno-missing-field-initializers -Wno-missing-prototypes -Werror\=return-type -Wdocumentation -Wunreachable-code -Wquoted-include-in-framework-header -Werror\=deprecated-objc-isa-usage -Werror\=objc-root-class -Wno-missing-braces -Wparentheses -Wswitch -Wunused-function -Wno-unused-label -Wno-unused-parameter -Wunused-variable -Wunused-value -Wempty-body -Wuninitialized -Wconditional-uninitialized -Wno-unknown-pragmas -Wno-shadow -Wno-four-char-constants -Wno-conversion -Wconstant-conversion -Wint-conversion -Wbool-conversion -Wenum-conversion -Wno-float-conversion -Wnon-literal-null-conversion -Wobjc-literal-conversion -Wshorten-64-to-32 -Wpointer-sign -Wno-newline-eof -Wno-implicit-fallthrough -fstrict-aliasing -Wdeprecated-declarations -Wno-sign-conversion -Winfinite-recursion -Wcomma -Wblock-capture-autoreleasing -Wstrict-prototypes -Wno-semicolon-before-method-body @/Users/adamkz/look/build/release-signed/DerivedData/Build/Intermediates.noindex/Look.build/Release/LookPDF.build/Objects-normal/arm64/7187679823f38a2a940e0043cdf9d637-common-args.resp -MMD -MT dependencies -MF /Users/adamkz/look/build/release-signed/DerivedData/Build/Intermediates.noindex/Look.build/Release/LookPDF.build/Objects-normal/arm64/LookPDF_vers.d --serialize-diagnostics /Users/adamkz/look/build/release-signed/DerivedData/Build/Intermediates.noindex/Look.build/Release/LookPDF.build/Objects-normal/arm64/LookPDF_vers.dia -c /Users/adamkz/look/build/release-signed/DerivedData/Build/Intermediates.noindex/Look.build/Release/LookPDF.build/DerivedSources/LookPDF_vers.c -o /Users/adamkz/look/build/release-signed/DerivedData/Build/Intermediates.noindex/Look.build/Release/LookPDF.build/Objects-normal/arm64/LookPDF_vers.o

ProcessProductPackaging "" /Users/adamkz/look/build/release-signed/DerivedData/Build/Intermediates.noindex/Look.build/Release/LookApp.build/LookApp.app.xcent (in target 'LookApp' from project 'Look')
    cd /Users/adamkz/look
    
    Entitlements:
    
    {
    "com.apple.security.get-task-allow" = 1;
}
    
    builtin-productPackagingUtility -entitlements -format xml -o /Users/adamkz/look/build/release-signed/DerivedData/Build/Intermediates.noindex/Look.build/Release/LookApp.build/LookApp.app.xcent

ProcessProductPackagingDER /Users/adamkz/look/build/release-signed/DerivedData/Build/Intermediates.noindex/Look.build/Release/LookApp.build/LookApp.app.xcent /Users/adamkz/look/build/release-signed/DerivedData/Build/Intermediates.noindex/Look.build/Release/LookApp.build/LookApp.app.xcent.der (in target 'LookApp' from project 'Look')
    cd /Users/adamkz/look
    /usr/bin/derq query -f xml -i /Users/adamkz/look/build/release-signed/DerivedData/Build/Intermediates.noindex/Look.build/Release/LookApp.build/LookApp.app.xcent -o /Users/adamkz/look/build/release-signed/DerivedData/Build/Intermediates.noindex/Look.build/Release/LookApp.build/LookApp.app.xcent.der --raw

CompileC /Users/adamkz/look/build/release-signed/DerivedData/Build/Intermediates.noindex/Look.build/Release/LookPDF.build/Objects-normal/arm64/LookPDF_vers.o /Users/adamkz/look/build/release-signed/DerivedData/Build/Intermediates.noindex/Look.build/Release/LookPDF.build/DerivedSources/LookPDF_vers.c normal arm64 c com.apple.compilers.llvm.clang.1_0.compiler (in target 'LookPDF' from project 'Look')
    cd /Users/adamkz/look
    
    Using response file: /Users/adamkz/look/build/release-signed/DerivedData/Build/Intermediates.noindex/Look.build/Release/LookPDF.build/Objects-normal/arm64/7187679823f38a2a940e0043cdf9d637-common-args.resp
    
    /Applications/Xcode.app/Contents/Developer/Toolchains/XcodeDefault.xctoolchain/usr/bin/clang -x c -ivfsstatcache /Users/adamkz/look/build/release-signed/DerivedData/SDKStatCaches.noindex/macosx26.2-25C57-00fa09913b459cbbc988d1f6730289ae.sdkstatcache -fmessage-length\=0 -fdiagnostics-show-note-include-stack -fmacro-backtrace-limit\=0 -fno-color-diagnostics -fmodules-prune-interval\=86400 -fmodules-prune-after\=345600 -fbuild-session-file\=/Users/adamkz/look/build/release-signed/DerivedData/ModuleCache.noindex/Session.modulevalidation -fmodules-validate-once-per-build-session -Wnon-modular-include-in-framework-module -Werror\=non-modular-include-in-framework-module -Wno-trigraphs -Wno-missing-field-initializers -Wno-missing-prototypes -Werror\=return-type -Wdocumentation -Wunreachable-code -Wquoted-include-in-framework-header -Werror\=deprecated-objc-isa-usage -Werror\=objc-root-class -Wno-missing-braces -Wparentheses -Wswitch -Wunused-function -Wno-unused-label -Wno-unused-parameter -Wunused-variable -Wunused-value -Wempty-body -Wuninitialized -Wconditional-uninitialized -Wno-unknown-pragmas -Wno-shadow -Wno-four-char-constants -Wno-conversion -Wconstant-conversion -Wint-conversion -Wbool-conversion -Wenum-conversion -Wno-float-conversion -Wnon-literal-null-conversion -Wobjc-literal-conversion -Wshorten-64-to-32 -Wpointer-sign -Wno-newline-eof -Wno-implicit-fallthrough -fstrict-aliasing -Wdeprecated-declarations -Wno-sign-conversion -Winfinite-recursion -Wcomma -Wblock-capture-autoreleasing -Wstrict-prototypes -Wno-semicolon-before-method-body @/Users/adamkz/look/build/release-signed/DerivedData/Build/Intermediates.noindex/Look.build/Release/LookPDF.build/Objects-normal/arm64/7187679823f38a2a940e0043cdf9d637-common-args.resp -MMD -MT dependencies -MF /Users/adamkz/look/build/release-signed/DerivedData/Build/Intermediates.noindex/Look.build/Release/LookPDF.build/Objects-normal/arm64/LookPDF_vers.d --serialize-diagnostics /Users/adamkz/look/build/release-signed/DerivedData/Build/Intermediates.noindex/Look.build/Release/LookPDF.build/Objects-normal/arm64/LookPDF_vers.dia -c /Users/adamkz/look/build/release-signed/DerivedData/Build/Intermediates.noindex/Look.build/Release/LookPDF.build/DerivedSources/LookPDF_vers.c -o /Users/adamkz/look/build/release-signed/DerivedData/Build/Intermediates.noindex/Look.build/Release/LookPDF.build/Objects-normal/arm64/LookPDF_vers.o

MkDir /Users/adamkz/look/build/release-signed/DerivedData/Build/Intermediates.noindex/Look.build/Release/LookApp.build/assetcatalog_output/unthinned (in target 'LookApp' from project 'Look')
    cd /Users/adamkz/look
    /bin/mkdir -p /Users/adamkz/look/build/release-signed/DerivedData/Build/Intermediates.noindex/Look.build/Release/LookApp.build/assetcatalog_output/unthinned

MkDir /Users/adamkz/look/build/release-signed/DerivedData/Build/Intermediates.noindex/Look.build/Release/LookApp.build/assetcatalog_output/thinned (in target 'LookApp' from project 'Look')
    cd /Users/adamkz/look
    /bin/mkdir -p /Users/adamkz/look/build/release-signed/DerivedData/Build/Intermediates.noindex/Look.build/Release/LookApp.build/assetcatalog_output/thinned

GenerateAssetSymbols /Users/adamkz/look/Sources/LookApp/Resources/Assets.xcassets (in target 'LookApp' from project 'Look')
    cd /Users/adamkz/look
    /Applications/Xcode.app/Contents/Developer/usr/bin/actool /Users/adamkz/look/Sources/LookApp/Resources/Assets.xcassets --compile /Users/adamkz/look/build/release-signed/DerivedData/Build/Products/Release/LookApp.app/Contents/Resources --output-format human-readable-text --notices --warnings --export-dependency-info /Users/adamkz/look/build/release-signed/DerivedData/Build/Intermediates.noindex/Look.build/Release/LookApp.build/assetcatalog_dependencies --output-partial-info-plist /Users/adamkz/look/build/release-signed/DerivedData/Build/Intermediates.noindex/Look.build/Release/LookApp.build/assetcatalog_generated_info.plist --app-icon AppIcon --enable-on-demand-resources NO --development-region en --target-device mac --minimum-deployment-target 14.0 --platform macosx --bundle-identifier com.look.app --generate-swift-asset-symbols /Users/adamkz/look/build/release-signed/DerivedData/Build/Intermediates.noindex/Look.build/Release/LookApp.build/DerivedSources/GeneratedAssetSymbols.swift --generate-objc-asset-symbols /Users/adamkz/look/build/release-signed/DerivedData/Build/Intermediates.noindex/Look.build/Release/LookApp.build/DerivedSources/GeneratedAssetSymbols.h --generate-asset-symbol-index /Users/adamkz/look/build/release-signed/DerivedData/Build/Intermediates.noindex/Look.build/Release/LookApp.build/DerivedSources/GeneratedAssetSymbols-Index.plist
/* com.apple.actool.compilation-results */
/Users/adamkz/look/build/release-signed/DerivedData/Build/Intermediates.noindex/Look.build/Release/LookApp.build/DerivedSources/GeneratedAssetSymbols-Index.plist
/Users/adamkz/look/build/release-signed/DerivedData/Build/Intermediates.noindex/Look.build/Release/LookApp.build/DerivedSources/GeneratedAssetSymbols.h
/Users/adamkz/look/build/release-signed/DerivedData/Build/Intermediates.noindex/Look.build/Release/LookApp.build/DerivedSources/GeneratedAssetSymbols.swift


CompileAssetCatalogVariant thinned /Users/adamkz/look/build/release-signed/DerivedData/Build/Products/Release/LookApp.app/Contents/Resources /Users/adamkz/look/Sources/LookApp/Resources/Assets.xcassets (in target 'LookApp' from project 'Look')
    cd /Users/adamkz/look
    /Applications/Xcode.app/Contents/Developer/usr/bin/actool /Users/adamkz/look/Sources/LookApp/Resources/Assets.xcassets --compile /Users/adamkz/look/build/release-signed/DerivedData/Build/Intermediates.noindex/Look.build/Release/LookApp.build/assetcatalog_output/thinned --output-format human-readable-text --notices --warnings --export-dependency-info /Users/adamkz/look/build/release-signed/DerivedData/Build/Intermediates.noindex/Look.build/Release/LookApp.build/assetcatalog_dependencies_thinned --output-partial-info-plist /Users/adamkz/look/build/release-signed/DerivedData/Build/Intermediates.noindex/Look.build/Release/LookApp.build/assetcatalog_generated_info.plist_thinned --app-icon AppIcon --enable-on-demand-resources NO --development-region en --target-device mac --minimum-deployment-target 14.0 --platform macosx
dyld[23969]: symbol '_kFigCaptionRegionDisplayAlign_Before' missing from root that overrides /System/Library/Frameworks/CoreMedia.framework/Versions/A/CoreMedia. Use of that symbol in /System/Library/PrivateFrameworks/AVFCore.framework/Versions/A/AVFCore is being set to 0xBAD4007.
dyld[23969]: symbol '_kFigCaptionRegionDisplayAlign_After' missing from root that overrides /System/Library/Frameworks/CoreMedia.framework/Versions/A/CoreMedia. Use of that symbol in /System/Library/PrivateFrameworks/AVFCore.framework/Versions/A/AVFCore is being set to 0xBAD4007.
dyld[23969]: symbol '_kFigCaptionRegionDisplayAlign_Center' missing from root that overrides /System/Library/Frameworks/CoreMedia.framework/Versions/A/CoreMedia. Use of that symbol in /System/Library/PrivateFrameworks/AVFCore.framework/Versions/A/AVFCore is being set to 0xBAD4007.
dyld[23969]: symbol '_kFigCaptionTextAlign_Start' missing from root that overrides /System/Library/Frameworks/CoreMedia.framework/Versions/A/CoreMedia. Use of that symbol in /System/Library/PrivateFrameworks/AVFCore.framework/Versions/A/AVFCore is being set to 0xBAD4007.
dyld[23969]: symbol '_kFigCaptionTextAlign_End' missing from root that overrides /System/Library/Frameworks/CoreMedia.framework/Versions/A/CoreMedia. Use of that symbol in /System/Library/PrivateFrameworks/AVFCore.framework/Versions/A/AVFCore is being set to 0xBAD4007.
dyld[23969]: symbol '_kFigCaptionTextAlign_Center' missing from root that overrides /System/Library/Frameworks/CoreMedia.framework/Versions/A/CoreMedia. Use of that symbol in /System/Library/PrivateFrameworks/AVFCore.framework/Versions/A/AVFCore is being set to 0xBAD4007.
dyld[23969]: symbol '_kFigCaptionTextAlign_Left' missing from root that overrides /System/Library/Frameworks/CoreMedia.framework/Versions/A/CoreMedia. Use of that symbol in /System/Library/PrivateFrameworks/AVFCore.framework/Versions/A/AVFCore is being set to 0xBAD4007.
dyld[23969]: symbol '_kFigCaptionTextAlign_Right' missing from root that overrides /System/Library/Frameworks/CoreMedia.framework/Versions/A/CoreMedia. Use of that symbol in /System/Library/PrivateFrameworks/AVFCore.framework/Versions/A/AVFCore is being set to 0xBAD4007.
dyld[23969]: symbol '_kFigEndpointNotification_AuthenticationSucceeded' missing from root that overrides /System/Library/Frameworks/CoreMedia.framework/Versions/A/CoreMedia. Use of that symbol in /System/Library/PrivateFrameworks/AVFCore.framework/Versions/A/AVFCore is being set to 0xBAD4007.
dyld[23969]: symbol '_kFigEndpointNotification_iOSUIRequested' missing from root that overrides /System/Library/Frameworks/CoreMedia.framework/Versions/A/CoreMedia. Use of that symbol in /System/Library/PrivateFrameworks/AVFCore.framework/Versions/A/AVFCore is being set to 0xBAD4007.
dyld[23969]: symbol '_kFigEndpointNotification_SiriRequested' missing from root that overrides /System/Library/Frameworks/CoreMedia.framework/Versions/A/CoreMedia. Use of that symbol in /System/Library/PrivateFrameworks/AVFCore.framework/Versions/A/AVFCore is being set to 0xBAD4007.
dyld[23969]: symbol '_kFigEndPointNotification_EnhancedSiriParametersChanged' missing from root that overrides /System/Library/Frameworks/CoreMedia.framework/Versions/A/CoreMedia. Use of that symbol in /System/Library/PrivateFrameworks/AVFCore.framework/Versions/A/AVFCore is being set to 0xBAD4007.
dyld[23969]: symbol '_kFigEndpointNotification_NightModeChanged' missing from root that overrides /System/Library/Frameworks/CoreMedia.framework/Versions/A/CoreMedia. Use of that symbol in /System/Library/PrivateFrameworks/AVFCore.framework/Versions/A/AVFCore is being set to 0xBAD4007.
dyld[23969]: symbol '_kFigEndpointNotification_LimitedUIChanged' missing from root that overrides /System/Library/Frameworks/CoreMedia.framework/Versions/A/CoreMedia. Use of that symbol in /System/Library/PrivateFrameworks/AVFCore.framework/Versions/A/AVFCore is being set to 0xBAD4007.
dyld[23969]: symbol '_kFigEndpointNotification_PerformanceReportPosted' missing from root that overrides /System/Library/Frameworks/CoreMedia.framework/Versions/A/CoreMedia. Use of that symbol in /System/Library/PrivateFrameworks/AVFCore.framework/Versions/A/AVFCore is being set to 0xBAD4007.
dyld[23969]: symbol '_kFigEndpointNotification_UnhandledRemoteEvent' missing from root that overrides /System/Library/Frameworks/CoreMedia.framework/Versions/A/CoreMedia. Use of that symbol in /System/Library/PrivateFrameworks/AVFCore.framework/Versions/A/AVFCore is being set to 0xBAD4007.
dyld[23969]: symbol '_kFigEndpointNotification_CarPlayTest' missing from root that overrides /System/Library/Frameworks/CoreMedia.framework/Versions/A/CoreMedia. Use of that symbol in /System/Library/PrivateFrameworks/AVFCore.framework/Versions/A/AVFCore is being set to 0xBAD4007.
dyld[23969]: symbol '_kFigVideoQueueNotification_NowBelowLowWaterLevel' missing from root that overrides /System/Library/Frameworks/MediaToolbox.framework/Versions/A/MediaToolbox. Use of that symbol in /System/Library/PrivateFrameworks/AVFCore.framework/Versions/A/AVFCore is being set to 0xBAD4007.
dyld[23969]: symbol '_kFigVideoQueueNotification_DecodeError' missing from root that overrides /System/Library/Frameworks/MediaToolbox.framework/Versions/A/MediaToolbox. Use of that symbol in /System/Library/PrivateFrameworks/AVFCore.framework/Versions/A/AVFCore is being set to 0xBAD4007.
dyld[23969]: symbol '_kFigVideoQueueNotification_Failed' missing from root that overrides /System/Library/Frameworks/MediaToolbox.framework/Versions/A/MediaToolbox. Use of that symbol in /System/Library/PrivateFrameworks/AVFCore.framework/Versions/A/AVFCore is being set to 0xBAD4007.
dyld[23969]: symbol '_kFigVideoQueueNotification_ExternalProtectionStatusChanged' missing from root that overrides /System/Library/Frameworks/MediaToolbox.framework/Versions/A/MediaToolbox. Use of that symbol in /System/Library/PrivateFrameworks/AVFCore.framework/Versions/A/AVFCore is being set to 0xBAD4007.
dyld[23969]: symbol '_kFigVideoQueueNotification_FlushComplete' missing from root that overrides /System/Library/Frameworks/MediaToolbox.framework/Versions/A/MediaToolbox. Use of that symbol in /System/Library/PrivateFrameworks/AVFCore.framework/Versions/A/AVFCore is being set to 0xBAD4007.
dyld[23969]: symbol '_kFigVideoQueueNotification_CompletedDecodeForPreroll' missing from root that overrides /System/Library/Frameworks/MediaToolbox.framework/Versions/A/MediaToolbox. Use of that symbol in /System/Library/PrivateFrameworks/AVFCore.framework/Versions/A/AVFCore is being set to 0xBAD4007.
dyld[23969]: symbol '_kFigVideoQueueNotification_FirstVideoFrameEnqueued' missing from root that overrides /System/Library/Frameworks/MediaToolbox.framework/Versions/A/MediaToolbox. Use of that symbol in /System/Library/PrivateFrameworks/AVFCore.framework/Versions/A/AVFCore is being set to 0xBAD4007.
dyld[23969]: symbol '_kFigVideoQueueNotification_LostDecoderState' missing from root that overrides /System/Library/Frameworks/MediaToolbox.framework/Versions/A/MediaToolbox. Use of that symbol in /System/Library/PrivateFrameworks/AVFCore.framework/Versions/A/AVFCore is being set to 0xBAD4007.
dyld[23969]: symbol '_OBJC_CLASS_$_FigBaseCALayer' missing from root that overrides /System/Library/Frameworks/MediaToolbox.framework/Versions/A/MediaToolbox. Use of that symbol in /System/Library/PrivateFrameworks/AVFCore.framework/Versions/A/AVFCore is being set to 0xBAD4007.
dyld[23969]: symbol '_OBJC_METACLASS_$_FigBaseCALayer' missing from root that overrides /System/Library/Frameworks/MediaToolbox.framework/Versions/A/MediaToolbox. Use of that symbol in /System/Library/PrivateFrameworks/AVFCore.framework/Versions/A/AVFCore is being set to 0xBAD4007.
/* com.apple.actool.compilation-results */
/Users/adamkz/look/build/release-signed/DerivedData/Build/Intermediates.noindex/Look.build/Release/LookApp.build/assetcatalog_generated_info.plist_thinned
/Users/adamkz/look/build/release-signed/DerivedData/Build/Intermediates.noindex/Look.build/Release/LookApp.build/assetcatalog_output/thinned/AppIcon.icns
/Users/adamkz/look/build/release-signed/DerivedData/Build/Intermediates.noindex/Look.build/Release/LookApp.build/assetcatalog_output/thinned/Assets.car


Ld /Users/adamkz/look/build/release-signed/DerivedData/Build/Products/Release/LookPDF.framework/Versions/A/LookPDF normal (in target 'LookPDF' from project 'Look')
    cd /Users/adamkz/look
    /Applications/Xcode.app/Contents/Developer/Toolchains/XcodeDefault.xctoolchain/usr/bin/clang -Xlinker -reproducible -target arm64-apple-macos14.0 -dynamiclib -isysroot /Applications/Xcode.app/Contents/Developer/Platforms/MacOSX.platform/Developer/SDKs/MacOSX26.2.sdk -Os -L/Users/adamkz/look/build/release-signed/DerivedData/Build/Intermediates.noindex/EagerLinkingTBDs/Release -L/Users/adamkz/look/build/release-signed/DerivedData/Build/Products/Release -F/Users/adamkz/look/build/release-signed/DerivedData/Build/Intermediates.noindex/EagerLinkingTBDs/Release -F/Users/adamkz/look/build/release-signed/DerivedData/Build/Products/Release -filelist /Users/adamkz/look/build/release-signed/DerivedData/Build/Intermediates.noindex/Look.build/Release/LookPDF.build/Objects-normal/arm64/LookPDF.LinkFileList -install_name @rpath/LookPDF.framework/Versions/A/LookPDF -Xlinker -rpath -Xlinker /usr/lib/swift -Xlinker -rpath -Xlinker @executable_path/../Frameworks -Xlinker -rpath -Xlinker @loader_path/Frameworks -dead_strip -Xlinker -object_path_lto -Xlinker /Users/adamkz/look/build/release-signed/DerivedData/Build/Intermediates.noindex/Look.build/Release/LookPDF.build/Objects-normal/arm64/LookPDF_lto.o -Xlinker -dependency_info -Xlinker /Users/adamkz/look/build/release-signed/DerivedData/Build/Intermediates.noindex/Look.build/Release/LookPDF.build/Objects-normal/arm64/LookPDF_dependency_info.dat -fobjc-link-runtime -L/Applications/Xcode.app/Contents/Developer/Toolchains/XcodeDefault.xctoolchain/usr/lib/swift/macosx -L/usr/lib/swift -Xlinker -add_ast_path -Xlinker /Users/adamkz/look/build/release-signed/DerivedData/Build/Intermediates.noindex/Look.build/Release/LookPDF.build/Objects-normal/arm64/LookPDF.swiftmodule @/Users/adamkz/look/build/release-signed/DerivedData/Build/Intermediates.noindex/Look.build/Release/LookPDF.build/Objects-normal/arm64/LookPDF-linker-args.resp -framework LookKit -Xlinker -no_adhoc_codesign -o /Users/adamkz/look/build/release-signed/DerivedData/Build/Products/Release/LookPDF.framework/Versions/A/LookPDF

SwiftDriver LookApp normal arm64 com.apple.xcode.tools.swift.compiler (in target 'LookApp' from project 'Look')
    cd /Users/adamkz/look
    builtin-SwiftDriver -- /Applications/Xcode.app/Contents/Developer/Toolchains/XcodeDefault.xctoolchain/usr/bin/swiftc -module-name LookApp -O -whole-module-optimization -enforce-exclusivity\=checked @/Users/adamkz/look/build/release-signed/DerivedData/Build/Intermediates.noindex/Look.build/Release/LookApp.build/Objects-normal/arm64/LookApp.SwiftFileList -enable-bare-slash-regex -enable-experimental-feature DebugDescriptionMacro -sdk /Applications/Xcode.app/Contents/Developer/Platforms/MacOSX.platform/Developer/SDKs/MacOSX26.2.sdk -target arm64-apple-macos14.0 -g -module-cache-path /Users/adamkz/look/build/release-signed/DerivedData/ModuleCache.noindex -Xfrontend -serialize-debugging-options -swift-version 5 -I /Users/adamkz/look/build/release-signed/DerivedData/Build/Products/Release -F /Users/adamkz/look/build/release-signed/DerivedData/Build/Products/Release -emit-localized-strings -emit-localized-strings-path /Users/adamkz/look/build/release-signed/DerivedData/Build/Intermediates.noindex/Look.build/Release/LookApp.build/Objects-normal/arm64 -c -num-threads 8 -Xcc -ivfsstatcache -Xcc /Users/adamkz/look/build/release-signed/DerivedData/SDKStatCaches.noindex/macosx26.2-25C57-00fa09913b459cbbc988d1f6730289ae.sdkstatcache -output-file-map /Users/adamkz/look/build/release-signed/DerivedData/Build/Intermediates.noindex/Look.build/Release/LookApp.build/Objects-normal/arm64/LookApp-OutputFileMap.json -use-frontend-parseable-output -save-temps -no-color-diagnostics -explicit-module-build -module-cache-path /Users/adamkz/look/build/release-signed/DerivedData/Build/Intermediates.noindex/SwiftExplicitPrecompiledModules -clang-scanner-module-cache-path /Users/adamkz/look/build/release-signed/DerivedData/ModuleCache.noindex -sdk-module-cache-path /Users/adamkz/look/build/release-signed/DerivedData/ModuleCache.noindex -serialize-diagnostics -emit-dependencies -emit-module -emit-module-path /Users/adamkz/look/build/release-signed/DerivedData/Build/Intermediates.noindex/Look.build/Release/LookApp.build/Objects-normal/arm64/LookApp.swiftmodule -validate-clang-modules-once -clang-build-session-file /Users/adamkz/look/build/release-signed/DerivedData/ModuleCache.noindex/Session.modulevalidation -Xcc -I/Users/adamkz/look/build/release-signed/DerivedData/Build/Intermediates.noindex/Look.build/Release/LookApp.build/swift-overrides.hmap -emit-const-values -Xfrontend -const-gather-protocols-file -Xfrontend /Users/adamkz/look/build/release-signed/DerivedData/Build/Intermediates.noindex/Look.build/Release/LookApp.build/Objects-normal/arm64/LookApp_const_extract_protocols.json -Xcc -iquote -Xcc /Users/adamkz/look/build/release-signed/DerivedData/Build/Intermediates.noindex/Look.build/Release/LookApp.build/LookApp-generated-files.hmap -Xcc -I/Users/adamkz/look/build/release-signed/DerivedData/Build/Intermediates.noindex/Look.build/Release/LookApp.build/LookApp-own-target-headers.hmap -Xcc -I/Users/adamkz/look/build/release-signed/DerivedData/Build/Intermediates.noindex/Look.build/Release/LookApp.build/LookApp-all-non-framework-target-headers.hmap -Xcc -ivfsoverlay -Xcc /Users/adamkz/look/build/release-signed/DerivedData/Build/Intermediates.noindex/Look.build/Release/Look-c3f0a56ea084f757df82bdf40cd5ab63-VFS/all-product-headers.yaml -Xcc -iquote -Xcc /Users/adamkz/look/build/release-signed/DerivedData/Build/Intermediates.noindex/Look.build/Release/LookApp.build/LookApp-project-headers.hmap -Xcc -I/Users/adamkz/look/build/release-signed/DerivedData/Build/Products/Release/include -Xcc -I/Users/adamkz/look/build/release-signed/DerivedData/Build/Intermediates.noindex/Look.build/Release/LookApp.build/DerivedSources-normal/arm64 -Xcc -I/Users/adamkz/look/build/release-signed/DerivedData/Build/Intermediates.noindex/Look.build/Release/LookApp.build/DerivedSources/arm64 -Xcc -I/Users/adamkz/look/build/release-signed/DerivedData/Build/Intermediates.noindex/Look.build/Release/LookApp.build/DerivedSources -emit-objc-header -emit-objc-header-path /Users/adamkz/look/build/release-signed/DerivedData/Build/Intermediates.noindex/Look.build/Release/LookApp.build/Objects-normal/arm64/LookApp-Swift.h -working-directory /Users/adamkz/look -no-emit-module-separately-wmo

GenerateDSYMFile /Users/adamkz/look/build/release-signed/DerivedData/Build/Products/Release/LookPDF.framework.dSYM /Users/adamkz/look/build/release-signed/DerivedData/Build/Products/Release/LookPDF.framework/Versions/A/LookPDF (in target 'LookPDF' from project 'Look')
    cd /Users/adamkz/look
    /Applications/Xcode.app/Contents/Developer/Toolchains/XcodeDefault.xctoolchain/usr/bin/dsymutil /Users/adamkz/look/build/release-signed/DerivedData/Build/Products/Release/LookPDF.framework/Versions/A/LookPDF -o /Users/adamkz/look/build/release-signed/DerivedData/Build/Products/Release/LookPDF.framework.dSYM

ExtractAppIntentsMetadata (in target 'LookPDF' from project 'Look')
    cd /Users/adamkz/look
    /Applications/Xcode.app/Contents/Developer/Toolchains/XcodeDefault.xctoolchain/usr/bin/appintentsmetadataprocessor --toolchain-dir /Applications/Xcode.app/Contents/Developer/Toolchains/XcodeDefault.xctoolchain --module-name LookPDF --sdk-root /Applications/Xcode.app/Contents/Developer/Platforms/MacOSX.platform/Developer/SDKs/MacOSX26.2.sdk --xcode-version 17C52 --platform-family macOS --deployment-target 14.0 --bundle-identifier com.look.LookPDF --output /Users/adamkz/look/build/release-signed/DerivedData/Build/Products/Release/LookPDF.framework/Versions/A/Resources --target-triple arm64-apple-macos14.0 --binary-file /Users/adamkz/look/build/release-signed/DerivedData/Build/Products/Release/LookPDF.framework/Versions/A/LookPDF --dependency-file /Users/adamkz/look/build/release-signed/DerivedData/Build/Intermediates.noindex/Look.build/Release/LookPDF.build/Objects-normal/arm64/LookPDF_dependency_info.dat --stringsdata-file /Users/adamkz/look/build/release-signed/DerivedData/Build/Intermediates.noindex/Look.build/Release/LookPDF.build/Objects-normal/arm64/ExtractedAppShortcutsMetadata.stringsdata --source-file-list /Users/adamkz/look/build/release-signed/DerivedData/Build/Intermediates.noindex/Look.build/Release/LookPDF.build/Objects-normal/arm64/LookPDF.SwiftFileList --metadata-file-list /Users/adamkz/look/build/release-signed/DerivedData/Build/Intermediates.noindex/Look.build/Release/LookPDF.build/LookPDF.DependencyMetadataFileList --static-metadata-file-list /Users/adamkz/look/build/release-signed/DerivedData/Build/Intermediates.noindex/Look.build/Release/LookPDF.build/LookPDF.DependencyStaticMetadataFileList --swift-const-vals-list /Users/adamkz/look/build/release-signed/DerivedData/Build/Intermediates.noindex/Look.build/Release/LookPDF.build/Objects-normal/arm64/LookPDF.SwiftConstValuesFileList --compile-time-extraction --deployment-aware-processing --validate-assistant-intents --no-app-shortcuts-localization
2026-02-28 02:39:42.013 appintentsmetadataprocessor[23964:5934328] Starting appintentsmetadataprocessor export
2026-02-28 02:39:42.014 appintentsmetadataprocessor[23964:5934328] warning: Metadata extraction skipped. No AppIntents.framework dependency found.

GenerateTAPI /Users/adamkz/look/build/release-signed/DerivedData/Build/Intermediates.noindex/EagerLinkingTBDs/Release/LookPDF.framework/Versions/A/LookPDF.tbd (in target 'LookPDF' from project 'Look')
    cd /Users/adamkz/look
    /Applications/Xcode.app/Contents/Developer/Toolchains/XcodeDefault.xctoolchain/usr/bin/tapi stubify -isysroot /Applications/Xcode.app/Contents/Developer/Platforms/MacOSX.platform/Developer/SDKs/MacOSX26.2.sdk -F/Users/adamkz/look/build/release-signed/DerivedData/Build/Products/Release -L/Users/adamkz/look/build/release-signed/DerivedData/Build/Products/Release /Users/adamkz/look/build/release-signed/DerivedData/Build/Products/Release/LookPDF.framework/Versions/A/LookPDF -o /Users/adamkz/look/build/release-signed/DerivedData/Build/Intermediates.noindex/EagerLinkingTBDs/Release/LookPDF.framework/Versions/A/LookPDF.tbd

CodeSign /Users/adamkz/look/build/release-signed/DerivedData/Build/Products/Release/LookPDF.framework/Versions/A (in target 'LookPDF' from project 'Look')
    cd /Users/adamkz/look
    
    Signing Identity:     "Sign to Run Locally"
    
    /usr/bin/codesign --force --sign - --timestamp\=none --generate-entitlement-der /Users/adamkz/look/build/release-signed/DerivedData/Build/Products/Release/LookPDF.framework/Versions/A

RegisterExecutionPolicyException /Users/adamkz/look/build/release-signed/DerivedData/Build/Products/Release/LookPDF.framework (in target 'LookPDF' from project 'Look')
    cd /Users/adamkz/look
    builtin-RegisterExecutionPolicyException /Users/adamkz/look/build/release-signed/DerivedData/Build/Products/Release/LookPDF.framework

SymLink /Users/adamkz/look/build/release-signed/DerivedData/Build/Intermediates.noindex/EagerLinkingTBDs/Release/LookPDF.framework/LookPDF.tbd /Users/adamkz/look/build/release-signed/DerivedData/Build/Intermediates.noindex/EagerLinkingTBDs/Release/LookPDF.framework/Versions/A/LookPDF.tbd (in target 'LookPDF' from project 'Look')
    cd /Users/adamkz/look
    /bin/ln -sfh /Users/adamkz/look/build/release-signed/DerivedData/Build/Intermediates.noindex/EagerLinkingTBDs/Release/LookPDF.framework/Versions/A/LookPDF.tbd /Users/adamkz/look/build/release-signed/DerivedData/Build/Intermediates.noindex/EagerLinkingTBDs/Release/LookPDF.framework/LookPDF.tbd

Touch /Users/adamkz/look/build/release-signed/DerivedData/Build/Products/Release/LookPDF.framework (in target 'LookPDF' from project 'Look')
    cd /Users/adamkz/look
    /usr/bin/touch -c /Users/adamkz/look/build/release-signed/DerivedData/Build/Products/Release/LookPDF.framework

SwiftCompile normal arm64 Compiling\ LookApp.swift,\ AppEnvironment.swift,\ LibraryRootCoordinator.swift,\ ContentWrapper.swift,\ ImportCoordinator.swift,\ GeneratedAssetSymbols.swift /Users/adamkz/look/Sources/LookApp/Sources/LookApp.swift /Users/adamkz/look/Sources/LookApp/Sources/AppEnvironment.swift /Users/adamkz/look/Sources/LookApp/Sources/LibraryRootCoordinator.swift /Users/adamkz/look/Sources/LookApp/Sources/ContentWrapper.swift /Users/adamkz/look/Sources/LookApp/Sources/ImportCoordinator.swift /Users/adamkz/look/build/release-signed/DerivedData/Build/Intermediates.noindex/Look.build/Release/LookApp.build/DerivedSources/GeneratedAssetSymbols.swift /Applications/Xcode.app/Contents/Developer/Toolchains/XcodeDefault.xctoolchain/usr/lib/swift/macosx/prebuilt-modules/26.2/XPC.swiftmodule/arm64e-apple-macos.swiftmodule /Users/adamkz/look/build/release-signed/DerivedData/Build/Products/Release/LookAutomation.framework/Modules/LookAutomation.swiftmodule/arm64-apple-macos.swiftmodule /Applications/Xcode.app/Contents/Developer/Toolchains/XcodeDefault.xctoolchain/usr/lib/swift/macosx/prebuilt-modules/26.2/ObjectiveC.swiftmodule/arm64e-apple-macos.swiftmodule /Applications/Xcode.app/Contents/Developer/Toolchains/XcodeDefault.xctoolchain/usr/lib/swift/macosx/prebuilt-modules/26.2/_WebKit_SwiftUI.swiftmodule/arm64e-apple-macos.swiftmodule /Users/adamkz/look/build/release-signed/DerivedData/Build/Products/Release/LookPDF.framework/Modules/LookPDF.swiftmodule/arm64-apple-macos.swiftmodule /Applications/Xcode.app/Contents/Developer/Toolchains/XcodeDefault.xctoolchain/usr/lib/swift/macosx/prebuilt-modules/26.2/Dispatch.swiftmodule/arm64e-apple-macos.swiftmodule /Applications/Xcode.app/Contents/Developer/Toolchains/XcodeDefault.xctoolchain/usr/lib/swift/macosx/prebuilt-modules/26.2/UniformTypeIdentifiers.swiftmodule/arm64e-apple-macos.swiftmodule /Applications/Xcode.app/Contents/Developer/Toolchains/XcodeDefault.xctoolchain/usr/lib/swift/macosx/prebuilt-modules/26.2/PDFKit.swiftmodule/arm64e-apple-macos.swiftmodule /Applications/Xcode.app/Contents/Developer/Toolchains/XcodeDefault.xctoolchain/usr/lib/swift/macosx/prebuilt-modules/26.2/_StringProcessing.swiftmodule/arm64e-apple-macos.swiftmodule /Applications/Xcode.app/Contents/Developer/Toolchains/XcodeDefault.xctoolchain/usr/lib/swift/macosx/prebuilt-modules/26.2/Observation.swiftmodule/arm64e-apple-macos.swiftmodule /Applications/Xcode.app/Contents/Developer/Toolchains/XcodeDefault.xctoolchain/usr/lib/swift/macosx/prebuilt-modules/26.2/Foundation.swiftmodule/arm64e-apple-macos.swiftmodule /Applications/Xcode.app/Contents/Developer/Toolchains/XcodeDefault.xctoolchain/usr/lib/swift/macosx/prebuilt-modules/26.2/CoreGraphics.swiftmodule/arm64e-apple-macos.swiftmodule /Applications/Xcode.app/Contents/Developer/Toolchains/XcodeDefault.xctoolchain/usr/lib/swift/macosx/prebuilt-modules/26.2/Compression.swiftmodule/arm64e-apple-macos.swiftmodule /Applications/Xcode.app/Contents/Developer/Toolchains/XcodeDefault.xctoolchain/usr/lib/swift/macosx/prebuilt-modules/26.2/QuartzCore.swiftmodule/arm64e-apple-macos.swiftmodule /Applications/Xcode.app/Contents/Developer/Toolchains/XcodeDefault.xctoolchain/usr/lib/swift/macosx/prebuilt-modules/26.2/AppKit.swiftmodule/arm64e-apple-macos.swiftmodule /Applications/Xcode.app/Contents/Developer/Toolchains/XcodeDefault.xctoolchain/usr/lib/swift/macosx/prebuilt-modules/26.2/CryptoKit.swiftmodule/arm64e-apple-macos.swiftmodule /Applications/Xcode.app/Contents/Developer/Toolchains/XcodeDefault.xctoolchain/usr/lib/swift/macosx/prebuilt-modules/26.2/CoreTransferable.swiftmodule/arm64e-apple-macos.swiftmodule /Applications/Xcode.app/Contents/Developer/Toolchains/XcodeDefault.xctoolchain/usr/lib/swift/macosx/prebuilt-modules/26.2/System.swiftmodule/arm64e-apple-macos.swiftmodule /Applications/Xcode.app/Contents/Developer/Toolchains/XcodeDefault.xctoolchain/usr/lib/swift/macosx/prebuilt-modules/26.2/DataDetection.swiftmodule/arm64e-apple-macos.swiftmodule /Users/adamkz/look/build/release-signed/DerivedData/Build/Products/Release/LookData.framework/Modules/LookData.swiftmodule/arm64-apple-macos.swiftmodule /Applications/Xcode.app/Contents/Developer/Toolchains/XcodeDefault.xctoolchain/usr/lib/swift/macosx/prebuilt-modules/26.2/OSLog.swiftmodule/arm64e-apple-macos.swiftmodule /Applications/Xcode.app/Contents/Developer/Toolchains/XcodeDefault.xctoolchain/usr/lib/swift/macosx/prebuilt-modules/26.2/CoreData.swiftmodule/arm64e-apple-macos.swiftmodule /Applications/Xcode.app/Contents/Developer/Toolchains/XcodeDefault.xctoolchain/usr/lib/swift/macosx/prebuilt-modules/26.2/CoreFoundation.swiftmodule/arm64e-apple-macos.swiftmodule /Applications/Xcode.app/Contents/Developer/Toolchains/XcodeDefault.xctoolchain/usr/lib/swift/macosx/prebuilt-modules/26.2/_DarwinFoundation2.swiftmodule/arm64e-apple-macos.swiftmodule /Applications/Xcode.app/Contents/Developer/Toolchains/XcodeDefault.xctoolchain/usr/lib/swift/macosx/prebuilt-modules/26.2/DeveloperToolsSupport.swiftmodule/arm64e-apple-macos.swiftmodule /Applications/Xcode.app/Contents/Developer/Toolchains/XcodeDefault.xctoolchain/usr/lib/swift/macosx/prebuilt-modules/26.2/Distributed.swiftmodule/arm64e-apple-macos.swiftmodule /Applications/Xcode.app/Contents/Developer/Toolchains/XcodeDefault.xctoolchain/usr/lib/swift/macosx/prebuilt-modules/26.2/_DarwinFoundation1.swiftmodule/arm64e-apple-macos.swiftmodule /Applications/Xcode.app/Contents/Developer/Toolchains/XcodeDefault.xctoolchain/usr/lib/swift/macosx/prebuilt-modules/26.2/Metal.swiftmodule/arm64e-apple-macos.swiftmodule /Applications/Xcode.app/Contents/Developer/Toolchains/XcodeDefault.xctoolchain/usr/lib/swift/macosx/prebuilt-modules/26.2/Symbols.swiftmodule/arm64e-apple-macos.swiftmodule /Applications/Xcode.app/Contents/Developer/Toolchains/XcodeDefault.xctoolchain/usr/lib/swift/macosx/prebuilt-modules/26.2/_Concurrency.swiftmodule/arm64e-apple-macos.swiftmodule /Applications/Xcode.app/Contents/Developer/Toolchains/XcodeDefault.xctoolchain/usr/lib/swift/macosx/prebuilt-modules/26.2/simd.swiftmodule/arm64e-apple-macos.swiftmodule /Applications/Xcode.app/Contents/Developer/Toolchains/XcodeDefault.xctoolchain/usr/lib/swift/macosx/prebuilt-modules/26.2/Swift.swiftmodule/arm64e-apple-macos.swiftmodule /Applications/Xcode.app/Contents/Developer/Toolchains/XcodeDefault.xctoolchain/usr/lib/swift/macosx/prebuilt-modules/26.2/Network.swiftmodule/arm64e-apple-macos.swiftmodule /Applications/Xcode.app/Contents/Developer/Toolchains/XcodeDefault.xctoolchain/usr/lib/swift/macosx/prebuilt-modules/26.2/LocalAuthentication.swiftmodule/arm64e-apple-macos.swiftmodule /Applications/Xcode.app/Contents/Developer/Toolchains/XcodeDefault.xctoolchain/usr/lib/swift/macosx/prebuilt-modules/26.2/Darwin.swiftmodule/arm64e-apple-macos.swiftmodule /Applications/Xcode.app/Contents/Developer/Toolchains/XcodeDefault.xctoolchain/usr/lib/swift/macosx/prebuilt-modules/26.2/Accessibility.swiftmodule/arm64e-apple-macos.swiftmodule /Applications/Xcode.app/Contents/Developer/Toolchains/XcodeDefault.xctoolchain/usr/lib/swift/macosx/prebuilt-modules/26.2/SwiftUICore.swiftmodule/arm64e-apple-macos.swiftmodule /Applications/Xcode.app/Contents/Developer/Toolchains/XcodeDefault.xctoolchain/usr/lib/swift/macosx/prebuilt-modules/26.2/_Builtin_float.swiftmodule/arm64e-apple-macos.swiftmodule /Applications/Xcode.app/Contents/Developer/Toolchains/XcodeDefault.xctoolchain/usr/lib/swift/macosx/prebuilt-modules/26.2/Combine.swiftmodule/arm64e-apple-macos.swiftmodule /Applications/Xcode.app/Contents/Developer/Toolchains/XcodeDefault.xctoolchain/usr/lib/swift/macosx/prebuilt-modules/26.2/IOKit.swiftmodule/arm64e-apple-macos.swiftmodule /Applications/Xcode.app/Contents/Developer/Toolchains/XcodeDefault.xctoolchain/usr/lib/swift/macosx/prebuilt-modules/26.2/SwiftUI.swiftmodule/arm64e-apple-macos.swiftmodule /Applications/Xcode.app/Contents/Developer/Toolchains/XcodeDefault.xctoolchain/usr/lib/swift/macosx/prebuilt-modules/26.2/CoreImage.swiftmodule/arm64e-apple-macos.swiftmodule /Applications/Xcode.app/Contents/Developer/Toolchains/XcodeDefault.xctoolchain/usr/lib/swift/macosx/prebuilt-modules/26.2/_DarwinFoundation3.swiftmodule/arm64e-apple-macos.swiftmodule /Users/adamkz/look/build/release-signed/DerivedData/Build/Products/Release/LookKit.framework/Modules/LookKit.swiftmodule/arm64-apple-macos.swiftmodule /Users/adamkz/look/build/release-signed/DerivedData/Build/Products/Release/LookNotes.framework/Modules/LookNotes.swiftmodule/arm64-apple-macos.swiftmodule /Applications/Xcode.app/Contents/Developer/Toolchains/XcodeDefault.xctoolchain/usr/lib/swift/macosx/prebuilt-modules/26.2/WebKit.swiftmodule/arm64e-apple-macos.swiftmodule /Applications/Xcode.app/Contents/Developer/Toolchains/XcodeDefault.xctoolchain/usr/lib/swift/macosx/prebuilt-modules/26.2/Spatial.swiftmodule/arm64e-apple-macos.swiftmodule /Applications/Xcode.app/Contents/Developer/Toolchains/XcodeDefault.xctoolchain/usr/lib/swift/macosx/prebuilt-modules/26.2/CoreText.swiftmodule/arm64e-apple-macos.swiftmodule /Applications/Xcode.app/Contents/Developer/Toolchains/XcodeDefault.xctoolchain/usr/lib/swift/macosx/prebuilt-modules/26.2/os.swiftmodule/arm64e-apple-macos.swiftmodule /Applications/Xcode.app/Contents/Developer/Toolchains/XcodeDefault.xctoolchain/usr/lib/swift/macosx/prebuilt-modules/26.2/CoreVideo.swiftmodule/arm64e-apple-macos.swiftmodule /Users/adamkz/look/build/release-signed/DerivedData/ModuleCache.noindex/ImageIO-29C03LOISHCRSBCQHBSM5EEIE.pcm /Users/adamkz/look/build/release-signed/DerivedData/ModuleCache.noindex/SwiftUICore-4XX15QX83MVBVIMTS3WXYFH61.pcm /Users/adamkz/look/build/release-signed/DerivedData/ModuleCache.noindex/os-MI6ND10QGUNNXERPS5RL0LGZ.pcm /Users/adamkz/look/build/release-signed/DerivedData/ModuleCache.noindex/Metal-C6KH0ML3O0YQB1XO9U0CNF4IL.pcm /Users/adamkz/look/build/release-signed/DerivedData/ModuleCache.noindex/MachO-A74HC4JJULGDGEEBBA2UVGHQI.pcm /Users/adamkz/look/build/release-signed/DerivedData/ModuleCache.noindex/ptrcheck-8ZA1FKYPOIF39BVX4I5MYSKJR.pcm /Users/adamkz/look/build/release-signed/DerivedData/ModuleCache.noindex/os_workgroup-1OMSAV6G6UQV50TKJGACJD3D0.pcm /Users/adamkz/look/build/release-signed/DerivedData/ModuleCache.noindex/DeveloperToolsSupport-9PYEX437LNP27J3844CO2BCUS.pcm /Users/adamkz/look/build/release-signed/DerivedData/ModuleCache.noindex/IOKit-D6LUPHHFI75RSC24ROB2T9FDM.pcm /Users/adamkz/look/build/release-signed/DerivedData/ModuleCache.noindex/CoreGraphics-48K97OA5YDZHVG86ZPMOR7632.pcm /Users/adamkz/look/build/release-signed/DerivedData/ModuleCache.noindex/_DarwinFoundation1-8NLC2NC4ZX9KJYB8N6QEYZV4M.pcm /Users/adamkz/look/build/release-signed/DerivedData/ModuleCache.noindex/SwiftShims-5Y5KMT579CPTOP1VACOBMWIEJ.pcm /Users/adamkz/look/build/release-signed/DerivedData/ModuleCache.noindex/DiskArbitration-182LSJOLL6NHGC8B7LU8Z6X4A.pcm /Users/adamkz/look/build/release-signed/DerivedData/ModuleCache.noindex/libDER-5JNXA6M7LAVTEGWIKMX83SSFR.pcm /Users/adamkz/look/build/release-signed/DerivedData/ModuleCache.noindex/libkern-6RENY90G49GNLUGLSLQROBSK6.pcm /Users/adamkz/look/build/release-signed/DerivedData/ModuleCache.noindex/DataDetection-2F5TVLG2Y9OSRBISM8OI9IQW5.pcm /Users/adamkz/look/build/release-signed/DerivedData/ModuleCache.noindex/_Builtin_inttypes-1MF2316SNU3CA1AU7HMMBRQ0K.pcm /Users/adamkz/look/build/release-signed/DerivedData/ModuleCache.noindex/XPC-7NF503FMO9A59AA8D9X0GMVRD.pcm /Users/adamkz/look/build/release-signed/DerivedData/ModuleCache.noindex/Darwin-DVS3EF2IDNFCAXVBANU855Z37.pcm /Users/adamkz/look/build/release-signed/DerivedData/ModuleCache.noindex/PDFKit-5KK921M9R19EH1G5TH8P2O4ZJ.pcm /Users/adamkz/look/build/release-signed/DerivedData/ModuleCache.noindex/Foundation-C01VOWLJAT43R0EIOXJCC2B37.pcm /Users/adamkz/look/build/release-signed/DerivedData/ModuleCache.noindex/CoreData-EEDF3NHLXBGY5WY2WJQPVN8ZK.pcm /Users/adamkz/look/build/release-signed/DerivedData/ModuleCache.noindex/UniformTypeIdentifiers-AZFPE2DHQZB510BFKH6XTG8RK.pcm /Users/adamkz/look/build/release-signed/DerivedData/ModuleCache.noindex/_Builtin_stddef-5J29G905D7QKKQ1V26WT6X2T7.pcm /Users/adamkz/look/build/release-signed/DerivedData/ModuleCache.noindex/Cocoa-21VG6LG9QBOD2O4IB04LEFD3G.pcm /Users/adamkz/look/build/release-signed/DerivedData/ModuleCache.noindex/CoreText-101FRSCZZW718MSUTKNWUA484.pcm /Users/adamkz/look/build/release-signed/DerivedData/ModuleCache.noindex/_Builtin_stdarg-EKXMAU59G2O5UJ1D1C1LB97D8.pcm /Users/adamkz/look/build/release-signed/DerivedData/ModuleCache.noindex/ptrauth-4XZJVD4C2IRYHV7TYB7ERRAMQ.pcm /Users/adamkz/look/build/release-signed/DerivedData/ModuleCache.noindex/CUPS-8OW4NUY8J6Q5IAVTOLLJT4F7P.pcm /Users/adamkz/look/build/release-signed/DerivedData/ModuleCache.noindex/_Builtin_tgmath-BV342MJ6LJLTPHPX73O8MH1LZ.pcm /Users/adamkz/look/build/release-signed/DerivedData/ModuleCache.noindex/os_object-6O54LNC3RDNNQRT6O619GR730.pcm /Users/adamkz/look/build/release-signed/DerivedData/ModuleCache.noindex/_Builtin_limits-E8CAXKNYKPRR3C3R43JJZ26RL.pcm /Users/adamkz/look/build/release-signed/DerivedData/ModuleCache.noindex/simd-CVMGJD3V3W1RX2HF6USLDHS8X.pcm /Users/adamkz/look/build/release-signed/DerivedData/ModuleCache.noindex/_SwiftConcurrencyShims-95ITI2VHLQMF5IYZYA1RFI3WO.pcm /Users/adamkz/look/build/release-signed/DerivedData/ModuleCache.noindex/ObjectiveC-5BY4ZHRBYO6R5N77XCPPIJNBQ.pcm /Users/adamkz/look/build/release-signed/DerivedData/ModuleCache.noindex/CoreVideo-68UHICY025QX4HXVU6KEVZGBQ.pcm /Users/adamkz/look/build/release-signed/DerivedData/ModuleCache.noindex/Spatial-9P8FLTS1BKV0K8KTBPATMN690.pcm /Users/adamkz/look/build/release-signed/DerivedData/ModuleCache.noindex/AppKit-BC8D5IYKTFOFOHGJRH63XXVZ5.pcm /Users/adamkz/look/build/release-signed/DerivedData/ModuleCache.noindex/launch-DYB2HT15ZDV82A52UYS3AP6VZ.pcm /Users/adamkz/look/build/release-signed/DerivedData/ModuleCache.noindex/Compression-CQ6WUAO22VPFKYCQ9HG42TCCO.pcm /Users/adamkz/look/build/release-signed/DerivedData/ModuleCache.noindex/ApplicationServices-51FGN1M9YXMGT7LCHAP59IRXC.pcm /Users/adamkz/look/build/release-signed/DerivedData/ModuleCache.noindex/_Builtin_stdint-1VP8NVM0ZLFVN0SDPEID9K89C.pcm /Users/adamkz/look/build/release-signed/DerivedData/ModuleCache.noindex/Accessibility-3CWK6XOISNQB4Q2SGW6FWIP70.pcm /Users/adamkz/look/build/release-signed/DerivedData/ModuleCache.noindex/_Builtin_float-AVX9XNB8TPLILDMGLVXRCVW62.pcm /Users/adamkz/look/build/release-signed/DerivedData/ModuleCache.noindex/JavaScriptCore-4F1A5738Y3IEZJYKHBOSVS3LR.pcm /Users/adamkz/look/build/release-signed/DerivedData/ModuleCache.noindex/_AvailabilityInternal-425JT0X59YAOWC8O1B83GNACH.pcm /Users/adamkz/look/build/release-signed/DerivedData/ModuleCache.noindex/LocalAuthentication-2GGBT00BQEZ5KJX5UMOH6YRX2.pcm /Users/adamkz/look/build/release-signed/DerivedData/ModuleCache.noindex/_DarwinFoundation3-8HGAQLP9OCYHT1HH0HEO7YDNO.pcm /Users/adamkz/look/build/release-signed/DerivedData/ModuleCache.noindex/_Builtin_stdbool-EIPABQT0G0AJ9UUW48DH5ROXB.pcm /Users/adamkz/look/build/release-signed/DerivedData/ModuleCache.noindex/dnssd-7JSQV7L4DQIOZKO5L12KXQBEL.pcm /Users/adamkz/look/build/release-signed/DerivedData/ModuleCache.noindex/SwiftUI-95QH03J38C2P93JVKY4TSAN8Z.pcm /Users/adamkz/look/build/release-signed/DerivedData/ModuleCache.noindex/ColorSync-4B549BL1DQ3V83L9JLDAVK56Q.pcm /Users/adamkz/look/build/release-signed/DerivedData/ModuleCache.noindex/sys_types-C2H53E0LP9F3MZOBMD0WJNHI9.pcm /Users/adamkz/look/build/release-signed/DerivedData/ModuleCache.noindex/OpenGL-7KEBJER1U0UQ5MAU8GBYRHQEO.pcm /Users/adamkz/look/build/release-signed/DerivedData/ModuleCache.noindex/_Builtin_stdatomic-EK7AQUSDP6TV2N6X6QKEJZVMU.pcm /Users/adamkz/look/build/release-signed/DerivedData/ModuleCache.noindex/QuartzCore-EDU5XWIHRSTVVEM3AY97T62AK.pcm /Users/adamkz/look/build/release-signed/DerivedData/ModuleCache.noindex/WebKit-27GU6ZVZKF1JOQ1PP4NIRUAJQ.pcm /Users/adamkz/look/build/release-signed/DerivedData/ModuleCache.noindex/_Builtin_intrinsics-A6SRJL8AECCOV8SUZW68V6SE.pcm /Users/adamkz/look/build/release-signed/DerivedData/ModuleCache.noindex/CoreTransferable-8SYGRBWEHAG6F46ADNNFW8NNZ.pcm /Users/adamkz/look/build/release-signed/DerivedData/ModuleCache.noindex/Dispatch-ELD3YT36PPOV6YYRARXTCOGPQ.pcm /Users/adamkz/look/build/release-signed/DerivedData/ModuleCache.noindex/CoreServices-DF9FPNE37M517ABAG3T8W62V4.pcm /Users/adamkz/look/build/release-signed/DerivedData/ModuleCache.noindex/_DarwinFoundation2-3GGA7K08F1J63WFFVHVPZT1GH.pcm /Users/adamkz/look/build/release-signed/DerivedData/ModuleCache.noindex/IOSurface-C135OVI9R0KD0JKQX0C7XU3OE.pcm /Users/adamkz/look/build/release-signed/DerivedData/ModuleCache.noindex/Symbols-6P2H9KADUQWSW304FNDQZIYGK.pcm /Users/adamkz/look/build/release-signed/DerivedData/ModuleCache.noindex/OSLog-7V5X06EAH7X2HEPYESM5J6T5Q.pcm /Users/adamkz/look/build/release-signed/DerivedData/ModuleCache.noindex/CoreFoundation-9Q2KFEZJ7Q50TIVHS4XH6MTAG.pcm /Users/adamkz/look/build/release-signed/DerivedData/ModuleCache.noindex/Security-3XAELNBNXZNXLGZ9D25KCM5XO.pcm /Users/adamkz/look/build/release-signed/DerivedData/ModuleCache.noindex/CFNetwork-ABIDTUFVGIFF54SR14ZTEFVXR.pcm /Users/adamkz/look/build/release-signed/DerivedData/ModuleCache.noindex/CoreImage-DVH7KOX93H16WPEWP8GZGQRVH.pcm /Users/adamkz/look/build/release-signed/DerivedData/ModuleCache.noindex/Network-BTUUT20ASTRZB92VWSFNI93DH.pcm /Users/adamkz/look/build/release-signed/DerivedData/Build/Intermediates.noindex/Look.build/Release/LookApp.build/Objects-normal/arm64/LookApp-dependencies-1.json (in target 'LookApp' from project 'Look')
CompileSwift normal arm64 (in target 'LookApp' from project 'Look')
    cd /Users/adamkz/look
    
/Users/adamkz/look/Sources/LookApp/Sources/LookApp.swift:97:10: warning: 'onChange(of:perform:)' was deprecated in macOS 14.0: Use `onChange` with a two or zero parameter action closure instead.
        .onChange(of: environment.shouldRegenerateThumbnails) { shouldRegenerate in
         ^

SwiftDriver\ Compilation LookApp normal arm64 com.apple.xcode.tools.swift.compiler (in target 'LookApp' from project 'Look')
    cd /Users/adamkz/look
    builtin-Swift-Compilation -- /Applications/Xcode.app/Contents/Developer/Toolchains/XcodeDefault.xctoolchain/usr/bin/swiftc -module-name LookApp -O -whole-module-optimization -enforce-exclusivity\=checked @/Users/adamkz/look/build/release-signed/DerivedData/Build/Intermediates.noindex/Look.build/Release/LookApp.build/Objects-normal/arm64/LookApp.SwiftFileList -enable-bare-slash-regex -enable-experimental-feature DebugDescriptionMacro -sdk /Applications/Xcode.app/Contents/Developer/Platforms/MacOSX.platform/Developer/SDKs/MacOSX26.2.sdk -target arm64-apple-macos14.0 -g -module-cache-path /Users/adamkz/look/build/release-signed/DerivedData/ModuleCache.noindex -Xfrontend -serialize-debugging-options -swift-version 5 -I /Users/adamkz/look/build/release-signed/DerivedData/Build/Products/Release -F /Users/adamkz/look/build/release-signed/DerivedData/Build/Products/Release -emit-localized-strings -emit-localized-strings-path /Users/adamkz/look/build/release-signed/DerivedData/Build/Intermediates.noindex/Look.build/Release/LookApp.build/Objects-normal/arm64 -c -num-threads 8 -Xcc -ivfsstatcache -Xcc /Users/adamkz/look/build/release-signed/DerivedData/SDKStatCaches.noindex/macosx26.2-25C57-00fa09913b459cbbc988d1f6730289ae.sdkstatcache -output-file-map /Users/adamkz/look/build/release-signed/DerivedData/Build/Intermediates.noindex/Look.build/Release/LookApp.build/Objects-normal/arm64/LookApp-OutputFileMap.json -use-frontend-parseable-output -save-temps -no-color-diagnostics -explicit-module-build -module-cache-path /Users/adamkz/look/build/release-signed/DerivedData/Build/Intermediates.noindex/SwiftExplicitPrecompiledModules -clang-scanner-module-cache-path /Users/adamkz/look/build/release-signed/DerivedData/ModuleCache.noindex -sdk-module-cache-path /Users/adamkz/look/build/release-signed/DerivedData/ModuleCache.noindex -serialize-diagnostics -emit-dependencies -emit-module -emit-module-path /Users/adamkz/look/build/release-signed/DerivedData/Build/Intermediates.noindex/Look.build/Release/LookApp.build/Objects-normal/arm64/LookApp.swiftmodule -validate-clang-modules-once -clang-build-session-file /Users/adamkz/look/build/release-signed/DerivedData/ModuleCache.noindex/Session.modulevalidation -Xcc -I/Users/adamkz/look/build/release-signed/DerivedData/Build/Intermediates.noindex/Look.build/Release/LookApp.build/swift-overrides.hmap -emit-const-values -Xfrontend -const-gather-protocols-file -Xfrontend /Users/adamkz/look/build/release-signed/DerivedData/Build/Intermediates.noindex/Look.build/Release/LookApp.build/Objects-normal/arm64/LookApp_const_extract_protocols.json -Xcc -iquote -Xcc /Users/adamkz/look/build/release-signed/DerivedData/Build/Intermediates.noindex/Look.build/Release/LookApp.build/LookApp-generated-files.hmap -Xcc -I/Users/adamkz/look/build/release-signed/DerivedData/Build/Intermediates.noindex/Look.build/Release/LookApp.build/LookApp-own-target-headers.hmap -Xcc -I/Users/adamkz/look/build/release-signed/DerivedData/Build/Intermediates.noindex/Look.build/Release/LookApp.build/LookApp-all-non-framework-target-headers.hmap -Xcc -ivfsoverlay -Xcc /Users/adamkz/look/build/release-signed/DerivedData/Build/Intermediates.noindex/Look.build/Release/Look-c3f0a56ea084f757df82bdf40cd5ab63-VFS/all-product-headers.yaml -Xcc -iquote -Xcc /Users/adamkz/look/build/release-signed/DerivedData/Build/Intermediates.noindex/Look.build/Release/LookApp.build/LookApp-project-headers.hmap -Xcc -I/Users/adamkz/look/build/release-signed/DerivedData/Build/Products/Release/include -Xcc -I/Users/adamkz/look/build/release-signed/DerivedData/Build/Intermediates.noindex/Look.build/Release/LookApp.build/DerivedSources-normal/arm64 -Xcc -I/Users/adamkz/look/build/release-signed/DerivedData/Build/Intermediates.noindex/Look.build/Release/LookApp.build/DerivedSources/arm64 -Xcc -I/Users/adamkz/look/build/release-signed/DerivedData/Build/Intermediates.noindex/Look.build/Release/LookApp.build/DerivedSources -emit-objc-header -emit-objc-header-path /Users/adamkz/look/build/release-signed/DerivedData/Build/Intermediates.noindex/Look.build/Release/LookApp.build/Objects-normal/arm64/LookApp-Swift.h -working-directory /Users/adamkz/look -no-emit-module-separately-wmo

LinkAssetCatalog /Users/adamkz/look/Sources/LookApp/Resources/Assets.xcassets (in target 'LookApp' from project 'Look')
    cd /Users/adamkz/look
    builtin-linkAssetCatalog --thinned /Users/adamkz/look/build/release-signed/DerivedData/Build/Intermediates.noindex/Look.build/Release/LookApp.build/assetcatalog_output/thinned --thinned-dependencies /Users/adamkz/look/build/release-signed/DerivedData/Build/Intermediates.noindex/Look.build/Release/LookApp.build/assetcatalog_dependencies_thinned --thinned-info-plist-content /Users/adamkz/look/build/release-signed/DerivedData/Build/Intermediates.noindex/Look.build/Release/LookApp.build/assetcatalog_generated_info.plist_thinned --unthinned /Users/adamkz/look/build/release-signed/DerivedData/Build/Intermediates.noindex/Look.build/Release/LookApp.build/assetcatalog_output/unthinned --unthinned-dependencies /Users/adamkz/look/build/release-signed/DerivedData/Build/Intermediates.noindex/Look.build/Release/LookApp.build/assetcatalog_dependencies_unthinned --unthinned-info-plist-content /Users/adamkz/look/build/release-signed/DerivedData/Build/Intermediates.noindex/Look.build/Release/LookApp.build/assetcatalog_generated_info.plist_unthinned --output /Users/adamkz/look/build/release-signed/DerivedData/Build/Products/Release/LookApp.app/Contents/Resources --plist-output /Users/adamkz/look/build/release-signed/DerivedData/Build/Intermediates.noindex/Look.build/Release/LookApp.build/assetcatalog_generated_info.plist
note: Emplaced /Users/adamkz/look/build/release-signed/DerivedData/Build/Products/Release/LookApp.app/Contents/Resources/AppIcon.icns (in target 'LookApp' from project 'Look')
note: Emplaced /Users/adamkz/look/build/release-signed/DerivedData/Build/Products/Release/LookApp.app/Contents/Resources/Assets.car (in target 'LookApp' from project 'Look')

ProcessInfoPlistFile /Users/adamkz/look/build/release-signed/DerivedData/Build/Products/Release/LookApp.app/Contents/Info.plist /Users/adamkz/look/Sources/LookApp/Resources/Info.plist (in target 'LookApp' from project 'Look')
    cd /Users/adamkz/look
    builtin-infoPlistUtility /Users/adamkz/look/Sources/LookApp/Resources/Info.plist -producttype com.apple.product-type.application -genpkginfo /Users/adamkz/look/build/release-signed/DerivedData/Build/Products/Release/LookApp.app/Contents/PkgInfo -expandbuildsettings -platform macosx -additionalcontentfile /Users/adamkz/look/build/release-signed/DerivedData/Build/Intermediates.noindex/Look.build/Release/LookApp.build/assetcatalog_generated_info.plist -o /Users/adamkz/look/build/release-signed/DerivedData/Build/Products/Release/LookApp.app/Contents/Info.plist

SwiftDriverJobDiscovery normal arm64 Compiling LookApp.swift, AppEnvironment.swift, LibraryRootCoordinator.swift, ContentWrapper.swift, ImportCoordinator.swift, GeneratedAssetSymbols.swift (in target 'LookApp' from project 'Look')

SwiftDriver\ Compilation\ Requirements LookApp normal arm64 com.apple.xcode.tools.swift.compiler (in target 'LookApp' from project 'Look')
    cd /Users/adamkz/look
    builtin-Swift-Compilation-Requirements -- /Applications/Xcode.app/Contents/Developer/Toolchains/XcodeDefault.xctoolchain/usr/bin/swiftc -module-name LookApp -O -whole-module-optimization -enforce-exclusivity\=checked @/Users/adamkz/look/build/release-signed/DerivedData/Build/Intermediates.noindex/Look.build/Release/LookApp.build/Objects-normal/arm64/LookApp.SwiftFileList -enable-bare-slash-regex -enable-experimental-feature DebugDescriptionMacro -sdk /Applications/Xcode.app/Contents/Developer/Platforms/MacOSX.platform/Developer/SDKs/MacOSX26.2.sdk -target arm64-apple-macos14.0 -g -module-cache-path /Users/adamkz/look/build/release-signed/DerivedData/ModuleCache.noindex -Xfrontend -serialize-debugging-options -swift-version 5 -I /Users/adamkz/look/build/release-signed/DerivedData/Build/Products/Release -F /Users/adamkz/look/build/release-signed/DerivedData/Build/Products/Release -emit-localized-strings -emit-localized-strings-path /Users/adamkz/look/build/release-signed/DerivedData/Build/Intermediates.noindex/Look.build/Release/LookApp.build/Objects-normal/arm64 -c -num-threads 8 -Xcc -ivfsstatcache -Xcc /Users/adamkz/look/build/release-signed/DerivedData/SDKStatCaches.noindex/macosx26.2-25C57-00fa09913b459cbbc988d1f6730289ae.sdkstatcache -output-file-map /Users/adamkz/look/build/release-signed/DerivedData/Build/Intermediates.noindex/Look.build/Release/LookApp.build/Objects-normal/arm64/LookApp-OutputFileMap.json -use-frontend-parseable-output -save-temps -no-color-diagnostics -explicit-module-build -module-cache-path /Users/adamkz/look/build/release-signed/DerivedData/Build/Intermediates.noindex/SwiftExplicitPrecompiledModules -clang-scanner-module-cache-path /Users/adamkz/look/build/release-signed/DerivedData/ModuleCache.noindex -sdk-module-cache-path /Users/adamkz/look/build/release-signed/DerivedData/ModuleCache.noindex -serialize-diagnostics -emit-dependencies -emit-module -emit-module-path /Users/adamkz/look/build/release-signed/DerivedData/Build/Intermediates.noindex/Look.build/Release/LookApp.build/Objects-normal/arm64/LookApp.swiftmodule -validate-clang-modules-once -clang-build-session-file /Users/adamkz/look/build/release-signed/DerivedData/ModuleCache.noindex/Session.modulevalidation -Xcc -I/Users/adamkz/look/build/release-signed/DerivedData/Build/Intermediates.noindex/Look.build/Release/LookApp.build/swift-overrides.hmap -emit-const-values -Xfrontend -const-gather-protocols-file -Xfrontend /Users/adamkz/look/build/release-signed/DerivedData/Build/Intermediates.noindex/Look.build/Release/LookApp.build/Objects-normal/arm64/LookApp_const_extract_protocols.json -Xcc -iquote -Xcc /Users/adamkz/look/build/release-signed/DerivedData/Build/Intermediates.noindex/Look.build/Release/LookApp.build/LookApp-generated-files.hmap -Xcc -I/Users/adamkz/look/build/release-signed/DerivedData/Build/Intermediates.noindex/Look.build/Release/LookApp.build/LookApp-own-target-headers.hmap -Xcc -I/Users/adamkz/look/build/release-signed/DerivedData/Build/Intermediates.noindex/Look.build/Release/LookApp.build/LookApp-all-non-framework-target-headers.hmap -Xcc -ivfsoverlay -Xcc /Users/adamkz/look/build/release-signed/DerivedData/Build/Intermediates.noindex/Look.build/Release/Look-c3f0a56ea084f757df82bdf40cd5ab63-VFS/all-product-headers.yaml -Xcc -iquote -Xcc /Users/adamkz/look/build/release-signed/DerivedData/Build/Intermediates.noindex/Look.build/Release/LookApp.build/LookApp-project-headers.hmap -Xcc -I/Users/adamkz/look/build/release-signed/DerivedData/Build/Products/Release/include -Xcc -I/Users/adamkz/look/build/release-signed/DerivedData/Build/Intermediates.noindex/Look.build/Release/LookApp.build/DerivedSources-normal/arm64 -Xcc -I/Users/adamkz/look/build/release-signed/DerivedData/Build/Intermediates.noindex/Look.build/Release/LookApp.build/DerivedSources/arm64 -Xcc -I/Users/adamkz/look/build/release-signed/DerivedData/Build/Intermediates.noindex/Look.build/Release/LookApp.build/DerivedSources -emit-objc-header -emit-objc-header-path /Users/adamkz/look/build/release-signed/DerivedData/Build/Intermediates.noindex/Look.build/Release/LookApp.build/Objects-normal/arm64/LookApp-Swift.h -working-directory /Users/adamkz/look -no-emit-module-separately-wmo

SwiftMergeGeneratedHeaders /Users/adamkz/look/build/release-signed/DerivedData/Build/Intermediates.noindex/Look.build/Release/LookApp.build/DerivedSources/LookApp-Swift.h /Users/adamkz/look/build/release-signed/DerivedData/Build/Intermediates.noindex/Look.build/Release/LookApp.build/Objects-normal/arm64/LookApp-Swift.h (in target 'LookApp' from project 'Look')
    cd /Users/adamkz/look
    builtin-swiftHeaderTool -arch arm64 /Users/adamkz/look/build/release-signed/DerivedData/Build/Intermediates.noindex/Look.build/Release/LookApp.build/Objects-normal/arm64/LookApp-Swift.h -o /Users/adamkz/look/build/release-signed/DerivedData/Build/Intermediates.noindex/Look.build/Release/LookApp.build/DerivedSources/LookApp-Swift.h

Copy /Users/adamkz/look/build/release-signed/DerivedData/Build/Products/Release/LookApp.swiftmodule/arm64-apple-macos.abi.json /Users/adamkz/look/build/release-signed/DerivedData/Build/Intermediates.noindex/Look.build/Release/LookApp.build/Objects-normal/arm64/LookApp.abi.json (in target 'LookApp' from project 'Look')
    cd /Users/adamkz/look
    builtin-copy -exclude .DS_Store -exclude CVS -exclude .svn -exclude .git -exclude .hg -resolve-src-symlinks -rename /Users/adamkz/look/build/release-signed/DerivedData/Build/Intermediates.noindex/Look.build/Release/LookApp.build/Objects-normal/arm64/LookApp.abi.json /Users/adamkz/look/build/release-signed/DerivedData/Build/Products/Release/LookApp.swiftmodule/arm64-apple-macos.abi.json

Copy /Users/adamkz/look/build/release-signed/DerivedData/Build/Products/Release/LookApp.swiftmodule/arm64-apple-macos.swiftmodule /Users/adamkz/look/build/release-signed/DerivedData/Build/Intermediates.noindex/Look.build/Release/LookApp.build/Objects-normal/arm64/LookApp.swiftmodule (in target 'LookApp' from project 'Look')
    cd /Users/adamkz/look
    builtin-copy -exclude .DS_Store -exclude CVS -exclude .svn -exclude .git -exclude .hg -resolve-src-symlinks -rename /Users/adamkz/look/build/release-signed/DerivedData/Build/Intermediates.noindex/Look.build/Release/LookApp.build/Objects-normal/arm64/LookApp.swiftmodule /Users/adamkz/look/build/release-signed/DerivedData/Build/Products/Release/LookApp.swiftmodule/arm64-apple-macos.swiftmodule

Copy /Users/adamkz/look/build/release-signed/DerivedData/Build/Products/Release/LookApp.swiftmodule/arm64-apple-macos.swiftdoc /Users/adamkz/look/build/release-signed/DerivedData/Build/Intermediates.noindex/Look.build/Release/LookApp.build/Objects-normal/arm64/LookApp.swiftdoc (in target 'LookApp' from project 'Look')
    cd /Users/adamkz/look
    builtin-copy -exclude .DS_Store -exclude CVS -exclude .svn -exclude .git -exclude .hg -resolve-src-symlinks -rename /Users/adamkz/look/build/release-signed/DerivedData/Build/Intermediates.noindex/Look.build/Release/LookApp.build/Objects-normal/arm64/LookApp.swiftdoc /Users/adamkz/look/build/release-signed/DerivedData/Build/Products/Release/LookApp.swiftmodule/arm64-apple-macos.swiftdoc

Copy /Users/adamkz/look/build/release-signed/DerivedData/Build/Products/Release/LookApp.swiftmodule/Project/arm64-apple-macos.swiftsourceinfo /Users/adamkz/look/build/release-signed/DerivedData/Build/Intermediates.noindex/Look.build/Release/LookApp.build/Objects-normal/arm64/LookApp.swiftsourceinfo (in target 'LookApp' from project 'Look')
    cd /Users/adamkz/look
    builtin-copy -exclude .DS_Store -exclude CVS -exclude .svn -exclude .git -exclude .hg -resolve-src-symlinks -rename /Users/adamkz/look/build/release-signed/DerivedData/Build/Intermediates.noindex/Look.build/Release/LookApp.build/Objects-normal/arm64/LookApp.swiftsourceinfo /Users/adamkz/look/build/release-signed/DerivedData/Build/Products/Release/LookApp.swiftmodule/Project/arm64-apple-macos.swiftsourceinfo

Ld /Users/adamkz/look/build/release-signed/DerivedData/Build/Products/Release/LookApp.app/Contents/MacOS/LookApp normal (in target 'LookApp' from project 'Look')
    cd /Users/adamkz/look
    /Applications/Xcode.app/Contents/Developer/Toolchains/XcodeDefault.xctoolchain/usr/bin/clang -Xlinker -reproducible -target arm64-apple-macos14.0 -isysroot /Applications/Xcode.app/Contents/Developer/Platforms/MacOSX.platform/Developer/SDKs/MacOSX26.2.sdk -Os -L/Users/adamkz/look/build/release-signed/DerivedData/Build/Intermediates.noindex/EagerLinkingTBDs/Release -L/Users/adamkz/look/build/release-signed/DerivedData/Build/Products/Release -F/Users/adamkz/look/build/release-signed/DerivedData/Build/Intermediates.noindex/EagerLinkingTBDs/Release -F/Users/adamkz/look/build/release-signed/DerivedData/Build/Products/Release -filelist /Users/adamkz/look/build/release-signed/DerivedData/Build/Intermediates.noindex/Look.build/Release/LookApp.build/Objects-normal/arm64/LookApp.LinkFileList -Xlinker -rpath -Xlinker /usr/lib/swift -Xlinker -rpath -Xlinker @executable_path/../Frameworks -dead_strip -Xlinker -object_path_lto -Xlinker /Users/adamkz/look/build/release-signed/DerivedData/Build/Intermediates.noindex/Look.build/Release/LookApp.build/Objects-normal/arm64/LookApp_lto.o -Xlinker -dependency_info -Xlinker /Users/adamkz/look/build/release-signed/DerivedData/Build/Intermediates.noindex/Look.build/Release/LookApp.build/Objects-normal/arm64/LookApp_dependency_info.dat -fobjc-link-runtime -L/Applications/Xcode.app/Contents/Developer/Toolchains/XcodeDefault.xctoolchain/usr/lib/swift/macosx -L/usr/lib/swift -Xlinker -add_ast_path -Xlinker /Users/adamkz/look/build/release-signed/DerivedData/Build/Intermediates.noindex/Look.build/Release/LookApp.build/Objects-normal/arm64/LookApp.swiftmodule @/Users/adamkz/look/build/release-signed/DerivedData/Build/Intermediates.noindex/Look.build/Release/LookApp.build/Objects-normal/arm64/LookApp-linker-args.resp -framework LookKit -framework LookData -framework LookPDF -framework LookNotes -framework LookAutomation -Xlinker -no_adhoc_codesign -o /Users/adamkz/look/build/release-signed/DerivedData/Build/Products/Release/LookApp.app/Contents/MacOS/LookApp

CopySwiftLibs /Users/adamkz/look/build/release-signed/DerivedData/Build/Products/Release/LookApp.app (in target 'LookApp' from project 'Look')
    cd /Users/adamkz/look
    builtin-swiftStdLibTool --copy --verbose --sign - --scan-executable /Users/adamkz/look/build/release-signed/DerivedData/Build/Products/Release/LookApp.app/Contents/MacOS/LookApp --scan-folder /Users/adamkz/look/build/release-signed/DerivedData/Build/Products/Release/LookApp.app/Contents/Frameworks --scan-folder /Users/adamkz/look/build/release-signed/DerivedData/Build/Products/Release/LookApp.app/Contents/PlugIns --scan-folder /Users/adamkz/look/build/release-signed/DerivedData/Build/Products/Release/LookApp.app/Contents/Library/SystemExtensions --scan-folder /Users/adamkz/look/build/release-signed/DerivedData/Build/Products/Release/LookApp.app/Contents/Extensions --scan-folder /Users/adamkz/look/build/release-signed/DerivedData/Build/Products/Release/LookKit.framework --scan-folder /Users/adamkz/look/build/release-signed/DerivedData/Build/Products/Release/LookData.framework --scan-folder /Users/adamkz/look/build/release-signed/DerivedData/Build/Products/Release/LookPDF.framework --scan-folder /Users/adamkz/look/build/release-signed/DerivedData/Build/Products/Release/LookNotes.framework --scan-folder /Users/adamkz/look/build/release-signed/DerivedData/Build/Products/Release/LookAutomation.framework --platform macosx --toolchain /Applications/Xcode.app/Contents/Developer/Toolchains/XcodeDefault.xctoolchain --destination /Users/adamkz/look/build/release-signed/DerivedData/Build/Products/Release/LookApp.app/Contents/Frameworks --strip-bitcode --strip-bitcode-tool /Applications/Xcode.app/Contents/Developer/Toolchains/XcodeDefault.xctoolchain/usr/bin/bitcode_strip --emit-dependency-info /Users/adamkz/look/build/release-signed/DerivedData/Build/Intermediates.noindex/Look.build/Release/LookApp.build/SwiftStdLibToolInputDependencies.dep --filter-for-swift-os --back-deploy-swift-span

ExtractAppIntentsMetadata (in target 'LookApp' from project 'Look')
    cd /Users/adamkz/look
    /Applications/Xcode.app/Contents/Developer/Toolchains/XcodeDefault.xctoolchain/usr/bin/appintentsmetadataprocessor --toolchain-dir /Applications/Xcode.app/Contents/Developer/Toolchains/XcodeDefault.xctoolchain --module-name LookApp --sdk-root /Applications/Xcode.app/Contents/Developer/Platforms/MacOSX.platform/Developer/SDKs/MacOSX26.2.sdk --xcode-version 17C52 --platform-family macOS --deployment-target 14.0 --bundle-identifier com.look.app --output /Users/adamkz/look/build/release-signed/DerivedData/Build/Products/Release/LookApp.app/Contents/Resources --target-triple arm64-apple-macos14.0 --binary-file /Users/adamkz/look/build/release-signed/DerivedData/Build/Products/Release/LookApp.app/Contents/MacOS/LookApp --dependency-file /Users/adamkz/look/build/release-signed/DerivedData/Build/Intermediates.noindex/Look.build/Release/LookApp.build/Objects-normal/arm64/LookApp_dependency_info.dat --stringsdata-file /Users/adamkz/look/build/release-signed/DerivedData/Build/Intermediates.noindex/Look.build/Release/LookApp.build/Objects-normal/arm64/ExtractedAppShortcutsMetadata.stringsdata --source-file-list /Users/adamkz/look/build/release-signed/DerivedData/Build/Intermediates.noindex/Look.build/Release/LookApp.build/Objects-normal/arm64/LookApp.SwiftFileList --metadata-file-list /Users/adamkz/look/build/release-signed/DerivedData/Build/Intermediates.noindex/Look.build/Release/LookApp.build/LookApp.DependencyMetadataFileList --static-metadata-file-list /Users/adamkz/look/build/release-signed/DerivedData/Build/Intermediates.noindex/Look.build/Release/LookApp.build/LookApp.DependencyStaticMetadataFileList --swift-const-vals-list /Users/adamkz/look/build/release-signed/DerivedData/Build/Intermediates.noindex/Look.build/Release/LookApp.build/Objects-normal/arm64/LookApp.SwiftConstValuesFileList --compile-time-extraction --deployment-aware-processing --validate-assistant-intents --no-app-shortcuts-localization
2026-02-28 02:39:48.305 appintentsmetadataprocessor[23975:5934658] Starting appintentsmetadataprocessor export
2026-02-28 02:39:48.307 appintentsmetadataprocessor[23975:5934658] warning: Metadata extraction skipped. No AppIntents.framework dependency found.

GenerateDSYMFile /Users/adamkz/look/build/release-signed/DerivedData/Build/Products/Release/LookApp.app.dSYM /Users/adamkz/look/build/release-signed/DerivedData/Build/Products/Release/LookApp.app/Contents/MacOS/LookApp (in target 'LookApp' from project 'Look')
    cd /Users/adamkz/look
    /Applications/Xcode.app/Contents/Developer/Toolchains/XcodeDefault.xctoolchain/usr/bin/dsymutil /Users/adamkz/look/build/release-signed/DerivedData/Build/Products/Release/LookApp.app/Contents/MacOS/LookApp -o /Users/adamkz/look/build/release-signed/DerivedData/Build/Products/Release/LookApp.app.dSYM

CodeSign /Users/adamkz/look/build/release-signed/DerivedData/Build/Products/Release/LookApp.app (in target 'LookApp' from project 'Look')
    cd /Users/adamkz/look
    
    Signing Identity:     "Sign to Run Locally"
    
    /usr/bin/codesign --force --sign - --entitlements /Users/adamkz/look/build/release-signed/DerivedData/Build/Intermediates.noindex/Look.build/Release/LookApp.build/LookApp.app.xcent --timestamp\=none --generate-entitlement-der /Users/adamkz/look/build/release-signed/DerivedData/Build/Products/Release/LookApp.app

RegisterExecutionPolicyException /Users/adamkz/look/build/release-signed/DerivedData/Build/Products/Release/LookApp.app (in target 'LookApp' from project 'Look')
    cd /Users/adamkz/look
    builtin-RegisterExecutionPolicyException /Users/adamkz/look/build/release-signed/DerivedData/Build/Products/Release/LookApp.app

Validate /Users/adamkz/look/build/release-signed/DerivedData/Build/Products/Release/LookApp.app (in target 'LookApp' from project 'Look')
    cd /Users/adamkz/look
    builtin-validationUtility /Users/adamkz/look/build/release-signed/DerivedData/Build/Products/Release/LookApp.app -no-validate-extension -infoplist-subpath Contents/Info.plist

RegisterWithLaunchServices /Users/adamkz/look/build/release-signed/DerivedData/Build/Products/Release/LookApp.app (in target 'LookApp' from project 'Look')
    cd /Users/adamkz/look
    /System/Library/Frameworks/CoreServices.framework/Versions/Current/Frameworks/LaunchServices.framework/Versions/Current/Support/lsregister -f -R -trusted /Users/adamkz/look/build/release-signed/DerivedData/Build/Products/Release/LookApp.app

Touch /Users/adamkz/look/build/release-signed/DerivedData/Build/Products/Release/LookApp.app (in target 'LookApp' from project 'Look')
    cd /Users/adamkz/look
    /usr/bin/touch -c /Users/adamkz/look/build/release-signed/DerivedData/Build/Products/Release/LookApp.app

** BUILD SUCCEEDED **

