2026-02-28 01:54:49.532 xcodebuild[87648:5391286]  DVTFilePathFSEvents: Failed to start fs event stream.
2026-02-28 01:54:49.847 xcodebuild[87648:5391246] [MT] DVTDeveloperPaths: Failed to get length of DARWIN_USER_CACHE_DIR from confstr(3), error = Error Domain=NSPOSIXErrorDomain Code=5 "Input/output error". Using NSCachesDirectory instead.
2026-02-28 01:54:50.354 xcodebuild[87648:5391287] CoreSimulatorService connection became invalid.  Simulator services will no longer be available.
2026-02-28 01:54:50.355 xcodebuild[87648:5391381] Logging connecton invalid: <OS_xpc_error: <dictionary: 0x1efd66bf0> { count = 1, transaction: 0, voucher = 0x0, contents =
	"XPCErrorDescription" => <string: 0x1efd66d38> { length = 18, contents = "Connection invalid" }
}>
2026-02-28 01:54:50.358 xcodebuild[87648:5391381] Error opening log file (/Users/adamkz/Library/Logs/CoreSimulator/CoreSimulator.com.apple.dt.xcodebuild.log): Operation not permitted
[-[SimServiceContext sendRequest:]:1743] ERROR : Unable to deliver request ({
    "developer_dir" = "/Applications/Xcode.app/Contents/Developer";
    request = "set_developer_dir";
}) because we are not connected to CoreSimulatorService.
Command line invocation:
    /Applications/Xcode.app/Contents/Developer/usr/bin/xcodebuild -project Look.xcodeproj -scheme LookApp -configuration Release -derivedDataPath build/release-local/DerivedData CODE_SIGNING_ALLOWED=NO build

Build settings from command line:
    CODE_SIGNING_ALLOWED = NO

2026-02-28 01:54:50.474 xcodebuild[87648:5391246] [MT] DVTAssertions: Warning in DVTFrameworks/DVTFoundation/FileTypes/DVTFileDataTypeDetection.m:79
Details:  detectedTypeIdentifier (com.apple.xml-property-list) does not conform to matchedTypeIdentifier in MagicFileDataTypeDetector extenson com.apple.property-list. When both are specified, this conformance is required unless overridden by setting allowNonInheritance. extension.identifier:Xcode.MagicFileDataTypeDetector.XMLPlist
Object:   <DVTFileDataTypeDetectionMagicCache: 0x11b9792e0>
Method:   -initWithExtension:
Thread:   <_NSMainThread: 0x136e10dc0>{number = 1, name = main}
Please file a bug at https://feedbackassistant.apple.com with this warning message and any useful information you can provide.
2026-02-28 01:54:50.476 xcodebuild[87648:5391246] [MT] DVTAssertions: Warning in DVTFrameworks/DVTFoundation/FileTypes/DVTFileDataTypeDetection.m:79
Details:  detectedTypeIdentifier (com.apple.binary-property-list) does not conform to matchedTypeIdentifier in MagicFileDataTypeDetector extenson com.apple.property-list. When both are specified, this conformance is required unless overridden by setting allowNonInheritance. extension.identifier:Xcode.MagicFileDataTypeDetector.BinaryPlist
Object:   <DVTFileDataTypeDetectionMagicCache: 0x11ac27ca0>
Method:   -initWithExtension:
Thread:   <_NSMainThread: 0x136e10dc0>{number = 1, name = main}
Please file a bug at https://feedbackassistant.apple.com with this warning message and any useful information you can provide.
[-[SimServiceContext initWithDeveloperDir:connectionType:error:]:450] WARN  : Unable to discover any Simulator runtimes. Developer Directory is /Applications/Xcode.app/Contents/Developer.
[-[SimDiskImageManager init]:175] ERROR : Could not kickstart simdiskimaged; SimDiskImageManager services will not be available: Error Domain=NSPOSIXErrorDomain Code=53 "Software caused connection abort" UserInfo={NSLocalizedDescription=Error returned in reply from CoreSimulatorService: Connection invalid}
[-[SimDiskImageManager _onQueue_checkConnection:]:239] ERROR : simdiskimaged returned error (invalid), marking disconnected.
[-[SimDiskImageManager _onQueue_checkConnection:]:239] ERROR : simdiskimaged returned error (invalid), marking disconnected.
[-[SimServiceContext initWithDeveloperDir:connectionType:error:]_block_invoke:486] ERROR : Could not get list of trusted mount directories: Error Domain=com.apple.CoreSimulator.SimError Code=410 "The service used to manage runtime disk images (simdiskimaged) crashed or is not responding" UserInfo={NSLocalizedDescription=The service used to manage runtime disk images (simdiskimaged) crashed or is not responding}
[-[SimServiceContext sendRequest:reply:error:]:1763] ERROR : Unable to deliver request ({
    request = "notification_subscription";
    "set_path" = "/Users/adamkz/Library/Developer/CoreSimulator/Devices";
}) because we are not connected to CoreSimulatorService.
2026-02-28 01:54:50.648 xcodebuild[87648:5391286] Error Domain=NSPOSIXErrorDomain Code=61 "Connection refused" UserInfo={NSLocalizedDescription=CoreSimulatorService connection became invalid.  Simulator services will no longer be available.}
[-[SimServiceContext sendRequest:reply:error:]:1763] ERROR : Unable to deliver request ({
    request = "notification_subscription";
    "set_path" = "/Users/adamkz/Library/Developer/CoreSimulator/Devices";
}) because we are not connected to CoreSimulatorService.
2026-02-28 01:54:50.650 xcodebuild[87648:5391287] Error Domain=NSPOSIXErrorDomain Code=61 "Connection refused" UserInfo={NSLocalizedDescription=CoreSimulatorService connection became invalid.  Simulator services will no longer be available.}
2026-02-28 01:54:50.650 xcodebuild[87648:5391286]  IDESimulatorAvailability: startObservingSimulatorUpdates() FAILED to register SimDeviceSet observer
2026-02-28 01:54:50.650 xcodebuild[87648:5391287]  iOSSimulator: [SimServiceContext defaultDeviceSetWithError:] returned nil (Error Domain=NSPOSIXErrorDomain Code=61 "Connection refused" UserInfo={NSLocalizedFailureReason=Failed to subscribe to notifications from CoreSimulatorService., NSLocalizedDescription=Failed to initialize simulator device set., NSUnderlyingError=0x11c4715e0 {Error Domain=NSPOSIXErrorDomain Code=61 "Connection refused" UserInfo={NSLocalizedDescription=CoreSimulatorService connection became invalid.  Simulator services will no longer be available.}}}). Simulator device support disabled.
--- xcodebuild: WARNING: Using the first of multiple matching destinations:
{ platform:macOS, arch:arm64, id:00008103-000D71A40AD9001E, name:My Mac }
{ platform:macOS, arch:x86_64, id:00008103-000D71A40AD9001E, name:My Mac }
{ platform:macOS, name:Any Mac }
2026-02-28 01:54:51.331 xcodebuild[87648:5391286] XPC error for connection com.apple.backupd.sandbox.xpc: Connection invalid
ComputePackagePrebuildTargetDependencyGraph

Prepare packages

CreateBuildRequest

SendProjectDescription

CreateBuildOperation

ComputeTargetDependencyGraph
note: Building targets in dependency order
note: Target dependency graph (6 targets)
    Target 'LookApp' in project 'Look'
        ➜ Explicit dependency on target 'LookKit' in project 'Look'
        ➜ Explicit dependency on target 'LookData' in project 'Look'
        ➜ Explicit dependency on target 'LookPDF' in project 'Look'
        ➜ Explicit dependency on target 'LookNotes' in project 'Look'
        ➜ Explicit dependency on target 'LookAutomation' in project 'Look'
    Target 'LookAutomation' in project 'Look' (no dependencies)
    Target 'LookNotes' in project 'Look'
        ➜ Explicit dependency on target 'LookKit' in project 'Look'
    Target 'LookPDF' in project 'Look'
        ➜ Explicit dependency on target 'LookKit' in project 'Look'
    Target 'LookData' in project 'Look' (no dependencies)
    Target 'LookKit' in project 'Look' (no dependencies)

GatherProvisioningInputs

CreateBuildDescription

ExecuteExternalTool /Applications/Xcode.app/Contents/Developer/Toolchains/XcodeDefault.xctoolchain/usr/bin/clang -v -E -dM -arch arm64 -isysroot /Applications/Xcode.app/Contents/Developer/Platforms/MacOSX.platform/Developer/SDKs/MacOSX26.2.sdk -x c -c /dev/null

ExecuteExternalTool /Applications/Xcode.app/Contents/Developer/Toolchains/XcodeDefault.xctoolchain/usr/bin/clang -v -E -dM -isysroot /Applications/Xcode.app/Contents/Developer/Platforms/MacOSX.platform/Developer/SDKs/MacOSX26.2.sdk -x c -c /dev/null

ExecuteExternalTool /Applications/Xcode.app/Contents/Developer/usr/bin/actool --version --output-format xml1

ExecuteExternalTool /Applications/Xcode.app/Contents/Developer/Toolchains/XcodeDefault.xctoolchain/usr/bin/swiftc --version

ExecuteExternalTool /Applications/Xcode.app/Contents/Developer/usr/bin/momc --dry-run --action generate --swift-version 5.9 --sdkroot /Applications/Xcode.app/Contents/Developer/Platforms/MacOSX.platform/Developer/SDKs/MacOSX26.2.sdk --macosx-deployment-target 14.0 --module LookData /Users/adamkz/look/Sources/LookData/Resources/LookModel.xcdatamodeld /Users/adamkz/look/build/release-local/DerivedData/Build/Intermediates.noindex/Look.build/Release/LookData.build/DerivedSources/CoreDataGenerated/LookModel

ExecuteExternalTool /Applications/Xcode.app/Contents/Developer/Toolchains/XcodeDefault.xctoolchain/usr/bin/ld -version_details

Build description signature: ede42ad42c84a39fc5682df4dc02ed75
Build description path: /Users/adamkz/look/build/release-local/DerivedData/Build/Intermediates.noindex/XCBuildData/ede42ad42c84a39fc5682df4dc02ed75.xcbuilddata
ClangStatCache /Applications/Xcode.app/Contents/Developer/Toolchains/XcodeDefault.xctoolchain/usr/bin/clang-stat-cache /Applications/Xcode.app/Contents/Developer/Platforms/MacOSX.platform/Developer/SDKs/MacOSX26.2.sdk /Users/adamkz/look/build/release-local/DerivedData/SDKStatCaches.noindex/macosx26.2-25C57-00fa09913b459cbbc988d1f6730289ae.sdkstatcache
    cd /Users/adamkz/look/Look.xcodeproj
    /Applications/Xcode.app/Contents/Developer/Toolchains/XcodeDefault.xctoolchain/usr/bin/clang-stat-cache /Applications/Xcode.app/Contents/Developer/Platforms/MacOSX.platform/Developer/SDKs/MacOSX26.2.sdk -o /Users/adamkz/look/build/release-local/DerivedData/SDKStatCaches.noindex/macosx26.2-25C57-00fa09913b459cbbc988d1f6730289ae.sdkstatcache

CreateBuildDirectory /Users/adamkz/look/build/release-local/DerivedData/Build/Products
    cd /Users/adamkz/look/Look.xcodeproj
    builtin-create-build-directory /Users/adamkz/look/build/release-local/DerivedData/Build/Products

CreateBuildDirectory /Users/adamkz/look/build/release-local/DerivedData/Build/Intermediates.noindex
    cd /Users/adamkz/look/Look.xcodeproj
    builtin-create-build-directory /Users/adamkz/look/build/release-local/DerivedData/Build/Intermediates.noindex

CreateBuildDirectory /Users/adamkz/look/build/release-local/DerivedData/Build/Intermediates.noindex/SwiftExplicitPrecompiledModules
    cd /Users/adamkz/look/Look.xcodeproj
    builtin-create-build-directory /Users/adamkz/look/build/release-local/DerivedData/Build/Intermediates.noindex/SwiftExplicitPrecompiledModules

CreateBuildDirectory /Users/adamkz/look/build/release-local/DerivedData/Build/Products/Release
    cd /Users/adamkz/look/Look.xcodeproj
    builtin-create-build-directory /Users/adamkz/look/build/release-local/DerivedData/Build/Products/Release

CreateBuildDirectory /Users/adamkz/look/build/release-local/DerivedData/Build/Intermediates.noindex/ExplicitPrecompiledModules
    cd /Users/adamkz/look/Look.xcodeproj
    builtin-create-build-directory /Users/adamkz/look/build/release-local/DerivedData/Build/Intermediates.noindex/ExplicitPrecompiledModules

WriteAuxiliaryFile /Users/adamkz/look/build/release-local/DerivedData/Build/Intermediates.noindex/Look.build/Release/Look-c3f0a56ea084f757df82bdf40cd5ab63-VFS/all-product-headers.yaml
    cd /Users/adamkz/look/Look.xcodeproj
    write-file /Users/adamkz/look/build/release-local/DerivedData/Build/Intermediates.noindex/Look.build/Release/Look-c3f0a56ea084f757df82bdf40cd5ab63-VFS/all-product-headers.yaml

CreateBuildDirectory /Users/adamkz/look/build/release-local/DerivedData/Build/Intermediates.noindex/EagerLinkingTBDs/Release
    cd /Users/adamkz/look/Look.xcodeproj
    builtin-create-build-directory /Users/adamkz/look/build/release-local/DerivedData/Build/Intermediates.noindex/EagerLinkingTBDs/Release

WriteAuxiliaryFile /Users/adamkz/look/build/release-local/DerivedData/Build/Intermediates.noindex/Look.build/Release/LookData.build/LookData.hmap (in target 'LookData' from project 'Look')
    cd /Users/adamkz/look
    write-file /Users/adamkz/look/build/release-local/DerivedData/Build/Intermediates.noindex/Look.build/Release/LookData.build/LookData.hmap

WriteAuxiliaryFile /Users/adamkz/look/build/release-local/DerivedData/Build/Intermediates.noindex/Look.build/Release/LookPDF.build/module.modulemap (in target 'LookPDF' from project 'Look')
    cd /Users/adamkz/look
    write-file /Users/adamkz/look/build/release-local/DerivedData/Build/Intermediates.noindex/Look.build/Release/LookPDF.build/module.modulemap

WriteAuxiliaryFile /Users/adamkz/look/build/release-local/DerivedData/Build/Intermediates.noindex/Look.build/Release/LookPDF.build/empty-LookPDF.plist (in target 'LookPDF' from project 'Look')
    cd /Users/adamkz/look
    write-file /Users/adamkz/look/build/release-local/DerivedData/Build/Intermediates.noindex/Look.build/Release/LookPDF.build/empty-LookPDF.plist

WriteAuxiliaryFile /Users/adamkz/look/build/release-local/DerivedData/Build/Intermediates.noindex/Look.build/Release/LookPDF.build/Objects-normal/arm64/LookPDF.SwiftFileList (in target 'LookPDF' from project 'Look')
    cd /Users/adamkz/look
    write-file /Users/adamkz/look/build/release-local/DerivedData/Build/Intermediates.noindex/Look.build/Release/LookPDF.build/Objects-normal/arm64/LookPDF.SwiftFileList

WriteAuxiliaryFile /Users/adamkz/look/build/release-local/DerivedData/Build/Intermediates.noindex/Look.build/Release/LookPDF.build/Objects-normal/arm64/LookPDF.SwiftConstValuesFileList (in target 'LookPDF' from project 'Look')
    cd /Users/adamkz/look
    write-file /Users/adamkz/look/build/release-local/DerivedData/Build/Intermediates.noindex/Look.build/Release/LookPDF.build/Objects-normal/arm64/LookPDF.SwiftConstValuesFileList

WriteAuxiliaryFile /Users/adamkz/look/build/release-local/DerivedData/Build/Intermediates.noindex/Look.build/Release/LookPDF.build/Objects-normal/arm64/LookPDF.LinkFileList (in target 'LookPDF' from project 'Look')
    cd /Users/adamkz/look
    write-file /Users/adamkz/look/build/release-local/DerivedData/Build/Intermediates.noindex/Look.build/Release/LookPDF.build/Objects-normal/arm64/LookPDF.LinkFileList

WriteAuxiliaryFile /Users/adamkz/look/build/release-local/DerivedData/Build/Intermediates.noindex/Look.build/Release/LookPDF.build/Objects-normal/arm64/LookPDF_const_extract_protocols.json (in target 'LookPDF' from project 'Look')
    cd /Users/adamkz/look
    write-file /Users/adamkz/look/build/release-local/DerivedData/Build/Intermediates.noindex/Look.build/Release/LookPDF.build/Objects-normal/arm64/LookPDF_const_extract_protocols.json

WriteAuxiliaryFile /Users/adamkz/look/build/release-local/DerivedData/Build/Intermediates.noindex/Look.build/Release/LookPDF.build/LookPDF.hmap (in target 'LookPDF' from project 'Look')
    cd /Users/adamkz/look
    write-file /Users/adamkz/look/build/release-local/DerivedData/Build/Intermediates.noindex/Look.build/Release/LookPDF.build/LookPDF.hmap

WriteAuxiliaryFile /Users/adamkz/look/build/release-local/DerivedData/Build/Intermediates.noindex/Look.build/Release/LookPDF.build/Objects-normal/arm64/LookPDF-OutputFileMap.json (in target 'LookPDF' from project 'Look')
    cd /Users/adamkz/look
    write-file /Users/adamkz/look/build/release-local/DerivedData/Build/Intermediates.noindex/Look.build/Release/LookPDF.build/Objects-normal/arm64/LookPDF-OutputFileMap.json

WriteAuxiliaryFile /Users/adamkz/look/build/release-local/DerivedData/Build/Intermediates.noindex/Look.build/Release/LookPDF.build/Objects-normal/arm64/7187679823f38a2a940e0043cdf9d637-common-args.resp (in target 'LookPDF' from project 'Look')
    cd /Users/adamkz/look
    write-file /Users/adamkz/look/build/release-local/DerivedData/Build/Intermediates.noindex/Look.build/Release/LookPDF.build/Objects-normal/arm64/7187679823f38a2a940e0043cdf9d637-common-args.resp
-target arm64-apple-macos14.0 '-std=gnu11' -fmodules -gmodules '-fmodules-cache-path=/Users/adamkz/look/build/release-local/DerivedData/ModuleCache.noindex' '-fmodule-name=LookPDF' -fpascal-strings -Os -fno-common -isysroot /Applications/Xcode.app/Contents/Developer/Platforms/MacOSX.platform/Developer/SDKs/MacOSX26.2.sdk -g -iquote /Users/adamkz/look/build/release-local/DerivedData/Build/Intermediates.noindex/Look.build/Release/LookPDF.build/LookPDF-generated-files.hmap -I/Users/adamkz/look/build/release-local/DerivedData/Build/Intermediates.noindex/Look.build/Release/LookPDF.build/LookPDF-own-target-headers.hmap -I/Users/adamkz/look/build/release-local/DerivedData/Build/Intermediates.noindex/Look.build/Release/LookPDF.build/LookPDF-all-non-framework-target-headers.hmap -ivfsoverlay /Users/adamkz/look/build/release-local/DerivedData/Build/Intermediates.noindex/Look.build/Release/Look-c3f0a56ea084f757df82bdf40cd5ab63-VFS/all-product-headers.yaml -iquote /Users/adamkz/look/build/release-local/DerivedData/Build/Intermediates.noindex/Look.build/Release/LookPDF.build/LookPDF-project-headers.hmap -I/Users/adamkz/look/build/release-local/DerivedData/Build/Products/Release/include -I/Users/adamkz/look/build/release-local/DerivedData/Build/Intermediates.noindex/Look.build/Release/LookPDF.build/DerivedSources-normal/arm64 -I/Users/adamkz/look/build/release-local/DerivedData/Build/Intermediates.noindex/Look.build/Release/LookPDF.build/DerivedSources/arm64 -I/Users/adamkz/look/build/release-local/DerivedData/Build/Intermediates.noindex/Look.build/Release/LookPDF.build/DerivedSources -F/Users/adamkz/look/build/release-local/DerivedData/Build/Products/Release

WriteAuxiliaryFile /Users/adamkz/look/build/release-local/DerivedData/Build/Intermediates.noindex/Look.build/Release/LookPDF.build/LookPDF.DependencyStaticMetadataFileList (in target 'LookPDF' from project 'Look')
    cd /Users/adamkz/look
    write-file /Users/adamkz/look/build/release-local/DerivedData/Build/Intermediates.noindex/Look.build/Release/LookPDF.build/LookPDF.DependencyStaticMetadataFileList

WriteAuxiliaryFile /Users/adamkz/look/build/release-local/DerivedData/Build/Intermediates.noindex/Look.build/Release/LookPDF.build/LookPDF.DependencyMetadataFileList (in target 'LookPDF' from project 'Look')
    cd /Users/adamkz/look
    write-file /Users/adamkz/look/build/release-local/DerivedData/Build/Intermediates.noindex/Look.build/Release/LookPDF.build/LookPDF.DependencyMetadataFileList

WriteAuxiliaryFile /Users/adamkz/look/build/release-local/DerivedData/Build/Intermediates.noindex/Look.build/Release/LookPDF.build/LookPDF-project-headers.hmap (in target 'LookPDF' from project 'Look')
    cd /Users/adamkz/look
    write-file /Users/adamkz/look/build/release-local/DerivedData/Build/Intermediates.noindex/Look.build/Release/LookPDF.build/LookPDF-project-headers.hmap

WriteAuxiliaryFile /Users/adamkz/look/build/release-local/DerivedData/Build/Intermediates.noindex/Look.build/Release/LookPDF.build/LookPDF-own-target-headers.hmap (in target 'LookPDF' from project 'Look')
    cd /Users/adamkz/look
    write-file /Users/adamkz/look/build/release-local/DerivedData/Build/Intermediates.noindex/Look.build/Release/LookPDF.build/LookPDF-own-target-headers.hmap

WriteAuxiliaryFile /Users/adamkz/look/build/release-local/DerivedData/Build/Intermediates.noindex/Look.build/Release/LookPDF.build/LookPDF-generated-files.hmap (in target 'LookPDF' from project 'Look')
    cd /Users/adamkz/look
    write-file /Users/adamkz/look/build/release-local/DerivedData/Build/Intermediates.noindex/Look.build/Release/LookPDF.build/LookPDF-generated-files.hmap

WriteAuxiliaryFile /Users/adamkz/look/build/release-local/DerivedData/Build/Intermediates.noindex/Look.build/Release/LookPDF.build/LookPDF-diagnostic-filename-map.json (in target 'LookPDF' from project 'Look')
    cd /Users/adamkz/look
    write-file /Users/adamkz/look/build/release-local/DerivedData/Build/Intermediates.noindex/Look.build/Release/LookPDF.build/LookPDF-diagnostic-filename-map.json

WriteAuxiliaryFile /Users/adamkz/look/build/release-local/DerivedData/Build/Intermediates.noindex/Look.build/Release/LookPDF.build/LookPDF-all-target-headers.hmap (in target 'LookPDF' from project 'Look')
    cd /Users/adamkz/look
    write-file /Users/adamkz/look/build/release-local/DerivedData/Build/Intermediates.noindex/Look.build/Release/LookPDF.build/LookPDF-all-target-headers.hmap

WriteAuxiliaryFile /Users/adamkz/look/build/release-local/DerivedData/Build/Intermediates.noindex/Look.build/Release/LookPDF.build/LookPDF-all-non-framework-target-headers.hmap (in target 'LookPDF' from project 'Look')
    cd /Users/adamkz/look
    write-file /Users/adamkz/look/build/release-local/DerivedData/Build/Intermediates.noindex/Look.build/Release/LookPDF.build/LookPDF-all-non-framework-target-headers.hmap

WriteAuxiliaryFile /Users/adamkz/look/build/release-local/DerivedData/Build/Intermediates.noindex/Look.build/Release/LookPDF.build/DerivedSources/LookPDF_vers.c (in target 'LookPDF' from project 'Look')
    cd /Users/adamkz/look
    write-file /Users/adamkz/look/build/release-local/DerivedData/Build/Intermediates.noindex/Look.build/Release/LookPDF.build/DerivedSources/LookPDF_vers.c

WriteAuxiliaryFile /Users/adamkz/look/build/release-local/DerivedData/Build/Intermediates.noindex/Look.build/Release/LookNotes.build/empty-LookNotes.plist (in target 'LookNotes' from project 'Look')
    cd /Users/adamkz/look
    write-file /Users/adamkz/look/build/release-local/DerivedData/Build/Intermediates.noindex/Look.build/Release/LookNotes.build/empty-LookNotes.plist

WriteAuxiliaryFile /Users/adamkz/look/build/release-local/DerivedData/Build/Intermediates.noindex/Look.build/Release/LookNotes.build/module.modulemap (in target 'LookNotes' from project 'Look')
    cd /Users/adamkz/look
    write-file /Users/adamkz/look/build/release-local/DerivedData/Build/Intermediates.noindex/Look.build/Release/LookNotes.build/module.modulemap

Copy /Users/adamkz/look/build/release-local/DerivedData/Build/Products/Release/LookPDF.framework/Versions/A/Modules/module.modulemap /Users/adamkz/look/build/release-local/DerivedData/Build/Intermediates.noindex/Look.build/Release/LookPDF.build/module.modulemap (in target 'LookPDF' from project 'Look')
    cd /Users/adamkz/look
    builtin-copy -exclude .DS_Store -exclude CVS -exclude .svn -exclude .git -exclude .hg -resolve-src-symlinks /Users/adamkz/look/build/release-local/DerivedData/Build/Intermediates.noindex/Look.build/Release/LookPDF.build/module.modulemap /Users/adamkz/look/build/release-local/DerivedData/Build/Products/Release/LookPDF.framework/Versions/A/Modules

WriteAuxiliaryFile /Users/adamkz/look/build/release-local/DerivedData/Build/Intermediates.noindex/Look.build/Release/LookNotes.build/Objects-normal/arm64/LookNotes.SwiftFileList (in target 'LookNotes' from project 'Look')
    cd /Users/adamkz/look
    write-file /Users/adamkz/look/build/release-local/DerivedData/Build/Intermediates.noindex/Look.build/Release/LookNotes.build/Objects-normal/arm64/LookNotes.SwiftFileList

WriteAuxiliaryFile /Users/adamkz/look/build/release-local/DerivedData/Build/Intermediates.noindex/Look.build/Release/LookNotes.build/Objects-normal/arm64/LookNotes_const_extract_protocols.json (in target 'LookNotes' from project 'Look')
    cd /Users/adamkz/look
    write-file /Users/adamkz/look/build/release-local/DerivedData/Build/Intermediates.noindex/Look.build/Release/LookNotes.build/Objects-normal/arm64/LookNotes_const_extract_protocols.json

WriteAuxiliaryFile /Users/adamkz/look/build/release-local/DerivedData/Build/Intermediates.noindex/Look.build/Release/LookNotes.build/Objects-normal/arm64/LookNotes.SwiftConstValuesFileList (in target 'LookNotes' from project 'Look')
    cd /Users/adamkz/look
    write-file /Users/adamkz/look/build/release-local/DerivedData/Build/Intermediates.noindex/Look.build/Release/LookNotes.build/Objects-normal/arm64/LookNotes.SwiftConstValuesFileList

WriteAuxiliaryFile /Users/adamkz/look/build/release-local/DerivedData/Build/Intermediates.noindex/Look.build/Release/LookNotes.build/Objects-normal/arm64/LookNotes.LinkFileList (in target 'LookNotes' from project 'Look')
    cd /Users/adamkz/look
    write-file /Users/adamkz/look/build/release-local/DerivedData/Build/Intermediates.noindex/Look.build/Release/LookNotes.build/Objects-normal/arm64/LookNotes.LinkFileList

WriteAuxiliaryFile /Users/adamkz/look/build/release-local/DerivedData/Build/Intermediates.noindex/Look.build/Release/LookNotes.build/Objects-normal/arm64/LookNotes-OutputFileMap.json (in target 'LookNotes' from project 'Look')
    cd /Users/adamkz/look
    write-file /Users/adamkz/look/build/release-local/DerivedData/Build/Intermediates.noindex/Look.build/Release/LookNotes.build/Objects-normal/arm64/LookNotes-OutputFileMap.json

WriteAuxiliaryFile /Users/adamkz/look/build/release-local/DerivedData/Build/Intermediates.noindex/Look.build/Release/LookNotes.build/Objects-normal/arm64/7187679823f38a2a940e0043cdf9d637-common-args.resp (in target 'LookNotes' from project 'Look')
    cd /Users/adamkz/look
    write-file /Users/adamkz/look/build/release-local/DerivedData/Build/Intermediates.noindex/Look.build/Release/LookNotes.build/Objects-normal/arm64/7187679823f38a2a940e0043cdf9d637-common-args.resp
-target arm64-apple-macos14.0 '-std=gnu11' -fmodules -gmodules '-fmodules-cache-path=/Users/adamkz/look/build/release-local/DerivedData/ModuleCache.noindex' '-fmodule-name=LookNotes' -fpascal-strings -Os -fno-common -isysroot /Applications/Xcode.app/Contents/Developer/Platforms/MacOSX.platform/Developer/SDKs/MacOSX26.2.sdk -g -iquote /Users/adamkz/look/build/release-local/DerivedData/Build/Intermediates.noindex/Look.build/Release/LookNotes.build/LookNotes-generated-files.hmap -I/Users/adamkz/look/build/release-local/DerivedData/Build/Intermediates.noindex/Look.build/Release/LookNotes.build/LookNotes-own-target-headers.hmap -I/Users/adamkz/look/build/release-local/DerivedData/Build/Intermediates.noindex/Look.build/Release/LookNotes.build/LookNotes-all-non-framework-target-headers.hmap -ivfsoverlay /Users/adamkz/look/build/release-local/DerivedData/Build/Intermediates.noindex/Look.build/Release/Look-c3f0a56ea084f757df82bdf40cd5ab63-VFS/all-product-headers.yaml -iquote /Users/adamkz/look/build/release-local/DerivedData/Build/Intermediates.noindex/Look.build/Release/LookNotes.build/LookNotes-project-headers.hmap -I/Users/adamkz/look/build/release-local/DerivedData/Build/Products/Release/include -I/Users/adamkz/look/build/release-local/DerivedData/Build/Intermediates.noindex/Look.build/Release/LookNotes.build/DerivedSources-normal/arm64 -I/Users/adamkz/look/build/release-local/DerivedData/Build/Intermediates.noindex/Look.build/Release/LookNotes.build/DerivedSources/arm64 -I/Users/adamkz/look/build/release-local/DerivedData/Build/Intermediates.noindex/Look.build/Release/LookNotes.build/DerivedSources -F/Users/adamkz/look/build/release-local/DerivedData/Build/Products/Release

WriteAuxiliaryFile /Users/adamkz/look/build/release-local/DerivedData/Build/Intermediates.noindex/Look.build/Release/LookNotes.build/LookNotes.hmap (in target 'LookNotes' from project 'Look')
    cd /Users/adamkz/look
    write-file /Users/adamkz/look/build/release-local/DerivedData/Build/Intermediates.noindex/Look.build/Release/LookNotes.build/LookNotes.hmap

WriteAuxiliaryFile /Users/adamkz/look/build/release-local/DerivedData/Build/Intermediates.noindex/Look.build/Release/LookNotes.build/LookNotes.DependencyStaticMetadataFileList (in target 'LookNotes' from project 'Look')
    cd /Users/adamkz/look
    write-file /Users/adamkz/look/build/release-local/DerivedData/Build/Intermediates.noindex/Look.build/Release/LookNotes.build/LookNotes.DependencyStaticMetadataFileList

WriteAuxiliaryFile /Users/adamkz/look/build/release-local/DerivedData/Build/Intermediates.noindex/Look.build/Release/LookNotes.build/LookNotes.DependencyMetadataFileList (in target 'LookNotes' from project 'Look')
    cd /Users/adamkz/look
    write-file /Users/adamkz/look/build/release-local/DerivedData/Build/Intermediates.noindex/Look.build/Release/LookNotes.build/LookNotes.DependencyMetadataFileList

WriteAuxiliaryFile /Users/adamkz/look/build/release-local/DerivedData/Build/Intermediates.noindex/Look.build/Release/LookNotes.build/LookNotes-project-headers.hmap (in target 'LookNotes' from project 'Look')
    cd /Users/adamkz/look
    write-file /Users/adamkz/look/build/release-local/DerivedData/Build/Intermediates.noindex/Look.build/Release/LookNotes.build/LookNotes-project-headers.hmap

WriteAuxiliaryFile /Users/adamkz/look/build/release-local/DerivedData/Build/Intermediates.noindex/Look.build/Release/LookNotes.build/LookNotes-own-target-headers.hmap (in target 'LookNotes' from project 'Look')
    cd /Users/adamkz/look
    write-file /Users/adamkz/look/build/release-local/DerivedData/Build/Intermediates.noindex/Look.build/Release/LookNotes.build/LookNotes-own-target-headers.hmap

WriteAuxiliaryFile /Users/adamkz/look/build/release-local/DerivedData/Build/Intermediates.noindex/Look.build/Release/LookNotes.build/LookNotes-diagnostic-filename-map.json (in target 'LookNotes' from project 'Look')
    cd /Users/adamkz/look
    write-file /Users/adamkz/look/build/release-local/DerivedData/Build/Intermediates.noindex/Look.build/Release/LookNotes.build/LookNotes-diagnostic-filename-map.json

WriteAuxiliaryFile /Users/adamkz/look/build/release-local/DerivedData/Build/Intermediates.noindex/Look.build/Release/LookNotes.build/LookNotes-generated-files.hmap (in target 'LookNotes' from project 'Look')
    cd /Users/adamkz/look
    write-file /Users/adamkz/look/build/release-local/DerivedData/Build/Intermediates.noindex/Look.build/Release/LookNotes.build/LookNotes-generated-files.hmap

WriteAuxiliaryFile /Users/adamkz/look/build/release-local/DerivedData/Build/Intermediates.noindex/Look.build/Release/LookNotes.build/LookNotes-all-target-headers.hmap (in target 'LookNotes' from project 'Look')
    cd /Users/adamkz/look
    write-file /Users/adamkz/look/build/release-local/DerivedData/Build/Intermediates.noindex/Look.build/Release/LookNotes.build/LookNotes-all-target-headers.hmap

WriteAuxiliaryFile /Users/adamkz/look/build/release-local/DerivedData/Build/Intermediates.noindex/Look.build/Release/LookNotes.build/LookNotes-all-non-framework-target-headers.hmap (in target 'LookNotes' from project 'Look')
    cd /Users/adamkz/look
    write-file /Users/adamkz/look/build/release-local/DerivedData/Build/Intermediates.noindex/Look.build/Release/LookNotes.build/LookNotes-all-non-framework-target-headers.hmap

WriteAuxiliaryFile /Users/adamkz/look/build/release-local/DerivedData/Build/Intermediates.noindex/Look.build/Release/LookNotes.build/DerivedSources/LookNotes_vers.c (in target 'LookNotes' from project 'Look')
    cd /Users/adamkz/look
    write-file /Users/adamkz/look/build/release-local/DerivedData/Build/Intermediates.noindex/Look.build/Release/LookNotes.build/DerivedSources/LookNotes_vers.c

Copy /Users/adamkz/look/build/release-local/DerivedData/Build/Products/Release/LookNotes.framework/Versions/A/Modules/module.modulemap /Users/adamkz/look/build/release-local/DerivedData/Build/Intermediates.noindex/Look.build/Release/LookNotes.build/module.modulemap (in target 'LookNotes' from project 'Look')
    cd /Users/adamkz/look
    builtin-copy -exclude .DS_Store -exclude CVS -exclude .svn -exclude .git -exclude .hg -resolve-src-symlinks /Users/adamkz/look/build/release-local/DerivedData/Build/Intermediates.noindex/Look.build/Release/LookNotes.build/module.modulemap /Users/adamkz/look/build/release-local/DerivedData/Build/Products/Release/LookNotes.framework/Versions/A/Modules

WriteAuxiliaryFile /Users/adamkz/look/build/release-local/DerivedData/Build/Intermediates.noindex/Look.build/Release/LookKit.build/empty-LookKit.plist (in target 'LookKit' from project 'Look')
    cd /Users/adamkz/look
    write-file /Users/adamkz/look/build/release-local/DerivedData/Build/Intermediates.noindex/Look.build/Release/LookKit.build/empty-LookKit.plist

WriteAuxiliaryFile /Users/adamkz/look/build/release-local/DerivedData/Build/Intermediates.noindex/Look.build/Release/LookKit.build/module.modulemap (in target 'LookKit' from project 'Look')
    cd /Users/adamkz/look
    write-file /Users/adamkz/look/build/release-local/DerivedData/Build/Intermediates.noindex/Look.build/Release/LookKit.build/module.modulemap

WriteAuxiliaryFile /Users/adamkz/look/build/release-local/DerivedData/Build/Intermediates.noindex/Look.build/Release/LookKit.build/Objects-normal/arm64/LookKit_const_extract_protocols.json (in target 'LookKit' from project 'Look')
    cd /Users/adamkz/look
    write-file /Users/adamkz/look/build/release-local/DerivedData/Build/Intermediates.noindex/Look.build/Release/LookKit.build/Objects-normal/arm64/LookKit_const_extract_protocols.json

WriteAuxiliaryFile /Users/adamkz/look/build/release-local/DerivedData/Build/Intermediates.noindex/Look.build/Release/LookKit.build/Objects-normal/arm64/LookKit.SwiftFileList (in target 'LookKit' from project 'Look')
    cd /Users/adamkz/look
    write-file /Users/adamkz/look/build/release-local/DerivedData/Build/Intermediates.noindex/Look.build/Release/LookKit.build/Objects-normal/arm64/LookKit.SwiftFileList

WriteAuxiliaryFile /Users/adamkz/look/build/release-local/DerivedData/Build/Intermediates.noindex/Look.build/Release/LookKit.build/Objects-normal/arm64/LookKit.SwiftConstValuesFileList (in target 'LookKit' from project 'Look')
    cd /Users/adamkz/look
    write-file /Users/adamkz/look/build/release-local/DerivedData/Build/Intermediates.noindex/Look.build/Release/LookKit.build/Objects-normal/arm64/LookKit.SwiftConstValuesFileList

WriteAuxiliaryFile /Users/adamkz/look/build/release-local/DerivedData/Build/Intermediates.noindex/Look.build/Release/LookKit.build/Objects-normal/arm64/LookKit.LinkFileList (in target 'LookKit' from project 'Look')
    cd /Users/adamkz/look
    write-file /Users/adamkz/look/build/release-local/DerivedData/Build/Intermediates.noindex/Look.build/Release/LookKit.build/Objects-normal/arm64/LookKit.LinkFileList

WriteAuxiliaryFile /Users/adamkz/look/build/release-local/DerivedData/Build/Intermediates.noindex/Look.build/Release/LookKit.build/Objects-normal/arm64/LookKit-OutputFileMap.json (in target 'LookKit' from project 'Look')
    cd /Users/adamkz/look
    write-file /Users/adamkz/look/build/release-local/DerivedData/Build/Intermediates.noindex/Look.build/Release/LookKit.build/Objects-normal/arm64/LookKit-OutputFileMap.json

WriteAuxiliaryFile /Users/adamkz/look/build/release-local/DerivedData/Build/Intermediates.noindex/Look.build/Release/LookKit.build/Objects-normal/arm64/7187679823f38a2a940e0043cdf9d637-common-args.resp (in target 'LookKit' from project 'Look')
    cd /Users/adamkz/look
    write-file /Users/adamkz/look/build/release-local/DerivedData/Build/Intermediates.noindex/Look.build/Release/LookKit.build/Objects-normal/arm64/7187679823f38a2a940e0043cdf9d637-common-args.resp
-target arm64-apple-macos14.0 '-std=gnu11' -fmodules -gmodules '-fmodules-cache-path=/Users/adamkz/look/build/release-local/DerivedData/ModuleCache.noindex' '-fmodule-name=LookKit' -fpascal-strings -Os -fno-common -isysroot /Applications/Xcode.app/Contents/Developer/Platforms/MacOSX.platform/Developer/SDKs/MacOSX26.2.sdk -g -iquote /Users/adamkz/look/build/release-local/DerivedData/Build/Intermediates.noindex/Look.build/Release/LookKit.build/LookKit-generated-files.hmap -I/Users/adamkz/look/build/release-local/DerivedData/Build/Intermediates.noindex/Look.build/Release/LookKit.build/LookKit-own-target-headers.hmap -I/Users/adamkz/look/build/release-local/DerivedData/Build/Intermediates.noindex/Look.build/Release/LookKit.build/LookKit-all-non-framework-target-headers.hmap -ivfsoverlay /Users/adamkz/look/build/release-local/DerivedData/Build/Intermediates.noindex/Look.build/Release/Look-c3f0a56ea084f757df82bdf40cd5ab63-VFS/all-product-headers.yaml -iquote /Users/adamkz/look/build/release-local/DerivedData/Build/Intermediates.noindex/Look.build/Release/LookKit.build/LookKit-project-headers.hmap -I/Users/adamkz/look/build/release-local/DerivedData/Build/Products/Release/include -I/Users/adamkz/look/build/release-local/DerivedData/Build/Intermediates.noindex/Look.build/Release/LookKit.build/DerivedSources-normal/arm64 -I/Users/adamkz/look/build/release-local/DerivedData/Build/Intermediates.noindex/Look.build/Release/LookKit.build/DerivedSources/arm64 -I/Users/adamkz/look/build/release-local/DerivedData/Build/Intermediates.noindex/Look.build/Release/LookKit.build/DerivedSources -F/Users/adamkz/look/build/release-local/DerivedData/Build/Products/Release

WriteAuxiliaryFile /Users/adamkz/look/build/release-local/DerivedData/Build/Intermediates.noindex/Look.build/Release/LookKit.build/LookKit.hmap (in target 'LookKit' from project 'Look')
    cd /Users/adamkz/look
    write-file /Users/adamkz/look/build/release-local/DerivedData/Build/Intermediates.noindex/Look.build/Release/LookKit.build/LookKit.hmap

WriteAuxiliaryFile /Users/adamkz/look/build/release-local/DerivedData/Build/Intermediates.noindex/Look.build/Release/LookKit.build/LookKit.DependencyStaticMetadataFileList (in target 'LookKit' from project 'Look')
    cd /Users/adamkz/look
    write-file /Users/adamkz/look/build/release-local/DerivedData/Build/Intermediates.noindex/Look.build/Release/LookKit.build/LookKit.DependencyStaticMetadataFileList

WriteAuxiliaryFile /Users/adamkz/look/build/release-local/DerivedData/Build/Intermediates.noindex/Look.build/Release/LookKit.build/LookKit.DependencyMetadataFileList (in target 'LookKit' from project 'Look')
    cd /Users/adamkz/look
    write-file /Users/adamkz/look/build/release-local/DerivedData/Build/Intermediates.noindex/Look.build/Release/LookKit.build/LookKit.DependencyMetadataFileList

WriteAuxiliaryFile /Users/adamkz/look/build/release-local/DerivedData/Build/Intermediates.noindex/Look.build/Release/LookKit.build/LookKit-project-headers.hmap (in target 'LookKit' from project 'Look')
    cd /Users/adamkz/look
    write-file /Users/adamkz/look/build/release-local/DerivedData/Build/Intermediates.noindex/Look.build/Release/LookKit.build/LookKit-project-headers.hmap

WriteAuxiliaryFile /Users/adamkz/look/build/release-local/DerivedData/Build/Intermediates.noindex/Look.build/Release/LookKit.build/LookKit-own-target-headers.hmap (in target 'LookKit' from project 'Look')
    cd /Users/adamkz/look
    write-file /Users/adamkz/look/build/release-local/DerivedData/Build/Intermediates.noindex/Look.build/Release/LookKit.build/LookKit-own-target-headers.hmap

WriteAuxiliaryFile /Users/adamkz/look/build/release-local/DerivedData/Build/Intermediates.noindex/Look.build/Release/LookKit.build/LookKit-generated-files.hmap (in target 'LookKit' from project 'Look')
    cd /Users/adamkz/look
    write-file /Users/adamkz/look/build/release-local/DerivedData/Build/Intermediates.noindex/Look.build/Release/LookKit.build/LookKit-generated-files.hmap

WriteAuxiliaryFile /Users/adamkz/look/build/release-local/DerivedData/Build/Intermediates.noindex/Look.build/Release/LookKit.build/LookKit-diagnostic-filename-map.json (in target 'LookKit' from project 'Look')
    cd /Users/adamkz/look
    write-file /Users/adamkz/look/build/release-local/DerivedData/Build/Intermediates.noindex/Look.build/Release/LookKit.build/LookKit-diagnostic-filename-map.json

WriteAuxiliaryFile /Users/adamkz/look/build/release-local/DerivedData/Build/Intermediates.noindex/Look.build/Release/LookKit.build/LookKit-all-target-headers.hmap (in target 'LookKit' from project 'Look')
    cd /Users/adamkz/look
    write-file /Users/adamkz/look/build/release-local/DerivedData/Build/Intermediates.noindex/Look.build/Release/LookKit.build/LookKit-all-target-headers.hmap

WriteAuxiliaryFile /Users/adamkz/look/build/release-local/DerivedData/Build/Intermediates.noindex/Look.build/Release/LookKit.build/LookKit-all-non-framework-target-headers.hmap (in target 'LookKit' from project 'Look')
    cd /Users/adamkz/look
    write-file /Users/adamkz/look/build/release-local/DerivedData/Build/Intermediates.noindex/Look.build/Release/LookKit.build/LookKit-all-non-framework-target-headers.hmap

WriteAuxiliaryFile /Users/adamkz/look/build/release-local/DerivedData/Build/Intermediates.noindex/Look.build/Release/LookKit.build/DerivedSources/LookKit_vers.c (in target 'LookKit' from project 'Look')
    cd /Users/adamkz/look
    write-file /Users/adamkz/look/build/release-local/DerivedData/Build/Intermediates.noindex/Look.build/Release/LookKit.build/DerivedSources/LookKit_vers.c

WriteAuxiliaryFile /Users/adamkz/look/build/release-local/DerivedData/Build/Intermediates.noindex/Look.build/Release/LookData.build/module.modulemap (in target 'LookData' from project 'Look')
    cd /Users/adamkz/look
    write-file /Users/adamkz/look/build/release-local/DerivedData/Build/Intermediates.noindex/Look.build/Release/LookData.build/module.modulemap

Copy /Users/adamkz/look/build/release-local/DerivedData/Build/Products/Release/LookKit.framework/Versions/A/Modules/module.modulemap /Users/adamkz/look/build/release-local/DerivedData/Build/Intermediates.noindex/Look.build/Release/LookKit.build/module.modulemap (in target 'LookKit' from project 'Look')
    cd /Users/adamkz/look
    builtin-copy -exclude .DS_Store -exclude CVS -exclude .svn -exclude .git -exclude .hg -resolve-src-symlinks /Users/adamkz/look/build/release-local/DerivedData/Build/Intermediates.noindex/Look.build/Release/LookKit.build/module.modulemap /Users/adamkz/look/build/release-local/DerivedData/Build/Products/Release/LookKit.framework/Versions/A/Modules

WriteAuxiliaryFile /Users/adamkz/look/build/release-local/DerivedData/Build/Intermediates.noindex/Look.build/Release/LookData.build/empty-LookData.plist (in target 'LookData' from project 'Look')
    cd /Users/adamkz/look
    write-file /Users/adamkz/look/build/release-local/DerivedData/Build/Intermediates.noindex/Look.build/Release/LookData.build/empty-LookData.plist

WriteAuxiliaryFile /Users/adamkz/look/build/release-local/DerivedData/Build/Intermediates.noindex/Look.build/Release/LookData.build/Objects-normal/arm64/LookData_const_extract_protocols.json (in target 'LookData' from project 'Look')
    cd /Users/adamkz/look
    write-file /Users/adamkz/look/build/release-local/DerivedData/Build/Intermediates.noindex/Look.build/Release/LookData.build/Objects-normal/arm64/LookData_const_extract_protocols.json

WriteAuxiliaryFile /Users/adamkz/look/build/release-local/DerivedData/Build/Intermediates.noindex/Look.build/Release/LookData.build/Objects-normal/arm64/LookData.SwiftFileList (in target 'LookData' from project 'Look')
    cd /Users/adamkz/look
    write-file /Users/adamkz/look/build/release-local/DerivedData/Build/Intermediates.noindex/Look.build/Release/LookData.build/Objects-normal/arm64/LookData.SwiftFileList

WriteAuxiliaryFile /Users/adamkz/look/build/release-local/DerivedData/Build/Intermediates.noindex/Look.build/Release/LookData.build/Objects-normal/arm64/LookData.SwiftConstValuesFileList (in target 'LookData' from project 'Look')
    cd /Users/adamkz/look
    write-file /Users/adamkz/look/build/release-local/DerivedData/Build/Intermediates.noindex/Look.build/Release/LookData.build/Objects-normal/arm64/LookData.SwiftConstValuesFileList

WriteAuxiliaryFile /Users/adamkz/look/build/release-local/DerivedData/Build/Intermediates.noindex/Look.build/Release/LookData.build/Objects-normal/arm64/LookData.LinkFileList (in target 'LookData' from project 'Look')
    cd /Users/adamkz/look
    write-file /Users/adamkz/look/build/release-local/DerivedData/Build/Intermediates.noindex/Look.build/Release/LookData.build/Objects-normal/arm64/LookData.LinkFileList

WriteAuxiliaryFile /Users/adamkz/look/build/release-local/DerivedData/Build/Intermediates.noindex/Look.build/Release/LookData.build/Objects-normal/arm64/LookData-OutputFileMap.json (in target 'LookData' from project 'Look')
    cd /Users/adamkz/look
    write-file /Users/adamkz/look/build/release-local/DerivedData/Build/Intermediates.noindex/Look.build/Release/LookData.build/Objects-normal/arm64/LookData-OutputFileMap.json

WriteAuxiliaryFile /Users/adamkz/look/build/release-local/DerivedData/Build/Intermediates.noindex/Look.build/Release/LookData.build/Objects-normal/arm64/7187679823f38a2a940e0043cdf9d637-common-args.resp (in target 'LookData' from project 'Look')
    cd /Users/adamkz/look
    write-file /Users/adamkz/look/build/release-local/DerivedData/Build/Intermediates.noindex/Look.build/Release/LookData.build/Objects-normal/arm64/7187679823f38a2a940e0043cdf9d637-common-args.resp
-target arm64-apple-macos14.0 '-std=gnu11' -fmodules -gmodules '-fmodules-cache-path=/Users/adamkz/look/build/release-local/DerivedData/ModuleCache.noindex' '-fmodule-name=LookData' -fpascal-strings -Os -fno-common -isysroot /Applications/Xcode.app/Contents/Developer/Platforms/MacOSX.platform/Developer/SDKs/MacOSX26.2.sdk -g -iquote /Users/adamkz/look/build/release-local/DerivedData/Build/Intermediates.noindex/Look.build/Release/LookData.build/LookData-generated-files.hmap -I/Users/adamkz/look/build/release-local/DerivedData/Build/Intermediates.noindex/Look.build/Release/LookData.build/LookData-own-target-headers.hmap -I/Users/adamkz/look/build/release-local/DerivedData/Build/Intermediates.noindex/Look.build/Release/LookData.build/LookData-all-non-framework-target-headers.hmap -ivfsoverlay /Users/adamkz/look/build/release-local/DerivedData/Build/Intermediates.noindex/Look.build/Release/Look-c3f0a56ea084f757df82bdf40cd5ab63-VFS/all-product-headers.yaml -iquote /Users/adamkz/look/build/release-local/DerivedData/Build/Intermediates.noindex/Look.build/Release/LookData.build/LookData-project-headers.hmap -I/Users/adamkz/look/build/release-local/DerivedData/Build/Products/Release/include -I/Users/adamkz/look/build/release-local/DerivedData/Build/Intermediates.noindex/Look.build/Release/LookData.build/DerivedSources-normal/arm64 -I/Users/adamkz/look/build/release-local/DerivedData/Build/Intermediates.noindex/Look.build/Release/LookData.build/DerivedSources/arm64 -I/Users/adamkz/look/build/release-local/DerivedData/Build/Intermediates.noindex/Look.build/Release/LookData.build/DerivedSources -F/Users/adamkz/look/build/release-local/DerivedData/Build/Products/Release

WriteAuxiliaryFile /Users/adamkz/look/build/release-local/DerivedData/Build/Intermediates.noindex/Look.build/Release/LookData.build/LookData.DependencyStaticMetadataFileList (in target 'LookData' from project 'Look')
    cd /Users/adamkz/look
    write-file /Users/adamkz/look/build/release-local/DerivedData/Build/Intermediates.noindex/Look.build/Release/LookData.build/LookData.DependencyStaticMetadataFileList

WriteAuxiliaryFile /Users/adamkz/look/build/release-local/DerivedData/Build/Intermediates.noindex/Look.build/Release/LookData.build/LookData.DependencyMetadataFileList (in target 'LookData' from project 'Look')
    cd /Users/adamkz/look
    write-file /Users/adamkz/look/build/release-local/DerivedData/Build/Intermediates.noindex/Look.build/Release/LookData.build/LookData.DependencyMetadataFileList

WriteAuxiliaryFile /Users/adamkz/look/build/release-local/DerivedData/Build/Intermediates.noindex/Look.build/Release/LookData.build/LookData-project-headers.hmap (in target 'LookData' from project 'Look')
    cd /Users/adamkz/look
    write-file /Users/adamkz/look/build/release-local/DerivedData/Build/Intermediates.noindex/Look.build/Release/LookData.build/LookData-project-headers.hmap

WriteAuxiliaryFile /Users/adamkz/look/build/release-local/DerivedData/Build/Intermediates.noindex/Look.build/Release/LookData.build/LookData-own-target-headers.hmap (in target 'LookData' from project 'Look')
    cd /Users/adamkz/look
    write-file /Users/adamkz/look/build/release-local/DerivedData/Build/Intermediates.noindex/Look.build/Release/LookData.build/LookData-own-target-headers.hmap

WriteAuxiliaryFile /Users/adamkz/look/build/release-local/DerivedData/Build/Intermediates.noindex/Look.build/Release/LookData.build/LookData-generated-files.hmap (in target 'LookData' from project 'Look')
    cd /Users/adamkz/look
    write-file /Users/adamkz/look/build/release-local/DerivedData/Build/Intermediates.noindex/Look.build/Release/LookData.build/LookData-generated-files.hmap

WriteAuxiliaryFile /Users/adamkz/look/build/release-local/DerivedData/Build/Intermediates.noindex/Look.build/Release/LookData.build/LookData-diagnostic-filename-map.json (in target 'LookData' from project 'Look')
    cd /Users/adamkz/look
    write-file /Users/adamkz/look/build/release-local/DerivedData/Build/Intermediates.noindex/Look.build/Release/LookData.build/LookData-diagnostic-filename-map.json

WriteAuxiliaryFile /Users/adamkz/look/build/release-local/DerivedData/Build/Intermediates.noindex/Look.build/Release/LookData.build/LookData-all-target-headers.hmap (in target 'LookData' from project 'Look')
    cd /Users/adamkz/look
    write-file /Users/adamkz/look/build/release-local/DerivedData/Build/Intermediates.noindex/Look.build/Release/LookData.build/LookData-all-target-headers.hmap

WriteAuxiliaryFile /Users/adamkz/look/build/release-local/DerivedData/Build/Intermediates.noindex/Look.build/Release/LookData.build/LookData-all-non-framework-target-headers.hmap (in target 'LookData' from project 'Look')
    cd /Users/adamkz/look
    write-file /Users/adamkz/look/build/release-local/DerivedData/Build/Intermediates.noindex/Look.build/Release/LookData.build/LookData-all-non-framework-target-headers.hmap

WriteAuxiliaryFile /Users/adamkz/look/build/release-local/DerivedData/Build/Intermediates.noindex/Look.build/Release/LookData.build/DerivedSources/LookData_vers.c (in target 'LookData' from project 'Look')
    cd /Users/adamkz/look
    write-file /Users/adamkz/look/build/release-local/DerivedData/Build/Intermediates.noindex/Look.build/Release/LookData.build/DerivedSources/LookData_vers.c

Copy /Users/adamkz/look/build/release-local/DerivedData/Build/Products/Release/LookData.framework/Versions/A/Modules/module.modulemap /Users/adamkz/look/build/release-local/DerivedData/Build/Intermediates.noindex/Look.build/Release/LookData.build/module.modulemap (in target 'LookData' from project 'Look')
    cd /Users/adamkz/look
    builtin-copy -exclude .DS_Store -exclude CVS -exclude .svn -exclude .git -exclude .hg -resolve-src-symlinks /Users/adamkz/look/build/release-local/DerivedData/Build/Intermediates.noindex/Look.build/Release/LookData.build/module.modulemap /Users/adamkz/look/build/release-local/DerivedData/Build/Products/Release/LookData.framework/Versions/A/Modules

WriteAuxiliaryFile /Users/adamkz/look/build/release-local/DerivedData/Build/Intermediates.noindex/Look.build/Release/LookAutomation.build/module.modulemap (in target 'LookAutomation' from project 'Look')
    cd /Users/adamkz/look
    write-file /Users/adamkz/look/build/release-local/DerivedData/Build/Intermediates.noindex/Look.build/Release/LookAutomation.build/module.modulemap

WriteAuxiliaryFile /Users/adamkz/look/build/release-local/DerivedData/Build/Intermediates.noindex/Look.build/Release/LookAutomation.build/empty-LookAutomation.plist (in target 'LookAutomation' from project 'Look')
    cd /Users/adamkz/look
    write-file /Users/adamkz/look/build/release-local/DerivedData/Build/Intermediates.noindex/Look.build/Release/LookAutomation.build/empty-LookAutomation.plist

WriteAuxiliaryFile /Users/adamkz/look/build/release-local/DerivedData/Build/Intermediates.noindex/Look.build/Release/LookAutomation.build/Objects-normal/arm64/LookAutomation_const_extract_protocols.json (in target 'LookAutomation' from project 'Look')
    cd /Users/adamkz/look
    write-file /Users/adamkz/look/build/release-local/DerivedData/Build/Intermediates.noindex/Look.build/Release/LookAutomation.build/Objects-normal/arm64/LookAutomation_const_extract_protocols.json

WriteAuxiliaryFile /Users/adamkz/look/build/release-local/DerivedData/Build/Intermediates.noindex/Look.build/Release/LookAutomation.build/Objects-normal/arm64/LookAutomation.SwiftFileList (in target 'LookAutomation' from project 'Look')
    cd /Users/adamkz/look
    write-file /Users/adamkz/look/build/release-local/DerivedData/Build/Intermediates.noindex/Look.build/Release/LookAutomation.build/Objects-normal/arm64/LookAutomation.SwiftFileList

WriteAuxiliaryFile /Users/adamkz/look/build/release-local/DerivedData/Build/Intermediates.noindex/Look.build/Release/LookAutomation.build/Objects-normal/arm64/LookAutomation.SwiftConstValuesFileList (in target 'LookAutomation' from project 'Look')
    cd /Users/adamkz/look
    write-file /Users/adamkz/look/build/release-local/DerivedData/Build/Intermediates.noindex/Look.build/Release/LookAutomation.build/Objects-normal/arm64/LookAutomation.SwiftConstValuesFileList

WriteAuxiliaryFile /Users/adamkz/look/build/release-local/DerivedData/Build/Intermediates.noindex/Look.build/Release/LookAutomation.build/Objects-normal/arm64/LookAutomation.LinkFileList (in target 'LookAutomation' from project 'Look')
    cd /Users/adamkz/look
    write-file /Users/adamkz/look/build/release-local/DerivedData/Build/Intermediates.noindex/Look.build/Release/LookAutomation.build/Objects-normal/arm64/LookAutomation.LinkFileList

WriteAuxiliaryFile /Users/adamkz/look/build/release-local/DerivedData/Build/Intermediates.noindex/Look.build/Release/LookAutomation.build/Objects-normal/arm64/LookAutomation-OutputFileMap.json (in target 'LookAutomation' from project 'Look')
    cd /Users/adamkz/look
    write-file /Users/adamkz/look/build/release-local/DerivedData/Build/Intermediates.noindex/Look.build/Release/LookAutomation.build/Objects-normal/arm64/LookAutomation-OutputFileMap.json

WriteAuxiliaryFile /Users/adamkz/look/build/release-local/DerivedData/Build/Intermediates.noindex/Look.build/Release/LookAutomation.build/Objects-normal/arm64/7187679823f38a2a940e0043cdf9d637-common-args.resp (in target 'LookAutomation' from project 'Look')
    cd /Users/adamkz/look
    write-file /Users/adamkz/look/build/release-local/DerivedData/Build/Intermediates.noindex/Look.build/Release/LookAutomation.build/Objects-normal/arm64/7187679823f38a2a940e0043cdf9d637-common-args.resp
-target arm64-apple-macos14.0 '-std=gnu11' -fmodules -gmodules '-fmodules-cache-path=/Users/adamkz/look/build/release-local/DerivedData/ModuleCache.noindex' '-fmodule-name=LookAutomation' -fpascal-strings -Os -fno-common -isysroot /Applications/Xcode.app/Contents/Developer/Platforms/MacOSX.platform/Developer/SDKs/MacOSX26.2.sdk -g -iquote /Users/adamkz/look/build/release-local/DerivedData/Build/Intermediates.noindex/Look.build/Release/LookAutomation.build/LookAutomation-generated-files.hmap -I/Users/adamkz/look/build/release-local/DerivedData/Build/Intermediates.noindex/Look.build/Release/LookAutomation.build/LookAutomation-own-target-headers.hmap -I/Users/adamkz/look/build/release-local/DerivedData/Build/Intermediates.noindex/Look.build/Release/LookAutomation.build/LookAutomation-all-non-framework-target-headers.hmap -ivfsoverlay /Users/adamkz/look/build/release-local/DerivedData/Build/Intermediates.noindex/Look.build/Release/Look-c3f0a56ea084f757df82bdf40cd5ab63-VFS/all-product-headers.yaml -iquote /Users/adamkz/look/build/release-local/DerivedData/Build/Intermediates.noindex/Look.build/Release/LookAutomation.build/LookAutomation-project-headers.hmap -I/Users/adamkz/look/build/release-local/DerivedData/Build/Products/Release/include -I/Users/adamkz/look/build/release-local/DerivedData/Build/Intermediates.noindex/Look.build/Release/LookAutomation.build/DerivedSources-normal/arm64 -I/Users/adamkz/look/build/release-local/DerivedData/Build/Intermediates.noindex/Look.build/Release/LookAutomation.build/DerivedSources/arm64 -I/Users/adamkz/look/build/release-local/DerivedData/Build/Intermediates.noindex/Look.build/Release/LookAutomation.build/DerivedSources -F/Users/adamkz/look/build/release-local/DerivedData/Build/Products/Release

WriteAuxiliaryFile /Users/adamkz/look/build/release-local/DerivedData/Build/Intermediates.noindex/Look.build/Release/LookAutomation.build/LookAutomation.hmap (in target 'LookAutomation' from project 'Look')
    cd /Users/adamkz/look
    write-file /Users/adamkz/look/build/release-local/DerivedData/Build/Intermediates.noindex/Look.build/Release/LookAutomation.build/LookAutomation.hmap

WriteAuxiliaryFile /Users/adamkz/look/build/release-local/DerivedData/Build/Intermediates.noindex/Look.build/Release/LookAutomation.build/LookAutomation.DependencyStaticMetadataFileList (in target 'LookAutomation' from project 'Look')
    cd /Users/adamkz/look
    write-file /Users/adamkz/look/build/release-local/DerivedData/Build/Intermediates.noindex/Look.build/Release/LookAutomation.build/LookAutomation.DependencyStaticMetadataFileList

WriteAuxiliaryFile /Users/adamkz/look/build/release-local/DerivedData/Build/Intermediates.noindex/Look.build/Release/LookAutomation.build/LookAutomation.DependencyMetadataFileList (in target 'LookAutomation' from project 'Look')
    cd /Users/adamkz/look
    write-file /Users/adamkz/look/build/release-local/DerivedData/Build/Intermediates.noindex/Look.build/Release/LookAutomation.build/LookAutomation.DependencyMetadataFileList

WriteAuxiliaryFile /Users/adamkz/look/build/release-local/DerivedData/Build/Intermediates.noindex/Look.build/Release/LookAutomation.build/LookAutomation-project-headers.hmap (in target 'LookAutomation' from project 'Look')
    cd /Users/adamkz/look
    write-file /Users/adamkz/look/build/release-local/DerivedData/Build/Intermediates.noindex/Look.build/Release/LookAutomation.build/LookAutomation-project-headers.hmap

WriteAuxiliaryFile /Users/adamkz/look/build/release-local/DerivedData/Build/Intermediates.noindex/Look.build/Release/LookAutomation.build/LookAutomation-own-target-headers.hmap (in target 'LookAutomation' from project 'Look')
    cd /Users/adamkz/look
    write-file /Users/adamkz/look/build/release-local/DerivedData/Build/Intermediates.noindex/Look.build/Release/LookAutomation.build/LookAutomation-own-target-headers.hmap

WriteAuxiliaryFile /Users/adamkz/look/build/release-local/DerivedData/Build/Intermediates.noindex/Look.build/Release/LookAutomation.build/LookAutomation-generated-files.hmap (in target 'LookAutomation' from project 'Look')
    cd /Users/adamkz/look
    write-file /Users/adamkz/look/build/release-local/DerivedData/Build/Intermediates.noindex/Look.build/Release/LookAutomation.build/LookAutomation-generated-files.hmap

WriteAuxiliaryFile /Users/adamkz/look/build/release-local/DerivedData/Build/Intermediates.noindex/Look.build/Release/LookAutomation.build/LookAutomation-diagnostic-filename-map.json (in target 'LookAutomation' from project 'Look')
    cd /Users/adamkz/look
    write-file /Users/adamkz/look/build/release-local/DerivedData/Build/Intermediates.noindex/Look.build/Release/LookAutomation.build/LookAutomation-diagnostic-filename-map.json

WriteAuxiliaryFile /Users/adamkz/look/build/release-local/DerivedData/Build/Intermediates.noindex/Look.build/Release/LookAutomation.build/LookAutomation-all-target-headers.hmap (in target 'LookAutomation' from project 'Look')
    cd /Users/adamkz/look
    write-file /Users/adamkz/look/build/release-local/DerivedData/Build/Intermediates.noindex/Look.build/Release/LookAutomation.build/LookAutomation-all-target-headers.hmap

WriteAuxiliaryFile /Users/adamkz/look/build/release-local/DerivedData/Build/Intermediates.noindex/Look.build/Release/LookAutomation.build/LookAutomation-all-non-framework-target-headers.hmap (in target 'LookAutomation' from project 'Look')
    cd /Users/adamkz/look
    write-file /Users/adamkz/look/build/release-local/DerivedData/Build/Intermediates.noindex/Look.build/Release/LookAutomation.build/LookAutomation-all-non-framework-target-headers.hmap

WriteAuxiliaryFile /Users/adamkz/look/build/release-local/DerivedData/Build/Intermediates.noindex/Look.build/Release/LookAutomation.build/DerivedSources/LookAutomation_vers.c (in target 'LookAutomation' from project 'Look')
    cd /Users/adamkz/look
    write-file /Users/adamkz/look/build/release-local/DerivedData/Build/Intermediates.noindex/Look.build/Release/LookAutomation.build/DerivedSources/LookAutomation_vers.c

WriteAuxiliaryFile /Users/adamkz/look/build/release-local/DerivedData/Build/Intermediates.noindex/Look.build/Release/LookApp.build/Objects-normal/arm64/LookApp_const_extract_protocols.json (in target 'LookApp' from project 'Look')
    cd /Users/adamkz/look
    write-file /Users/adamkz/look/build/release-local/DerivedData/Build/Intermediates.noindex/Look.build/Release/LookApp.build/Objects-normal/arm64/LookApp_const_extract_protocols.json

WriteAuxiliaryFile /Users/adamkz/look/build/release-local/DerivedData/Build/Intermediates.noindex/Look.build/Release/LookApp.build/Objects-normal/arm64/LookApp.SwiftFileList (in target 'LookApp' from project 'Look')
    cd /Users/adamkz/look
    write-file /Users/adamkz/look/build/release-local/DerivedData/Build/Intermediates.noindex/Look.build/Release/LookApp.build/Objects-normal/arm64/LookApp.SwiftFileList

Copy /Users/adamkz/look/build/release-local/DerivedData/Build/Products/Release/LookAutomation.framework/Versions/A/Modules/module.modulemap /Users/adamkz/look/build/release-local/DerivedData/Build/Intermediates.noindex/Look.build/Release/LookAutomation.build/module.modulemap (in target 'LookAutomation' from project 'Look')
    cd /Users/adamkz/look
    builtin-copy -exclude .DS_Store -exclude CVS -exclude .svn -exclude .git -exclude .hg -resolve-src-symlinks /Users/adamkz/look/build/release-local/DerivedData/Build/Intermediates.noindex/Look.build/Release/LookAutomation.build/module.modulemap /Users/adamkz/look/build/release-local/DerivedData/Build/Products/Release/LookAutomation.framework/Versions/A/Modules

WriteAuxiliaryFile /Users/adamkz/look/build/release-local/DerivedData/Build/Intermediates.noindex/Look.build/Release/LookApp.build/Objects-normal/arm64/LookApp.LinkFileList (in target 'LookApp' from project 'Look')
    cd /Users/adamkz/look
    write-file /Users/adamkz/look/build/release-local/DerivedData/Build/Intermediates.noindex/Look.build/Release/LookApp.build/Objects-normal/arm64/LookApp.LinkFileList

WriteAuxiliaryFile /Users/adamkz/look/build/release-local/DerivedData/Build/Intermediates.noindex/Look.build/Release/LookApp.build/Objects-normal/arm64/LookApp.SwiftConstValuesFileList (in target 'LookApp' from project 'Look')
    cd /Users/adamkz/look
    write-file /Users/adamkz/look/build/release-local/DerivedData/Build/Intermediates.noindex/Look.build/Release/LookApp.build/Objects-normal/arm64/LookApp.SwiftConstValuesFileList

WriteAuxiliaryFile /Users/adamkz/look/build/release-local/DerivedData/Build/Intermediates.noindex/Look.build/Release/LookApp.build/Objects-normal/arm64/LookApp-OutputFileMap.json (in target 'LookApp' from project 'Look')
    cd /Users/adamkz/look
    write-file /Users/adamkz/look/build/release-local/DerivedData/Build/Intermediates.noindex/Look.build/Release/LookApp.build/Objects-normal/arm64/LookApp-OutputFileMap.json

WriteAuxiliaryFile /Users/adamkz/look/build/release-local/DerivedData/Build/Intermediates.noindex/Look.build/Release/LookApp.build/LookApp.hmap (in target 'LookApp' from project 'Look')
    cd /Users/adamkz/look
    write-file /Users/adamkz/look/build/release-local/DerivedData/Build/Intermediates.noindex/Look.build/Release/LookApp.build/LookApp.hmap

WriteAuxiliaryFile /Users/adamkz/look/build/release-local/DerivedData/Build/Intermediates.noindex/Look.build/Release/LookApp.build/LookApp.DependencyStaticMetadataFileList (in target 'LookApp' from project 'Look')
    cd /Users/adamkz/look
    write-file /Users/adamkz/look/build/release-local/DerivedData/Build/Intermediates.noindex/Look.build/Release/LookApp.build/LookApp.DependencyStaticMetadataFileList

WriteAuxiliaryFile /Users/adamkz/look/build/release-local/DerivedData/Build/Intermediates.noindex/Look.build/Release/LookApp.build/LookApp.DependencyMetadataFileList (in target 'LookApp' from project 'Look')
    cd /Users/adamkz/look
    write-file /Users/adamkz/look/build/release-local/DerivedData/Build/Intermediates.noindex/Look.build/Release/LookApp.build/LookApp.DependencyMetadataFileList

WriteAuxiliaryFile /Users/adamkz/look/build/release-local/DerivedData/Build/Intermediates.noindex/Look.build/Release/LookApp.build/LookApp-project-headers.hmap (in target 'LookApp' from project 'Look')
    cd /Users/adamkz/look
    write-file /Users/adamkz/look/build/release-local/DerivedData/Build/Intermediates.noindex/Look.build/Release/LookApp.build/LookApp-project-headers.hmap

WriteAuxiliaryFile /Users/adamkz/look/build/release-local/DerivedData/Build/Intermediates.noindex/Look.build/Release/LookApp.build/LookApp-own-target-headers.hmap (in target 'LookApp' from project 'Look')
    cd /Users/adamkz/look
    write-file /Users/adamkz/look/build/release-local/DerivedData/Build/Intermediates.noindex/Look.build/Release/LookApp.build/LookApp-own-target-headers.hmap

WriteAuxiliaryFile /Users/adamkz/look/build/release-local/DerivedData/Build/Intermediates.noindex/Look.build/Release/LookApp.build/LookApp-all-non-framework-target-headers.hmap (in target 'LookApp' from project 'Look')
    cd /Users/adamkz/look
    write-file /Users/adamkz/look/build/release-local/DerivedData/Build/Intermediates.noindex/Look.build/Release/LookApp.build/LookApp-all-non-framework-target-headers.hmap

WriteAuxiliaryFile /Users/adamkz/look/build/release-local/DerivedData/Build/Intermediates.noindex/Look.build/Release/LookApp.build/LookApp-all-target-headers.hmap (in target 'LookApp' from project 'Look')
    cd /Users/adamkz/look
    write-file /Users/adamkz/look/build/release-local/DerivedData/Build/Intermediates.noindex/Look.build/Release/LookApp.build/LookApp-all-target-headers.hmap

SymLink /Users/adamkz/look/build/release-local/DerivedData/Build/Products/Release/LookPDF.framework/Versions/Current A (in target 'LookPDF' from project 'Look')
    cd /Users/adamkz/look
    /bin/ln -sfh A /Users/adamkz/look/build/release-local/DerivedData/Build/Products/Release/LookPDF.framework/Versions/Current

WriteAuxiliaryFile /Users/adamkz/look/build/release-local/DerivedData/Build/Intermediates.noindex/Look.build/Release/LookApp.build/LookApp-generated-files.hmap (in target 'LookApp' from project 'Look')
    cd /Users/adamkz/look
    write-file /Users/adamkz/look/build/release-local/DerivedData/Build/Intermediates.noindex/Look.build/Release/LookApp.build/LookApp-generated-files.hmap

SymLink /Users/adamkz/look/build/release-local/DerivedData/Build/Products/Release/LookPDF.framework/Resources Versions/Current/Resources (in target 'LookPDF' from project 'Look')
    cd /Users/adamkz/look
    /bin/ln -sfh Versions/Current/Resources /Users/adamkz/look/build/release-local/DerivedData/Build/Products/Release/LookPDF.framework/Resources

SymLink /Users/adamkz/look/build/release-local/DerivedData/Build/Products/Release/LookPDF.framework/Modules Versions/Current/Modules (in target 'LookPDF' from project 'Look')
    cd /Users/adamkz/look
    /bin/ln -sfh Versions/Current/Modules /Users/adamkz/look/build/release-local/DerivedData/Build/Products/Release/LookPDF.framework/Modules

SymLink /Users/adamkz/look/build/release-local/DerivedData/Build/Products/Release/LookPDF.framework/LookPDF Versions/Current/LookPDF (in target 'LookPDF' from project 'Look')
    cd /Users/adamkz/look
    /bin/ln -sfh Versions/Current/LookPDF /Users/adamkz/look/build/release-local/DerivedData/Build/Products/Release/LookPDF.framework/LookPDF

SymLink /Users/adamkz/look/build/release-local/DerivedData/Build/Products/Release/LookPDF.framework/Headers Versions/Current/Headers (in target 'LookPDF' from project 'Look')
    cd /Users/adamkz/look
    /bin/ln -sfh Versions/Current/Headers /Users/adamkz/look/build/release-local/DerivedData/Build/Products/Release/LookPDF.framework/Headers

MkDir /Users/adamkz/look/build/release-local/DerivedData/Build/Products/Release/LookPDF.framework/Versions/A/Resources (in target 'LookPDF' from project 'Look')
    cd /Users/adamkz/look
    /bin/mkdir -p /Users/adamkz/look/build/release-local/DerivedData/Build/Products/Release/LookPDF.framework/Versions/A/Resources

MkDir /Users/adamkz/look/build/release-local/DerivedData/Build/Products/Release/LookPDF.framework/Versions/A/Headers (in target 'LookPDF' from project 'Look')
    cd /Users/adamkz/look
    /bin/mkdir -p /Users/adamkz/look/build/release-local/DerivedData/Build/Products/Release/LookPDF.framework/Versions/A/Headers

MkDir /Users/adamkz/look/build/release-local/DerivedData/Build/Products/Release/LookPDF.framework/Versions/A (in target 'LookPDF' from project 'Look')
    cd /Users/adamkz/look
    /bin/mkdir -p /Users/adamkz/look/build/release-local/DerivedData/Build/Products/Release/LookPDF.framework/Versions/A

MkDir /Users/adamkz/look/build/release-local/DerivedData/Build/Products/Release/LookPDF.framework/Versions (in target 'LookPDF' from project 'Look')
    cd /Users/adamkz/look
    /bin/mkdir -p /Users/adamkz/look/build/release-local/DerivedData/Build/Products/Release/LookPDF.framework/Versions

MkDir /Users/adamkz/look/build/release-local/DerivedData/Build/Products/Release/LookPDF.framework (in target 'LookPDF' from project 'Look')
    cd /Users/adamkz/look
    /bin/mkdir -p /Users/adamkz/look/build/release-local/DerivedData/Build/Products/Release/LookPDF.framework

SymLink /Users/adamkz/look/build/release-local/DerivedData/Build/Products/Release/LookNotes.framework/Versions/Current A (in target 'LookNotes' from project 'Look')
    cd /Users/adamkz/look
    /bin/ln -sfh A /Users/adamkz/look/build/release-local/DerivedData/Build/Products/Release/LookNotes.framework/Versions/Current

SymLink /Users/adamkz/look/build/release-local/DerivedData/Build/Products/Release/LookNotes.framework/Resources Versions/Current/Resources (in target 'LookNotes' from project 'Look')
    cd /Users/adamkz/look
    /bin/ln -sfh Versions/Current/Resources /Users/adamkz/look/build/release-local/DerivedData/Build/Products/Release/LookNotes.framework/Resources

SymLink /Users/adamkz/look/build/release-local/DerivedData/Build/Products/Release/LookNotes.framework/Modules Versions/Current/Modules (in target 'LookNotes' from project 'Look')
    cd /Users/adamkz/look
    /bin/ln -sfh Versions/Current/Modules /Users/adamkz/look/build/release-local/DerivedData/Build/Products/Release/LookNotes.framework/Modules

SymLink /Users/adamkz/look/build/release-local/DerivedData/Build/Products/Release/LookNotes.framework/LookNotes Versions/Current/LookNotes (in target 'LookNotes' from project 'Look')
    cd /Users/adamkz/look
    /bin/ln -sfh Versions/Current/LookNotes /Users/adamkz/look/build/release-local/DerivedData/Build/Products/Release/LookNotes.framework/LookNotes

SymLink /Users/adamkz/look/build/release-local/DerivedData/Build/Products/Release/LookNotes.framework/Headers Versions/Current/Headers (in target 'LookNotes' from project 'Look')
    cd /Users/adamkz/look
    /bin/ln -sfh Versions/Current/Headers /Users/adamkz/look/build/release-local/DerivedData/Build/Products/Release/LookNotes.framework/Headers

MkDir /Users/adamkz/look/build/release-local/DerivedData/Build/Products/Release/LookNotes.framework/Versions/A/Resources (in target 'LookNotes' from project 'Look')
    cd /Users/adamkz/look
    /bin/mkdir -p /Users/adamkz/look/build/release-local/DerivedData/Build/Products/Release/LookNotes.framework/Versions/A/Resources

MkDir /Users/adamkz/look/build/release-local/DerivedData/Build/Products/Release/LookNotes.framework/Versions/A/Headers (in target 'LookNotes' from project 'Look')
    cd /Users/adamkz/look
    /bin/mkdir -p /Users/adamkz/look/build/release-local/DerivedData/Build/Products/Release/LookNotes.framework/Versions/A/Headers

MkDir /Users/adamkz/look/build/release-local/DerivedData/Build/Products/Release/LookNotes.framework/Versions/A (in target 'LookNotes' from project 'Look')
    cd /Users/adamkz/look
    /bin/mkdir -p /Users/adamkz/look/build/release-local/DerivedData/Build/Products/Release/LookNotes.framework/Versions/A

MkDir /Users/adamkz/look/build/release-local/DerivedData/Build/Products/Release/LookNotes.framework/Versions (in target 'LookNotes' from project 'Look')
    cd /Users/adamkz/look
    /bin/mkdir -p /Users/adamkz/look/build/release-local/DerivedData/Build/Products/Release/LookNotes.framework/Versions

MkDir /Users/adamkz/look/build/release-local/DerivedData/Build/Products/Release/LookNotes.framework (in target 'LookNotes' from project 'Look')
    cd /Users/adamkz/look
    /bin/mkdir -p /Users/adamkz/look/build/release-local/DerivedData/Build/Products/Release/LookNotes.framework

SymLink /Users/adamkz/look/build/release-local/DerivedData/Build/Products/Release/LookKit.framework/Versions/Current A (in target 'LookKit' from project 'Look')
    cd /Users/adamkz/look
    /bin/ln -sfh A /Users/adamkz/look/build/release-local/DerivedData/Build/Products/Release/LookKit.framework/Versions/Current

SymLink /Users/adamkz/look/build/release-local/DerivedData/Build/Products/Release/LookKit.framework/Resources Versions/Current/Resources (in target 'LookKit' from project 'Look')
    cd /Users/adamkz/look
    /bin/ln -sfh Versions/Current/Resources /Users/adamkz/look/build/release-local/DerivedData/Build/Products/Release/LookKit.framework/Resources

SymLink /Users/adamkz/look/build/release-local/DerivedData/Build/Products/Release/LookKit.framework/Modules Versions/Current/Modules (in target 'LookKit' from project 'Look')
    cd /Users/adamkz/look
    /bin/ln -sfh Versions/Current/Modules /Users/adamkz/look/build/release-local/DerivedData/Build/Products/Release/LookKit.framework/Modules

SymLink /Users/adamkz/look/build/release-local/DerivedData/Build/Products/Release/LookKit.framework/LookKit Versions/Current/LookKit (in target 'LookKit' from project 'Look')
    cd /Users/adamkz/look
    /bin/ln -sfh Versions/Current/LookKit /Users/adamkz/look/build/release-local/DerivedData/Build/Products/Release/LookKit.framework/LookKit

SymLink /Users/adamkz/look/build/release-local/DerivedData/Build/Products/Release/LookKit.framework/Headers Versions/Current/Headers (in target 'LookKit' from project 'Look')
    cd /Users/adamkz/look
    /bin/ln -sfh Versions/Current/Headers /Users/adamkz/look/build/release-local/DerivedData/Build/Products/Release/LookKit.framework/Headers

MkDir /Users/adamkz/look/build/release-local/DerivedData/Build/Products/Release/LookKit.framework/Versions/A/Resources (in target 'LookKit' from project 'Look')
    cd /Users/adamkz/look
    /bin/mkdir -p /Users/adamkz/look/build/release-local/DerivedData/Build/Products/Release/LookKit.framework/Versions/A/Resources

MkDir /Users/adamkz/look/build/release-local/DerivedData/Build/Products/Release/LookKit.framework/Versions/A/Headers (in target 'LookKit' from project 'Look')
    cd /Users/adamkz/look
    /bin/mkdir -p /Users/adamkz/look/build/release-local/DerivedData/Build/Products/Release/LookKit.framework/Versions/A/Headers

MkDir /Users/adamkz/look/build/release-local/DerivedData/Build/Products/Release/LookKit.framework/Versions/A (in target 'LookKit' from project 'Look')
    cd /Users/adamkz/look
    /bin/mkdir -p /Users/adamkz/look/build/release-local/DerivedData/Build/Products/Release/LookKit.framework/Versions/A

MkDir /Users/adamkz/look/build/release-local/DerivedData/Build/Products/Release/LookKit.framework/Versions (in target 'LookKit' from project 'Look')
    cd /Users/adamkz/look
    /bin/mkdir -p /Users/adamkz/look/build/release-local/DerivedData/Build/Products/Release/LookKit.framework/Versions

MkDir /Users/adamkz/look/build/release-local/DerivedData/Build/Products/Release/LookKit.framework (in target 'LookKit' from project 'Look')
    cd /Users/adamkz/look
    /bin/mkdir -p /Users/adamkz/look/build/release-local/DerivedData/Build/Products/Release/LookKit.framework

SymLink /Users/adamkz/look/build/release-local/DerivedData/Build/Products/Release/LookData.framework/Versions/Current A (in target 'LookData' from project 'Look')
    cd /Users/adamkz/look
    /bin/ln -sfh A /Users/adamkz/look/build/release-local/DerivedData/Build/Products/Release/LookData.framework/Versions/Current

SymLink /Users/adamkz/look/build/release-local/DerivedData/Build/Products/Release/LookData.framework/Resources Versions/Current/Resources (in target 'LookData' from project 'Look')
    cd /Users/adamkz/look
    /bin/ln -sfh Versions/Current/Resources /Users/adamkz/look/build/release-local/DerivedData/Build/Products/Release/LookData.framework/Resources

SymLink /Users/adamkz/look/build/release-local/DerivedData/Build/Products/Release/LookData.framework/Modules Versions/Current/Modules (in target 'LookData' from project 'Look')
    cd /Users/adamkz/look
    /bin/ln -sfh Versions/Current/Modules /Users/adamkz/look/build/release-local/DerivedData/Build/Products/Release/LookData.framework/Modules

SymLink /Users/adamkz/look/build/release-local/DerivedData/Build/Products/Release/LookData.framework/LookData Versions/Current/LookData (in target 'LookData' from project 'Look')
    cd /Users/adamkz/look
    /bin/ln -sfh Versions/Current/LookData /Users/adamkz/look/build/release-local/DerivedData/Build/Products/Release/LookData.framework/LookData

SymLink /Users/adamkz/look/build/release-local/DerivedData/Build/Products/Release/LookData.framework/Headers Versions/Current/Headers (in target 'LookData' from project 'Look')
    cd /Users/adamkz/look
    /bin/ln -sfh Versions/Current/Headers /Users/adamkz/look/build/release-local/DerivedData/Build/Products/Release/LookData.framework/Headers

MkDir /Users/adamkz/look/build/release-local/DerivedData/Build/Products/Release/LookData.framework/Versions/A/Resources (in target 'LookData' from project 'Look')
    cd /Users/adamkz/look
    /bin/mkdir -p /Users/adamkz/look/build/release-local/DerivedData/Build/Products/Release/LookData.framework/Versions/A/Resources

MkDir /Users/adamkz/look/build/release-local/DerivedData/Build/Products/Release/LookData.framework/Versions/A/Headers (in target 'LookData' from project 'Look')
    cd /Users/adamkz/look
    /bin/mkdir -p /Users/adamkz/look/build/release-local/DerivedData/Build/Products/Release/LookData.framework/Versions/A/Headers

MkDir /Users/adamkz/look/build/release-local/DerivedData/Build/Products/Release/LookData.framework/Versions/A (in target 'LookData' from project 'Look')
    cd /Users/adamkz/look
    /bin/mkdir -p /Users/adamkz/look/build/release-local/DerivedData/Build/Products/Release/LookData.framework/Versions/A

MkDir /Users/adamkz/look/build/release-local/DerivedData/Build/Products/Release/LookData.framework/Versions (in target 'LookData' from project 'Look')
    cd /Users/adamkz/look
    /bin/mkdir -p /Users/adamkz/look/build/release-local/DerivedData/Build/Products/Release/LookData.framework/Versions

MkDir /Users/adamkz/look/build/release-local/DerivedData/Build/Products/Release/LookData.framework (in target 'LookData' from project 'Look')
    cd /Users/adamkz/look
    /bin/mkdir -p /Users/adamkz/look/build/release-local/DerivedData/Build/Products/Release/LookData.framework

SymLink /Users/adamkz/look/build/release-local/DerivedData/Build/Products/Release/LookAutomation.framework/Versions/Current A (in target 'LookAutomation' from project 'Look')
    cd /Users/adamkz/look
    /bin/ln -sfh A /Users/adamkz/look/build/release-local/DerivedData/Build/Products/Release/LookAutomation.framework/Versions/Current

SymLink /Users/adamkz/look/build/release-local/DerivedData/Build/Products/Release/LookAutomation.framework/Resources Versions/Current/Resources (in target 'LookAutomation' from project 'Look')
    cd /Users/adamkz/look
    /bin/ln -sfh Versions/Current/Resources /Users/adamkz/look/build/release-local/DerivedData/Build/Products/Release/LookAutomation.framework/Resources

SymLink /Users/adamkz/look/build/release-local/DerivedData/Build/Products/Release/LookAutomation.framework/Modules Versions/Current/Modules (in target 'LookAutomation' from project 'Look')
    cd /Users/adamkz/look
    /bin/ln -sfh Versions/Current/Modules /Users/adamkz/look/build/release-local/DerivedData/Build/Products/Release/LookAutomation.framework/Modules

SymLink /Users/adamkz/look/build/release-local/DerivedData/Build/Products/Release/LookAutomation.framework/LookAutomation Versions/Current/LookAutomation (in target 'LookAutomation' from project 'Look')
    cd /Users/adamkz/look
    /bin/ln -sfh Versions/Current/LookAutomation /Users/adamkz/look/build/release-local/DerivedData/Build/Products/Release/LookAutomation.framework/LookAutomation

SymLink /Users/adamkz/look/build/release-local/DerivedData/Build/Products/Release/LookAutomation.framework/Headers Versions/Current/Headers (in target 'LookAutomation' from project 'Look')
    cd /Users/adamkz/look
    /bin/ln -sfh Versions/Current/Headers /Users/adamkz/look/build/release-local/DerivedData/Build/Products/Release/LookAutomation.framework/Headers

MkDir /Users/adamkz/look/build/release-local/DerivedData/Build/Products/Release/LookAutomation.framework/Versions/A/Resources (in target 'LookAutomation' from project 'Look')
    cd /Users/adamkz/look
    /bin/mkdir -p /Users/adamkz/look/build/release-local/DerivedData/Build/Products/Release/LookAutomation.framework/Versions/A/Resources

MkDir /Users/adamkz/look/build/release-local/DerivedData/Build/Products/Release/LookAutomation.framework/Versions/A/Headers (in target 'LookAutomation' from project 'Look')
    cd /Users/adamkz/look
    /bin/mkdir -p /Users/adamkz/look/build/release-local/DerivedData/Build/Products/Release/LookAutomation.framework/Versions/A/Headers

MkDir /Users/adamkz/look/build/release-local/DerivedData/Build/Products/Release/LookAutomation.framework/Versions/A (in target 'LookAutomation' from project 'Look')
    cd /Users/adamkz/look
    /bin/mkdir -p /Users/adamkz/look/build/release-local/DerivedData/Build/Products/Release/LookAutomation.framework/Versions/A

MkDir /Users/adamkz/look/build/release-local/DerivedData/Build/Products/Release/LookAutomation.framework/Versions (in target 'LookAutomation' from project 'Look')
    cd /Users/adamkz/look
    /bin/mkdir -p /Users/adamkz/look/build/release-local/DerivedData/Build/Products/Release/LookAutomation.framework/Versions

MkDir /Users/adamkz/look/build/release-local/DerivedData/Build/Products/Release/LookAutomation.framework (in target 'LookAutomation' from project 'Look')
    cd /Users/adamkz/look
    /bin/mkdir -p /Users/adamkz/look/build/release-local/DerivedData/Build/Products/Release/LookAutomation.framework

MkDir /Users/adamkz/look/build/release-local/DerivedData/Build/Products/Release/LookApp.app/Contents/Resources (in target 'LookApp' from project 'Look')
    cd /Users/adamkz/look
    /bin/mkdir -p /Users/adamkz/look/build/release-local/DerivedData/Build/Products/Release/LookApp.app/Contents/Resources

MkDir /Users/adamkz/look/build/release-local/DerivedData/Build/Products/Release/LookApp.app/Contents/MacOS (in target 'LookApp' from project 'Look')
    cd /Users/adamkz/look
    /bin/mkdir -p /Users/adamkz/look/build/release-local/DerivedData/Build/Products/Release/LookApp.app/Contents/MacOS

MkDir /Users/adamkz/look/build/release-local/DerivedData/Build/Products/Release/LookApp.app/Contents (in target 'LookApp' from project 'Look')
    cd /Users/adamkz/look
    /bin/mkdir -p /Users/adamkz/look/build/release-local/DerivedData/Build/Products/Release/LookApp.app/Contents

MkDir /Users/adamkz/look/build/release-local/DerivedData/Build/Products/Release/LookApp.app (in target 'LookApp' from project 'Look')
    cd /Users/adamkz/look
    /bin/mkdir -p /Users/adamkz/look/build/release-local/DerivedData/Build/Products/Release/LookApp.app

ProcessInfoPlistFile /Users/adamkz/look/build/release-local/DerivedData/Build/Products/Release/LookKit.framework/Versions/A/Resources/Info.plist /Users/adamkz/look/build/release-local/DerivedData/Build/Intermediates.noindex/Look.build/Release/LookKit.build/empty-LookKit.plist (in target 'LookKit' from project 'Look')
    cd /Users/adamkz/look
    builtin-infoPlistUtility /Users/adamkz/look/build/release-local/DerivedData/Build/Intermediates.noindex/Look.build/Release/LookKit.build/empty-LookKit.plist -producttype com.apple.product-type.framework -expandbuildsettings -platform macosx -o /Users/adamkz/look/build/release-local/DerivedData/Build/Products/Release/LookKit.framework/Versions/A/Resources/Info.plist

ProcessInfoPlistFile /Users/adamkz/look/build/release-local/DerivedData/Build/Products/Release/LookData.framework/Versions/A/Resources/Info.plist /Users/adamkz/look/build/release-local/DerivedData/Build/Intermediates.noindex/Look.build/Release/LookData.build/empty-LookData.plist (in target 'LookData' from project 'Look')
    cd /Users/adamkz/look
    builtin-infoPlistUtility /Users/adamkz/look/build/release-local/DerivedData/Build/Intermediates.noindex/Look.build/Release/LookData.build/empty-LookData.plist -producttype com.apple.product-type.framework -expandbuildsettings -platform macosx -o /Users/adamkz/look/build/release-local/DerivedData/Build/Products/Release/LookData.framework/Versions/A/Resources/Info.plist

DataModelCompile /Users/adamkz/look/build/release-local/DerivedData/Build/Products/Release/LookData.framework/Versions/A/Resources/ /Users/adamkz/look/Sources/LookData/Resources/LookModel.xcdatamodeld (in target 'LookData' from project 'Look')
    cd /Users/adamkz/look
    /Applications/Xcode.app/Contents/Developer/usr/bin/momc --sdkroot /Applications/Xcode.app/Contents/Developer/Platforms/MacOSX.platform/Developer/SDKs/MacOSX26.2.sdk --macosx-deployment-target 14.0 --module LookData /Users/adamkz/look/Sources/LookData/Resources/LookModel.xcdatamodeld /Users/adamkz/look/build/release-local/DerivedData/Build/Products/Release/LookData.framework/Versions/A/Resources/
LookModel.xcdatamodel: note: Model LookModel version checksum: MZx1qe/UWZ6Ns/agxnuN5i8VYqUZmrfBrOiPOYwP3Mc=

DataModelCodegen /Users/adamkz/look/Sources/LookData/Resources/LookModel.xcdatamodeld (in target 'LookData' from project 'Look')
    cd /Users/adamkz/look
    /Applications/Xcode.app/Contents/Developer/usr/bin/momc --action generate --swift-version 5.9 --sdkroot /Applications/Xcode.app/Contents/Developer/Platforms/MacOSX.platform/Developer/SDKs/MacOSX26.2.sdk --macosx-deployment-target 14.0 --module LookData /Users/adamkz/look/Sources/LookData/Resources/LookModel.xcdatamodeld /Users/adamkz/look/build/release-local/DerivedData/Build/Intermediates.noindex/Look.build/Release/LookData.build/DerivedSources/CoreDataGenerated/LookModel

ProcessInfoPlistFile /Users/adamkz/look/build/release-local/DerivedData/Build/Products/Release/LookAutomation.framework/Versions/A/Resources/Info.plist /Users/adamkz/look/build/release-local/DerivedData/Build/Intermediates.noindex/Look.build/Release/LookAutomation.build/empty-LookAutomation.plist (in target 'LookAutomation' from project 'Look')
    cd /Users/adamkz/look
    builtin-infoPlistUtility /Users/adamkz/look/build/release-local/DerivedData/Build/Intermediates.noindex/Look.build/Release/LookAutomation.build/empty-LookAutomation.plist -producttype com.apple.product-type.framework -expandbuildsettings -platform macosx -o /Users/adamkz/look/build/release-local/DerivedData/Build/Products/Release/LookAutomation.framework/Versions/A/Resources/Info.plist

SwiftDriver LookData normal arm64 com.apple.xcode.tools.swift.compiler (in target 'LookData' from project 'Look')
    cd /Users/adamkz/look
    builtin-SwiftDriver -- /Applications/Xcode.app/Contents/Developer/Toolchains/XcodeDefault.xctoolchain/usr/bin/swiftc -module-name LookData -O -whole-module-optimization -enforce-exclusivity\=checked @/Users/adamkz/look/build/release-local/DerivedData/Build/Intermediates.noindex/Look.build/Release/LookData.build/Objects-normal/arm64/LookData.SwiftFileList -enable-bare-slash-regex -enable-experimental-feature DebugDescriptionMacro -sdk /Applications/Xcode.app/Contents/Developer/Platforms/MacOSX.platform/Developer/SDKs/MacOSX26.2.sdk -target arm64-apple-macos14.0 -g -module-cache-path /Users/adamkz/look/build/release-local/DerivedData/ModuleCache.noindex -Xfrontend -serialize-debugging-options -swift-version 5 -I /Users/adamkz/look/build/release-local/DerivedData/Build/Products/Release -F /Users/adamkz/look/build/release-local/DerivedData/Build/Products/Release -emit-localized-strings -emit-localized-strings-path /Users/adamkz/look/build/release-local/DerivedData/Build/Intermediates.noindex/Look.build/Release/LookData.build/Objects-normal/arm64 -c -num-threads 8 -Xcc -ivfsstatcache -Xcc /Users/adamkz/look/build/release-local/DerivedData/SDKStatCaches.noindex/macosx26.2-25C57-00fa09913b459cbbc988d1f6730289ae.sdkstatcache -output-file-map /Users/adamkz/look/build/release-local/DerivedData/Build/Intermediates.noindex/Look.build/Release/LookData.build/Objects-normal/arm64/LookData-OutputFileMap.json -use-frontend-parseable-output -save-temps -no-color-diagnostics -explicit-module-build -module-cache-path /Users/adamkz/look/build/release-local/DerivedData/Build/Intermediates.noindex/SwiftExplicitPrecompiledModules -clang-scanner-module-cache-path /Users/adamkz/look/build/release-local/DerivedData/ModuleCache.noindex -sdk-module-cache-path /Users/adamkz/look/build/release-local/DerivedData/ModuleCache.noindex -serialize-diagnostics -emit-dependencies -emit-module -emit-module-path /Users/adamkz/look/build/release-local/DerivedData/Build/Intermediates.noindex/Look.build/Release/LookData.build/Objects-normal/arm64/LookData.swiftmodule -validate-clang-modules-once -clang-build-session-file /Users/adamkz/look/build/release-local/DerivedData/ModuleCache.noindex/Session.modulevalidation -Xcc -I/Users/adamkz/look/build/release-local/DerivedData/Build/Intermediates.noindex/Look.build/Release/LookData.build/swift-overrides.hmap -emit-const-values -Xfrontend -const-gather-protocols-file -Xfrontend /Users/adamkz/look/build/release-local/DerivedData/Build/Intermediates.noindex/Look.build/Release/LookData.build/Objects-normal/arm64/LookData_const_extract_protocols.json -Xcc -iquote -Xcc /Users/adamkz/look/build/release-local/DerivedData/Build/Intermediates.noindex/Look.build/Release/LookData.build/LookData-generated-files.hmap -Xcc -I/Users/adamkz/look/build/release-local/DerivedData/Build/Intermediates.noindex/Look.build/Release/LookData.build/LookData-own-target-headers.hmap -Xcc -I/Users/adamkz/look/build/release-local/DerivedData/Build/Intermediates.noindex/Look.build/Release/LookData.build/LookData-all-non-framework-target-headers.hmap -Xcc -ivfsoverlay -Xcc /Users/adamkz/look/build/release-local/DerivedData/Build/Intermediates.noindex/Look.build/Release/Look-c3f0a56ea084f757df82bdf40cd5ab63-VFS/all-product-headers.yaml -Xcc -iquote -Xcc /Users/adamkz/look/build/release-local/DerivedData/Build/Intermediates.noindex/Look.build/Release/LookData.build/LookData-project-headers.hmap -Xcc -I/Users/adamkz/look/build/release-local/DerivedData/Build/Products/Release/include -Xcc -I/Users/adamkz/look/build/release-local/DerivedData/Build/Intermediates.noindex/Look.build/Release/LookData.build/DerivedSources-normal/arm64 -Xcc -I/Users/adamkz/look/build/release-local/DerivedData/Build/Intermediates.noindex/Look.build/Release/LookData.build/DerivedSources/arm64 -Xcc -I/Users/adamkz/look/build/release-local/DerivedData/Build/Intermediates.noindex/Look.build/Release/LookData.build/DerivedSources -emit-objc-header -emit-objc-header-path /Users/adamkz/look/build/release-local/DerivedData/Build/Intermediates.noindex/Look.build/Release/LookData.build/Objects-normal/arm64/LookData-Swift.h -working-directory /Users/adamkz/look -no-emit-module-separately-wmo

SwiftDriver LookKit normal arm64 com.apple.xcode.tools.swift.compiler (in target 'LookKit' from project 'Look')
    cd /Users/adamkz/look
    builtin-SwiftDriver -- /Applications/Xcode.app/Contents/Developer/Toolchains/XcodeDefault.xctoolchain/usr/bin/swiftc -module-name LookKit -O -whole-module-optimization -enforce-exclusivity\=checked @/Users/adamkz/look/build/release-local/DerivedData/Build/Intermediates.noindex/Look.build/Release/LookKit.build/Objects-normal/arm64/LookKit.SwiftFileList -enable-bare-slash-regex -enable-experimental-feature DebugDescriptionMacro -sdk /Applications/Xcode.app/Contents/Developer/Platforms/MacOSX.platform/Developer/SDKs/MacOSX26.2.sdk -target arm64-apple-macos14.0 -g -module-cache-path /Users/adamkz/look/build/release-local/DerivedData/ModuleCache.noindex -Xfrontend -serialize-debugging-options -swift-version 5 -I /Users/adamkz/look/build/release-local/DerivedData/Build/Products/Release -F /Users/adamkz/look/build/release-local/DerivedData/Build/Products/Release -emit-localized-strings -emit-localized-strings-path /Users/adamkz/look/build/release-local/DerivedData/Build/Intermediates.noindex/Look.build/Release/LookKit.build/Objects-normal/arm64 -c -num-threads 8 -Xcc -ivfsstatcache -Xcc /Users/adamkz/look/build/release-local/DerivedData/SDKStatCaches.noindex/macosx26.2-25C57-00fa09913b459cbbc988d1f6730289ae.sdkstatcache -output-file-map /Users/adamkz/look/build/release-local/DerivedData/Build/Intermediates.noindex/Look.build/Release/LookKit.build/Objects-normal/arm64/LookKit-OutputFileMap.json -use-frontend-parseable-output -save-temps -no-color-diagnostics -explicit-module-build -module-cache-path /Users/adamkz/look/build/release-local/DerivedData/Build/Intermediates.noindex/SwiftExplicitPrecompiledModules -clang-scanner-module-cache-path /Users/adamkz/look/build/release-local/DerivedData/ModuleCache.noindex -sdk-module-cache-path /Users/adamkz/look/build/release-local/DerivedData/ModuleCache.noindex -serialize-diagnostics -emit-dependencies -emit-module -emit-module-path /Users/adamkz/look/build/release-local/DerivedData/Build/Intermediates.noindex/Look.build/Release/LookKit.build/Objects-normal/arm64/LookKit.swiftmodule -validate-clang-modules-once -clang-build-session-file /Users/adamkz/look/build/release-local/DerivedData/ModuleCache.noindex/Session.modulevalidation -Xcc -I/Users/adamkz/look/build/release-local/DerivedData/Build/Intermediates.noindex/Look.build/Release/LookKit.build/swift-overrides.hmap -emit-const-values -Xfrontend -const-gather-protocols-file -Xfrontend /Users/adamkz/look/build/release-local/DerivedData/Build/Intermediates.noindex/Look.build/Release/LookKit.build/Objects-normal/arm64/LookKit_const_extract_protocols.json -Xcc -iquote -Xcc /Users/adamkz/look/build/release-local/DerivedData/Build/Intermediates.noindex/Look.build/Release/LookKit.build/LookKit-generated-files.hmap -Xcc -I/Users/adamkz/look/build/release-local/DerivedData/Build/Intermediates.noindex/Look.build/Release/LookKit.build/LookKit-own-target-headers.hmap -Xcc -I/Users/adamkz/look/build/release-local/DerivedData/Build/Intermediates.noindex/Look.build/Release/LookKit.build/LookKit-all-non-framework-target-headers.hmap -Xcc -ivfsoverlay -Xcc /Users/adamkz/look/build/release-local/DerivedData/Build/Intermediates.noindex/Look.build/Release/Look-c3f0a56ea084f757df82bdf40cd5ab63-VFS/all-product-headers.yaml -Xcc -iquote -Xcc /Users/adamkz/look/build/release-local/DerivedData/Build/Intermediates.noindex/Look.build/Release/LookKit.build/LookKit-project-headers.hmap -Xcc -I/Users/adamkz/look/build/release-local/DerivedData/Build/Products/Release/include -Xcc -I/Users/adamkz/look/build/release-local/DerivedData/Build/Intermediates.noindex/Look.build/Release/LookKit.build/DerivedSources-normal/arm64 -Xcc -I/Users/adamkz/look/build/release-local/DerivedData/Build/Intermediates.noindex/Look.build/Release/LookKit.build/DerivedSources/arm64 -Xcc -I/Users/adamkz/look/build/release-local/DerivedData/Build/Intermediates.noindex/Look.build/Release/LookKit.build/DerivedSources -emit-objc-header -emit-objc-header-path /Users/adamkz/look/build/release-local/DerivedData/Build/Intermediates.noindex/Look.build/Release/LookKit.build/Objects-normal/arm64/LookKit-Swift.h -working-directory /Users/adamkz/look -no-emit-module-separately-wmo

SwiftDriver LookAutomation normal arm64 com.apple.xcode.tools.swift.compiler (in target 'LookAutomation' from project 'Look')
    cd /Users/adamkz/look
    builtin-SwiftDriver -- /Applications/Xcode.app/Contents/Developer/Toolchains/XcodeDefault.xctoolchain/usr/bin/swiftc -module-name LookAutomation -O -whole-module-optimization -enforce-exclusivity\=checked @/Users/adamkz/look/build/release-local/DerivedData/Build/Intermediates.noindex/Look.build/Release/LookAutomation.build/Objects-normal/arm64/LookAutomation.SwiftFileList -enable-bare-slash-regex -enable-experimental-feature DebugDescriptionMacro -sdk /Applications/Xcode.app/Contents/Developer/Platforms/MacOSX.platform/Developer/SDKs/MacOSX26.2.sdk -target arm64-apple-macos14.0 -g -module-cache-path /Users/adamkz/look/build/release-local/DerivedData/ModuleCache.noindex -Xfrontend -serialize-debugging-options -swift-version 5 -I /Users/adamkz/look/build/release-local/DerivedData/Build/Products/Release -F /Users/adamkz/look/build/release-local/DerivedData/Build/Products/Release -emit-localized-strings -emit-localized-strings-path /Users/adamkz/look/build/release-local/DerivedData/Build/Intermediates.noindex/Look.build/Release/LookAutomation.build/Objects-normal/arm64 -c -num-threads 8 -Xcc -ivfsstatcache -Xcc /Users/adamkz/look/build/release-local/DerivedData/SDKStatCaches.noindex/macosx26.2-25C57-00fa09913b459cbbc988d1f6730289ae.sdkstatcache -output-file-map /Users/adamkz/look/build/release-local/DerivedData/Build/Intermediates.noindex/Look.build/Release/LookAutomation.build/Objects-normal/arm64/LookAutomation-OutputFileMap.json -use-frontend-parseable-output -save-temps -no-color-diagnostics -explicit-module-build -module-cache-path /Users/adamkz/look/build/release-local/DerivedData/Build/Intermediates.noindex/SwiftExplicitPrecompiledModules -clang-scanner-module-cache-path /Users/adamkz/look/build/release-local/DerivedData/ModuleCache.noindex -sdk-module-cache-path /Users/adamkz/look/build/release-local/DerivedData/ModuleCache.noindex -serialize-diagnostics -emit-dependencies -emit-module -emit-module-path /Users/adamkz/look/build/release-local/DerivedData/Build/Intermediates.noindex/Look.build/Release/LookAutomation.build/Objects-normal/arm64/LookAutomation.swiftmodule -validate-clang-modules-once -clang-build-session-file /Users/adamkz/look/build/release-local/DerivedData/ModuleCache.noindex/Session.modulevalidation -Xcc -I/Users/adamkz/look/build/release-local/DerivedData/Build/Intermediates.noindex/Look.build/Release/LookAutomation.build/swift-overrides.hmap -emit-const-values -Xfrontend -const-gather-protocols-file -Xfrontend /Users/adamkz/look/build/release-local/DerivedData/Build/Intermediates.noindex/Look.build/Release/LookAutomation.build/Objects-normal/arm64/LookAutomation_const_extract_protocols.json -Xcc -iquote -Xcc /Users/adamkz/look/build/release-local/DerivedData/Build/Intermediates.noindex/Look.build/Release/LookAutomation.build/LookAutomation-generated-files.hmap -Xcc -I/Users/adamkz/look/build/release-local/DerivedData/Build/Intermediates.noindex/Look.build/Release/LookAutomation.build/LookAutomation-own-target-headers.hmap -Xcc -I/Users/adamkz/look/build/release-local/DerivedData/Build/Intermediates.noindex/Look.build/Release/LookAutomation.build/LookAutomation-all-non-framework-target-headers.hmap -Xcc -ivfsoverlay -Xcc /Users/adamkz/look/build/release-local/DerivedData/Build/Intermediates.noindex/Look.build/Release/Look-c3f0a56ea084f757df82bdf40cd5ab63-VFS/all-product-headers.yaml -Xcc -iquote -Xcc /Users/adamkz/look/build/release-local/DerivedData/Build/Intermediates.noindex/Look.build/Release/LookAutomation.build/LookAutomation-project-headers.hmap -Xcc -I/Users/adamkz/look/build/release-local/DerivedData/Build/Products/Release/include -Xcc -I/Users/adamkz/look/build/release-local/DerivedData/Build/Intermediates.noindex/Look.build/Release/LookAutomation.build/DerivedSources-normal/arm64 -Xcc -I/Users/adamkz/look/build/release-local/DerivedData/Build/Intermediates.noindex/Look.build/Release/LookAutomation.build/DerivedSources/arm64 -Xcc -I/Users/adamkz/look/build/release-local/DerivedData/Build/Intermediates.noindex/Look.build/Release/LookAutomation.build/DerivedSources -emit-objc-header -emit-objc-header-path /Users/adamkz/look/build/release-local/DerivedData/Build/Intermediates.noindex/Look.build/Release/LookAutomation.build/Objects-normal/arm64/LookAutomation-Swift.h -working-directory /Users/adamkz/look -no-emit-module-separately-wmo

SwiftDriver\ Compilation LookAutomation normal arm64 com.apple.xcode.tools.swift.compiler (in target 'LookAutomation' from project 'Look')
    cd /Users/adamkz/look
    builtin-Swift-Compilation -- /Applications/Xcode.app/Contents/Developer/Toolchains/XcodeDefault.xctoolchain/usr/bin/swiftc -module-name LookAutomation -O -whole-module-optimization -enforce-exclusivity\=checked @/Users/adamkz/look/build/release-local/DerivedData/Build/Intermediates.noindex/Look.build/Release/LookAutomation.build/Objects-normal/arm64/LookAutomation.SwiftFileList -enable-bare-slash-regex -enable-experimental-feature DebugDescriptionMacro -sdk /Applications/Xcode.app/Contents/Developer/Platforms/MacOSX.platform/Developer/SDKs/MacOSX26.2.sdk -target arm64-apple-macos14.0 -g -module-cache-path /Users/adamkz/look/build/release-local/DerivedData/ModuleCache.noindex -Xfrontend -serialize-debugging-options -swift-version 5 -I /Users/adamkz/look/build/release-local/DerivedData/Build/Products/Release -F /Users/adamkz/look/build/release-local/DerivedData/Build/Products/Release -emit-localized-strings -emit-localized-strings-path /Users/adamkz/look/build/release-local/DerivedData/Build/Intermediates.noindex/Look.build/Release/LookAutomation.build/Objects-normal/arm64 -c -num-threads 8 -Xcc -ivfsstatcache -Xcc /Users/adamkz/look/build/release-local/DerivedData/SDKStatCaches.noindex/macosx26.2-25C57-00fa09913b459cbbc988d1f6730289ae.sdkstatcache -output-file-map /Users/adamkz/look/build/release-local/DerivedData/Build/Intermediates.noindex/Look.build/Release/LookAutomation.build/Objects-normal/arm64/LookAutomation-OutputFileMap.json -use-frontend-parseable-output -save-temps -no-color-diagnostics -explicit-module-build -module-cache-path /Users/adamkz/look/build/release-local/DerivedData/Build/Intermediates.noindex/SwiftExplicitPrecompiledModules -clang-scanner-module-cache-path /Users/adamkz/look/build/release-local/DerivedData/ModuleCache.noindex -sdk-module-cache-path /Users/adamkz/look/build/release-local/DerivedData/ModuleCache.noindex -serialize-diagnostics -emit-dependencies -emit-module -emit-module-path /Users/adamkz/look/build/release-local/DerivedData/Build/Intermediates.noindex/Look.build/Release/LookAutomation.build/Objects-normal/arm64/LookAutomation.swiftmodule -validate-clang-modules-once -clang-build-session-file /Users/adamkz/look/build/release-local/DerivedData/ModuleCache.noindex/Session.modulevalidation -Xcc -I/Users/adamkz/look/build/release-local/DerivedData/Build/Intermediates.noindex/Look.build/Release/LookAutomation.build/swift-overrides.hmap -emit-const-values -Xfrontend -const-gather-protocols-file -Xfrontend /Users/adamkz/look/build/release-local/DerivedData/Build/Intermediates.noindex/Look.build/Release/LookAutomation.build/Objects-normal/arm64/LookAutomation_const_extract_protocols.json -Xcc -iquote -Xcc /Users/adamkz/look/build/release-local/DerivedData/Build/Intermediates.noindex/Look.build/Release/LookAutomation.build/LookAutomation-generated-files.hmap -Xcc -I/Users/adamkz/look/build/release-local/DerivedData/Build/Intermediates.noindex/Look.build/Release/LookAutomation.build/LookAutomation-own-target-headers.hmap -Xcc -I/Users/adamkz/look/build/release-local/DerivedData/Build/Intermediates.noindex/Look.build/Release/LookAutomation.build/LookAutomation-all-non-framework-target-headers.hmap -Xcc -ivfsoverlay -Xcc /Users/adamkz/look/build/release-local/DerivedData/Build/Intermediates.noindex/Look.build/Release/Look-c3f0a56ea084f757df82bdf40cd5ab63-VFS/all-product-headers.yaml -Xcc -iquote -Xcc /Users/adamkz/look/build/release-local/DerivedData/Build/Intermediates.noindex/Look.build/Release/LookAutomation.build/LookAutomation-project-headers.hmap -Xcc -I/Users/adamkz/look/build/release-local/DerivedData/Build/Products/Release/include -Xcc -I/Users/adamkz/look/build/release-local/DerivedData/Build/Intermediates.noindex/Look.build/Release/LookAutomation.build/DerivedSources-normal/arm64 -Xcc -I/Users/adamkz/look/build/release-local/DerivedData/Build/Intermediates.noindex/Look.build/Release/LookAutomation.build/DerivedSources/arm64 -Xcc -I/Users/adamkz/look/build/release-local/DerivedData/Build/Intermediates.noindex/Look.build/Release/LookAutomation.build/DerivedSources -emit-objc-header -emit-objc-header-path /Users/adamkz/look/build/release-local/DerivedData/Build/Intermediates.noindex/Look.build/Release/LookAutomation.build/Objects-normal/arm64/LookAutomation-Swift.h -working-directory /Users/adamkz/look -no-emit-module-separately-wmo

SwiftExplicitDependencyGeneratePcm arm64 /Users/adamkz/look/build/release-local/DerivedData/ModuleCache.noindex/_SwiftConcurrencyShims-8XTWEAXPIC3VEBF0GUQ0IDHC8.pcm

SwiftExplicitDependencyGeneratePcm arm64 /Users/adamkz/look/build/release-local/DerivedData/ModuleCache.noindex/ptrauth-1G5OIF90SOJZZ0B4RUVWKXU9H.pcm

SwiftExplicitDependencyGeneratePcm arm64 /Users/adamkz/look/build/release-local/DerivedData/ModuleCache.noindex/_Builtin_float-BE31ME7J52H1WVES0Q3K0MUHL.pcm

SwiftExplicitDependencyGeneratePcm arm64 /Users/adamkz/look/build/release-local/DerivedData/ModuleCache.noindex/_AvailabilityInternal-EYNCLSPR5PQ27NKH19HHKD8N9.pcm

SwiftExplicitDependencyGeneratePcm arm64 /Users/adamkz/look/build/release-local/DerivedData/ModuleCache.noindex/_Builtin_stdbool-1ZC0ZG43BHJZHASN6OELYOA79.pcm

SwiftExplicitDependencyGeneratePcm arm64 /Users/adamkz/look/build/release-local/DerivedData/ModuleCache.noindex/ptrcheck-F0NVH6JZTM64VZ8L0MVL95LLC.pcm

SwiftExplicitDependencyGeneratePcm arm64 /Users/adamkz/look/build/release-local/DerivedData/ModuleCache.noindex/_Builtin_stddef-6FGLQ881JZOVA1DDF2WJTWKXO.pcm

SwiftExplicitDependencyGeneratePcm arm64 /Users/adamkz/look/build/release-local/DerivedData/ModuleCache.noindex/SwiftShims-EEYP3L1VLMAGWNWY4CX3WHVYT.pcm

SwiftExplicitDependencyGeneratePcm arm64 /Users/adamkz/look/build/release-local/DerivedData/ModuleCache.noindex/_Builtin_stdarg-2HDRGTIS1G4F7QXLZTEHTBQDG.pcm

SwiftExplicitDependencyGeneratePcm arm64 /Users/adamkz/look/build/release-local/DerivedData/ModuleCache.noindex/_DarwinFoundation1-ESWU0369N75I6O4KH9OLTGGWN.pcm

SwiftDriver\ Compilation LookData normal arm64 com.apple.xcode.tools.swift.compiler (in target 'LookData' from project 'Look')
    cd /Users/adamkz/look
    builtin-Swift-Compilation -- /Applications/Xcode.app/Contents/Developer/Toolchains/XcodeDefault.xctoolchain/usr/bin/swiftc -module-name LookData -O -whole-module-optimization -enforce-exclusivity\=checked @/Users/adamkz/look/build/release-local/DerivedData/Build/Intermediates.noindex/Look.build/Release/LookData.build/Objects-normal/arm64/LookData.SwiftFileList -enable-bare-slash-regex -enable-experimental-feature DebugDescriptionMacro -sdk /Applications/Xcode.app/Contents/Developer/Platforms/MacOSX.platform/Developer/SDKs/MacOSX26.2.sdk -target arm64-apple-macos14.0 -g -module-cache-path /Users/adamkz/look/build/release-local/DerivedData/ModuleCache.noindex -Xfrontend -serialize-debugging-options -swift-version 5 -I /Users/adamkz/look/build/release-local/DerivedData/Build/Products/Release -F /Users/adamkz/look/build/release-local/DerivedData/Build/Products/Release -emit-localized-strings -emit-localized-strings-path /Users/adamkz/look/build/release-local/DerivedData/Build/Intermediates.noindex/Look.build/Release/LookData.build/Objects-normal/arm64 -c -num-threads 8 -Xcc -ivfsstatcache -Xcc /Users/adamkz/look/build/release-local/DerivedData/SDKStatCaches.noindex/macosx26.2-25C57-00fa09913b459cbbc988d1f6730289ae.sdkstatcache -output-file-map /Users/adamkz/look/build/release-local/DerivedData/Build/Intermediates.noindex/Look.build/Release/LookData.build/Objects-normal/arm64/LookData-OutputFileMap.json -use-frontend-parseable-output -save-temps -no-color-diagnostics -explicit-module-build -module-cache-path /Users/adamkz/look/build/release-local/DerivedData/Build/Intermediates.noindex/SwiftExplicitPrecompiledModules -clang-scanner-module-cache-path /Users/adamkz/look/build/release-local/DerivedData/ModuleCache.noindex -sdk-module-cache-path /Users/adamkz/look/build/release-local/DerivedData/ModuleCache.noindex -serialize-diagnostics -emit-dependencies -emit-module -emit-module-path /Users/adamkz/look/build/release-local/DerivedData/Build/Intermediates.noindex/Look.build/Release/LookData.build/Objects-normal/arm64/LookData.swiftmodule -validate-clang-modules-once -clang-build-session-file /Users/adamkz/look/build/release-local/DerivedData/ModuleCache.noindex/Session.modulevalidation -Xcc -I/Users/adamkz/look/build/release-local/DerivedData/Build/Intermediates.noindex/Look.build/Release/LookData.build/swift-overrides.hmap -emit-const-values -Xfrontend -const-gather-protocols-file -Xfrontend /Users/adamkz/look/build/release-local/DerivedData/Build/Intermediates.noindex/Look.build/Release/LookData.build/Objects-normal/arm64/LookData_const_extract_protocols.json -Xcc -iquote -Xcc /Users/adamkz/look/build/release-local/DerivedData/Build/Intermediates.noindex/Look.build/Release/LookData.build/LookData-generated-files.hmap -Xcc -I/Users/adamkz/look/build/release-local/DerivedData/Build/Intermediates.noindex/Look.build/Release/LookData.build/LookData-own-target-headers.hmap -Xcc -I/Users/adamkz/look/build/release-local/DerivedData/Build/Intermediates.noindex/Look.build/Release/LookData.build/LookData-all-non-framework-target-headers.hmap -Xcc -ivfsoverlay -Xcc /Users/adamkz/look/build/release-local/DerivedData/Build/Intermediates.noindex/Look.build/Release/Look-c3f0a56ea084f757df82bdf40cd5ab63-VFS/all-product-headers.yaml -Xcc -iquote -Xcc /Users/adamkz/look/build/release-local/DerivedData/Build/Intermediates.noindex/Look.build/Release/LookData.build/LookData-project-headers.hmap -Xcc -I/Users/adamkz/look/build/release-local/DerivedData/Build/Products/Release/include -Xcc -I/Users/adamkz/look/build/release-local/DerivedData/Build/Intermediates.noindex/Look.build/Release/LookData.build/DerivedSources-normal/arm64 -Xcc -I/Users/adamkz/look/build/release-local/DerivedData/Build/Intermediates.noindex/Look.build/Release/LookData.build/DerivedSources/arm64 -Xcc -I/Users/adamkz/look/build/release-local/DerivedData/Build/Intermediates.noindex/Look.build/Release/LookData.build/DerivedSources -emit-objc-header -emit-objc-header-path /Users/adamkz/look/build/release-local/DerivedData/Build/Intermediates.noindex/Look.build/Release/LookData.build/Objects-normal/arm64/LookData-Swift.h -working-directory /Users/adamkz/look -no-emit-module-separately-wmo

SwiftExplicitDependencyGeneratePcm arm64 /Users/adamkz/look/build/release-local/DerivedData/ModuleCache.noindex/DeveloperToolsSupport-2TB72YLCP10FKMGPOOX9V7R9Z.pcm

SwiftExplicitDependencyGeneratePcm arm64 /Users/adamkz/look/build/release-local/DerivedData/ModuleCache.noindex/_DarwinFoundation2-CVYEXDJ7YGSNBR3PVPQAGIS7L.pcm

SwiftExplicitDependencyGeneratePcm arm64 /Users/adamkz/look/build/release-local/DerivedData/ModuleCache.noindex/_Builtin_limits-IXU4JJJB2GD95J9JJBUVTCEJ.pcm

SwiftDriver\ Compilation LookKit normal arm64 com.apple.xcode.tools.swift.compiler (in target 'LookKit' from project 'Look')
    cd /Users/adamkz/look
    builtin-Swift-Compilation -- /Applications/Xcode.app/Contents/Developer/Toolchains/XcodeDefault.xctoolchain/usr/bin/swiftc -module-name LookKit -O -whole-module-optimization -enforce-exclusivity\=checked @/Users/adamkz/look/build/release-local/DerivedData/Build/Intermediates.noindex/Look.build/Release/LookKit.build/Objects-normal/arm64/LookKit.SwiftFileList -enable-bare-slash-regex -enable-experimental-feature DebugDescriptionMacro -sdk /Applications/Xcode.app/Contents/Developer/Platforms/MacOSX.platform/Developer/SDKs/MacOSX26.2.sdk -target arm64-apple-macos14.0 -g -module-cache-path /Users/adamkz/look/build/release-local/DerivedData/ModuleCache.noindex -Xfrontend -serialize-debugging-options -swift-version 5 -I /Users/adamkz/look/build/release-local/DerivedData/Build/Products/Release -F /Users/adamkz/look/build/release-local/DerivedData/Build/Products/Release -emit-localized-strings -emit-localized-strings-path /Users/adamkz/look/build/release-local/DerivedData/Build/Intermediates.noindex/Look.build/Release/LookKit.build/Objects-normal/arm64 -c -num-threads 8 -Xcc -ivfsstatcache -Xcc /Users/adamkz/look/build/release-local/DerivedData/SDKStatCaches.noindex/macosx26.2-25C57-00fa09913b459cbbc988d1f6730289ae.sdkstatcache -output-file-map /Users/adamkz/look/build/release-local/DerivedData/Build/Intermediates.noindex/Look.build/Release/LookKit.build/Objects-normal/arm64/LookKit-OutputFileMap.json -use-frontend-parseable-output -save-temps -no-color-diagnostics -explicit-module-build -module-cache-path /Users/adamkz/look/build/release-local/DerivedData/Build/Intermediates.noindex/SwiftExplicitPrecompiledModules -clang-scanner-module-cache-path /Users/adamkz/look/build/release-local/DerivedData/ModuleCache.noindex -sdk-module-cache-path /Users/adamkz/look/build/release-local/DerivedData/ModuleCache.noindex -serialize-diagnostics -emit-dependencies -emit-module -emit-module-path /Users/adamkz/look/build/release-local/DerivedData/Build/Intermediates.noindex/Look.build/Release/LookKit.build/Objects-normal/arm64/LookKit.swiftmodule -validate-clang-modules-once -clang-build-session-file /Users/adamkz/look/build/release-local/DerivedData/ModuleCache.noindex/Session.modulevalidation -Xcc -I/Users/adamkz/look/build/release-local/DerivedData/Build/Intermediates.noindex/Look.build/Release/LookKit.build/swift-overrides.hmap -emit-const-values -Xfrontend -const-gather-protocols-file -Xfrontend /Users/adamkz/look/build/release-local/DerivedData/Build/Intermediates.noindex/Look.build/Release/LookKit.build/Objects-normal/arm64/LookKit_const_extract_protocols.json -Xcc -iquote -Xcc /Users/adamkz/look/build/release-local/DerivedData/Build/Intermediates.noindex/Look.build/Release/LookKit.build/LookKit-generated-files.hmap -Xcc -I/Users/adamkz/look/build/release-local/DerivedData/Build/Intermediates.noindex/Look.build/Release/LookKit.build/LookKit-own-target-headers.hmap -Xcc -I/Users/adamkz/look/build/release-local/DerivedData/Build/Intermediates.noindex/Look.build/Release/LookKit.build/LookKit-all-non-framework-target-headers.hmap -Xcc -ivfsoverlay -Xcc /Users/adamkz/look/build/release-local/DerivedData/Build/Intermediates.noindex/Look.build/Release/Look-c3f0a56ea084f757df82bdf40cd5ab63-VFS/all-product-headers.yaml -Xcc -iquote -Xcc /Users/adamkz/look/build/release-local/DerivedData/Build/Intermediates.noindex/Look.build/Release/LookKit.build/LookKit-project-headers.hmap -Xcc -I/Users/adamkz/look/build/release-local/DerivedData/Build/Products/Release/include -Xcc -I/Users/adamkz/look/build/release-local/DerivedData/Build/Intermediates.noindex/Look.build/Release/LookKit.build/DerivedSources-normal/arm64 -Xcc -I/Users/adamkz/look/build/release-local/DerivedData/Build/Intermediates.noindex/Look.build/Release/LookKit.build/DerivedSources/arm64 -Xcc -I/Users/adamkz/look/build/release-local/DerivedData/Build/Intermediates.noindex/Look.build/Release/LookKit.build/DerivedSources -emit-objc-header -emit-objc-header-path /Users/adamkz/look/build/release-local/DerivedData/Build/Intermediates.noindex/Look.build/Release/LookKit.build/Objects-normal/arm64/LookKit-Swift.h -working-directory /Users/adamkz/look -no-emit-module-separately-wmo

SwiftExplicitDependencyGeneratePcm arm64 /Users/adamkz/look/build/release-local/DerivedData/ModuleCache.noindex/_Builtin_stdint-25QQHA0X5ZJH5PRLLSVWV4501.pcm

SwiftExplicitDependencyGeneratePcm arm64 /Users/adamkz/look/build/release-local/DerivedData/ModuleCache.noindex/sys_types-45VRPNROSOF8G0EJWGRU02KQX.pcm

SwiftExplicitDependencyGeneratePcm arm64 /Users/adamkz/look/build/release-local/DerivedData/ModuleCache.noindex/_Builtin_tgmath-F0WQAELQKXXKV255Z3SFP5IER.pcm

SwiftExplicitDependencyGeneratePcm arm64 /Users/adamkz/look/build/release-local/DerivedData/ModuleCache.noindex/_Builtin_stdatomic-BJ103Z7YVGWY8CQZS5784Q755.pcm

SwiftExplicitDependencyGeneratePcm arm64 /Users/adamkz/look/build/release-local/DerivedData/ModuleCache.noindex/_DarwinFoundation3-1Q8R2MGY0B29VTGL8PDR7EC62.pcm

SwiftExplicitDependencyGeneratePcm arm64 /Users/adamkz/look/build/release-local/DerivedData/ModuleCache.noindex/libDER-DKE8NWLO3SIAELAP4ZXEDV9AB.pcm

SwiftExplicitDependencyGeneratePcm arm64 /Users/adamkz/look/build/release-local/DerivedData/ModuleCache.noindex/OpenGL-IC7WLZLYUZIX01YTA3PGH61B.pcm

SwiftExplicitDependencyGeneratePcm arm64 /Users/adamkz/look/build/release-local/DerivedData/ModuleCache.noindex/_Builtin_intrinsics-85LXXC2H2CGVQJ2A0RR202Y93.pcm

SwiftExplicitDependencyGeneratePcm arm64 /Users/adamkz/look/build/release-local/DerivedData/ModuleCache.noindex/_Builtin_inttypes-9EUQ4VJO7J1GTHW4IPBJEBCMZ.pcm

SwiftExplicitDependencyGeneratePcm arm64 /Users/adamkz/look/build/release-local/DerivedData/ModuleCache.noindex/Darwin-64GFM1A89BMTAVFW07NPG44OZ.pcm

SwiftExplicitDependencyGeneratePcm arm64 /Users/adamkz/look/build/release-local/DerivedData/ModuleCache.noindex/simd-EE2L9J2WH50OZHOA53CTSPSMH.pcm

SwiftExplicitDependencyGeneratePcm arm64 /Users/adamkz/look/build/release-local/DerivedData/ModuleCache.noindex/Compression-54ZBXI1XACROE5PAKXR3QLE93.pcm

SwiftExplicitDependencyGeneratePcm arm64 /Users/adamkz/look/build/release-local/DerivedData/ModuleCache.noindex/launch-A84NQJC75SAT32NMPRRBGQYJA.pcm

SwiftExplicitDependencyGeneratePcm arm64 /Users/adamkz/look/build/release-local/DerivedData/ModuleCache.noindex/MachO-LGLNYZVU7FA5YRW5NEXOTNMX.pcm

SwiftExplicitDependencyGeneratePcm arm64 /Users/adamkz/look/build/release-local/DerivedData/ModuleCache.noindex/libkern-7XDK96C5AJCTUYMJGLDHMDZ19.pcm

SwiftExplicitDependencyGeneratePcm arm64 /Users/adamkz/look/build/release-local/DerivedData/ModuleCache.noindex/CUPS-A4EGSLKTZ0OM8HR5E18Y9BFDG.pcm

SwiftExplicitDependencyGeneratePcm arm64 /Users/adamkz/look/build/release-local/DerivedData/ModuleCache.noindex/ObjectiveC-4T1UIHUZ7Q8R2ZPMYHXD0KH0K.pcm

SwiftExplicitDependencyGeneratePcm arm64 /Users/adamkz/look/build/release-local/DerivedData/ModuleCache.noindex/Spatial-6N15PW7BEP9U884CW979RLTVK.pcm

SwiftExplicitDependencyGeneratePcm arm64 /Users/adamkz/look/build/release-local/DerivedData/ModuleCache.noindex/os_object-6GN7Z1IIJ1LQWEJOKHAFV3576.pcm

SwiftExplicitDependencyGeneratePcm arm64 /Users/adamkz/look/build/release-local/DerivedData/ModuleCache.noindex/os_workgroup-3ZR56BOZGN1GETEOMJAOCAL67.pcm

SwiftExplicitDependencyGeneratePcm arm64 /Users/adamkz/look/build/release-local/DerivedData/ModuleCache.noindex/Dispatch-4MHONNDJ23LB65KKSQ1P647Y5.pcm

SwiftExplicitDependencyGeneratePcm arm64 /Users/adamkz/look/build/release-local/DerivedData/ModuleCache.noindex/XPC-4H2ECNXU18UL43KPTD0HHY9GC.pcm

SwiftExplicitDependencyGeneratePcm arm64 /Users/adamkz/look/build/release-local/DerivedData/ModuleCache.noindex/dnssd-5U4JTVMRBLH0218A2TX4P01.pcm

SwiftExplicitDependencyGeneratePcm arm64 /Users/adamkz/look/build/release-local/DerivedData/ModuleCache.noindex/CoreFoundation-3P9B3OQLKWW84P41S9ZSOMT2S.pcm

SwiftExplicitDependencyGeneratePcm arm64 /Users/adamkz/look/build/release-local/DerivedData/ModuleCache.noindex/os-7KF104MTY80MF4X9ZSS4BBKE3.pcm

SwiftExplicitDependencyGeneratePcm arm64 /Users/adamkz/look/build/release-local/DerivedData/ModuleCache.noindex/Security-6ROB73MISVL03K3P9V4AQ8LT7.pcm

SwiftExplicitDependencyGeneratePcm arm64 /Users/adamkz/look/build/release-local/DerivedData/ModuleCache.noindex/CFNetwork-2BJSNMYHD2L6NR6RZOJ49ZYXI.pcm

SwiftExplicitDependencyGeneratePcm arm64 /Users/adamkz/look/build/release-local/DerivedData/ModuleCache.noindex/IOKit-54NL2PD3L64P4AQ979MMEH416.pcm

SwiftExplicitDependencyGeneratePcm arm64 /Users/adamkz/look/build/release-local/DerivedData/ModuleCache.noindex/ColorSync-4LSWHSKQ1XCQ2E2E6QB5THARD.pcm

SwiftExplicitDependencyGeneratePcm arm64 /Users/adamkz/look/build/release-local/DerivedData/ModuleCache.noindex/CoreGraphics-6E9JCMH231QCDL3VEGDIIG3EJ.pcm

SwiftExplicitDependencyGeneratePcm arm64 /Users/adamkz/look/build/release-local/DerivedData/ModuleCache.noindex/DiskArbitration-27A7TTR0BOBGRTE19V0OFTO6L.pcm

SwiftExplicitDependencyGeneratePcm arm64 /Users/adamkz/look/build/release-local/DerivedData/ModuleCache.noindex/CoreServices-46O7YCBDJCV0C4VYVX83ULLRC.pcm

SwiftExplicitDependencyGeneratePcm arm64 /Users/adamkz/look/build/release-local/DerivedData/ModuleCache.noindex/CoreText-4P5XTA8G9098HXPW307FJT3U7.pcm

SwiftExplicitDependencyGeneratePcm arm64 /Users/adamkz/look/build/release-local/DerivedData/ModuleCache.noindex/ImageIO-39JL9I0R1TZQKSON2JSI7T03R.pcm

SwiftExplicitDependencyGeneratePcm arm64 /Users/adamkz/look/build/release-local/DerivedData/ModuleCache.noindex/Foundation-8FEGBJSYBHCLAZOUH9VX32TBG.pcm

SwiftExplicitDependencyGeneratePcm arm64 /Users/adamkz/look/build/release-local/DerivedData/ModuleCache.noindex/Symbols-2QZKP1448RNJ02LAURQ22T5YT.pcm

SwiftExplicitDependencyGeneratePcm arm64 /Users/adamkz/look/build/release-local/DerivedData/ModuleCache.noindex/JavaScriptCore-ACI8W0MH0G85CRMR49HRLD9DA.pcm

SwiftExplicitDependencyGeneratePcm arm64 /Users/adamkz/look/build/release-local/DerivedData/ModuleCache.noindex/Network-C60MWPWDVS20DM0QF78J3SVW1.pcm

SwiftExplicitDependencyGeneratePcm arm64 /Users/adamkz/look/build/release-local/DerivedData/ModuleCache.noindex/CoreTransferable-55BRJUA5VLVXF4Y5J0K234Q2K.pcm

SwiftExplicitDependencyGeneratePcm arm64 /Users/adamkz/look/build/release-local/DerivedData/ModuleCache.noindex/IOSurface-6QWHPSAOOIZNFIN6KYZWKRAKW.pcm

SwiftExplicitDependencyGeneratePcm arm64 /Users/adamkz/look/build/release-local/DerivedData/ModuleCache.noindex/OSLog-ESB118Y1FHJR2IT285M2SR6AJ.pcm

SwiftExplicitDependencyGeneratePcm arm64 /Users/adamkz/look/build/release-local/DerivedData/ModuleCache.noindex/LocalAuthentication-A4KNYY7ZCVOB0A01LY854GEX1.pcm

SwiftCompile normal arm64 Compiling\ LookAutomation.swift,\ ShortcutActions.swift /Users/adamkz/look/Sources/LookAutomation/Sources/LookAutomation.swift /Users/adamkz/look/Sources/LookAutomation/Sources/ShortcutActions.swift /Applications/Xcode.app/Contents/Developer/Toolchains/XcodeDefault.xctoolchain/usr/lib/swift/macosx/prebuilt-modules/26.2/_Concurrency.swiftmodule/arm64e-apple-macos.swiftmodule /Applications/Xcode.app/Contents/Developer/Toolchains/XcodeDefault.xctoolchain/usr/lib/swift/macosx/prebuilt-modules/26.2/ObjectiveC.swiftmodule/arm64e-apple-macos.swiftmodule /Applications/Xcode.app/Contents/Developer/Toolchains/XcodeDefault.xctoolchain/usr/lib/swift/macosx/prebuilt-modules/26.2/CoreFoundation.swiftmodule/arm64e-apple-macos.swiftmodule /Applications/Xcode.app/Contents/Developer/Toolchains/XcodeDefault.xctoolchain/usr/lib/swift/macosx/prebuilt-modules/26.2/_DarwinFoundation2.swiftmodule/arm64e-apple-macos.swiftmodule /Applications/Xcode.app/Contents/Developer/Toolchains/XcodeDefault.xctoolchain/usr/lib/swift/macosx/prebuilt-modules/26.2/Dispatch.swiftmodule/arm64e-apple-macos.swiftmodule /Applications/Xcode.app/Contents/Developer/Toolchains/XcodeDefault.xctoolchain/usr/lib/swift/macosx/prebuilt-modules/26.2/_Builtin_float.swiftmodule/arm64e-apple-macos.swiftmodule /Applications/Xcode.app/Contents/Developer/Toolchains/XcodeDefault.xctoolchain/usr/lib/swift/macosx/prebuilt-modules/26.2/Foundation.swiftmodule/arm64e-apple-macos.swiftmodule /Applications/Xcode.app/Contents/Developer/Toolchains/XcodeDefault.xctoolchain/usr/lib/swift/macosx/prebuilt-modules/26.2/System.swiftmodule/arm64e-apple-macos.swiftmodule /Applications/Xcode.app/Contents/Developer/Toolchains/XcodeDefault.xctoolchain/usr/lib/swift/macosx/prebuilt-modules/26.2/Observation.swiftmodule/arm64e-apple-macos.swiftmodule /Applications/Xcode.app/Contents/Developer/Toolchains/XcodeDefault.xctoolchain/usr/lib/swift/macosx/prebuilt-modules/26.2/_DarwinFoundation1.swiftmodule/arm64e-apple-macos.swiftmodule /Applications/Xcode.app/Contents/Developer/Toolchains/XcodeDefault.xctoolchain/usr/lib/swift/macosx/prebuilt-modules/26.2/Combine.swiftmodule/arm64e-apple-macos.swiftmodule /Applications/Xcode.app/Contents/Developer/Toolchains/XcodeDefault.xctoolchain/usr/lib/swift/macosx/prebuilt-modules/26.2/XPC.swiftmodule/arm64e-apple-macos.swiftmodule /Applications/Xcode.app/Contents/Developer/Toolchains/XcodeDefault.xctoolchain/usr/lib/swift/macosx/prebuilt-modules/26.2/_StringProcessing.swiftmodule/arm64e-apple-macos.swiftmodule /Applications/Xcode.app/Contents/Developer/Toolchains/XcodeDefault.xctoolchain/usr/lib/swift/macosx/prebuilt-modules/26.2/_DarwinFoundation3.swiftmodule/arm64e-apple-macos.swiftmodule /Applications/Xcode.app/Contents/Developer/Toolchains/XcodeDefault.xctoolchain/usr/lib/swift/macosx/prebuilt-modules/26.2/Swift.swiftmodule/arm64e-apple-macos.swiftmodule /Applications/Xcode.app/Contents/Developer/Toolchains/XcodeDefault.xctoolchain/usr/lib/swift/macosx/prebuilt-modules/26.2/IOKit.swiftmodule/arm64e-apple-macos.swiftmodule /Applications/Xcode.app/Contents/Developer/Toolchains/XcodeDefault.xctoolchain/usr/lib/swift/macosx/prebuilt-modules/26.2/Darwin.swiftmodule/arm64e-apple-macos.swiftmodule /Users/adamkz/look/build/release-local/DerivedData/ModuleCache.noindex/launch-A84NQJC75SAT32NMPRRBGQYJA.pcm /Users/adamkz/look/build/release-local/DerivedData/ModuleCache.noindex/Darwin-64GFM1A89BMTAVFW07NPG44OZ.pcm /Users/adamkz/look/build/release-local/DerivedData/ModuleCache.noindex/Foundation-8FEGBJSYBHCLAZOUH9VX32TBG.pcm /Users/adamkz/look/build/release-local/DerivedData/ModuleCache.noindex/_SwiftConcurrencyShims-8XTWEAXPIC3VEBF0GUQ0IDHC8.pcm /Users/adamkz/look/build/release-local/DerivedData/ModuleCache.noindex/_Builtin_inttypes-9EUQ4VJO7J1GTHW4IPBJEBCMZ.pcm /Users/adamkz/look/build/release-local/DerivedData/ModuleCache.noindex/libkern-7XDK96C5AJCTUYMJGLDHMDZ19.pcm /Users/adamkz/look/build/release-local/DerivedData/ModuleCache.noindex/ptrauth-1G5OIF90SOJZZ0B4RUVWKXU9H.pcm /Users/adamkz/look/build/release-local/DerivedData/ModuleCache.noindex/_Builtin_float-BE31ME7J52H1WVES0Q3K0MUHL.pcm /Users/adamkz/look/build/release-local/DerivedData/ModuleCache.noindex/_Builtin_stdint-25QQHA0X5ZJH5PRLLSVWV4501.pcm /Users/adamkz/look/build/release-local/DerivedData/ModuleCache.noindex/_Builtin_limits-IXU4JJJB2GD95J9JJBUVTCEJ.pcm /Users/adamkz/look/build/release-local/DerivedData/ModuleCache.noindex/ptrcheck-F0NVH6JZTM64VZ8L0MVL95LLC.pcm /Users/adamkz/look/build/release-local/DerivedData/ModuleCache.noindex/_DarwinFoundation3-1Q8R2MGY0B29VTGL8PDR7EC62.pcm /Users/adamkz/look/build/release-local/DerivedData/ModuleCache.noindex/libDER-DKE8NWLO3SIAELAP4ZXEDV9AB.pcm /Users/adamkz/look/build/release-local/DerivedData/ModuleCache.noindex/DiskArbitration-27A7TTR0BOBGRTE19V0OFTO6L.pcm /Users/adamkz/look/build/release-local/DerivedData/ModuleCache.noindex/Security-6ROB73MISVL03K3P9V4AQ8LT7.pcm /Users/adamkz/look/build/release-local/DerivedData/ModuleCache.noindex/ObjectiveC-4T1UIHUZ7Q8R2ZPMYHXD0KH0K.pcm /Users/adamkz/look/build/release-local/DerivedData/ModuleCache.noindex/XPC-4H2ECNXU18UL43KPTD0HHY9GC.pcm /Users/adamkz/look/build/release-local/DerivedData/ModuleCache.noindex/_AvailabilityInternal-EYNCLSPR5PQ27NKH19HHKD8N9.pcm /Users/adamkz/look/build/release-local/DerivedData/ModuleCache.noindex/os_workgroup-3ZR56BOZGN1GETEOMJAOCAL67.pcm /Users/adamkz/look/build/release-local/DerivedData/ModuleCache.noindex/CoreFoundation-3P9B3OQLKWW84P41S9ZSOMT2S.pcm /Users/adamkz/look/build/release-local/DerivedData/ModuleCache.noindex/os_object-6GN7Z1IIJ1LQWEJOKHAFV3576.pcm /Users/adamkz/look/build/release-local/DerivedData/ModuleCache.noindex/SwiftShims-EEYP3L1VLMAGWNWY4CX3WHVYT.pcm /Users/adamkz/look/build/release-local/DerivedData/ModuleCache.noindex/_Builtin_stddef-6FGLQ881JZOVA1DDF2WJTWKXO.pcm /Users/adamkz/look/build/release-local/DerivedData/ModuleCache.noindex/_DarwinFoundation2-CVYEXDJ7YGSNBR3PVPQAGIS7L.pcm /Users/adamkz/look/build/release-local/DerivedData/ModuleCache.noindex/_Builtin_stdbool-1ZC0ZG43BHJZHASN6OELYOA79.pcm /Users/adamkz/look/build/release-local/DerivedData/ModuleCache.noindex/CFNetwork-2BJSNMYHD2L6NR6RZOJ49ZYXI.pcm /Users/adamkz/look/build/release-local/DerivedData/ModuleCache.noindex/_DarwinFoundation1-ESWU0369N75I6O4KH9OLTGGWN.pcm /Users/adamkz/look/build/release-local/DerivedData/ModuleCache.noindex/Dispatch-4MHONNDJ23LB65KKSQ1P647Y5.pcm /Users/adamkz/look/build/release-local/DerivedData/ModuleCache.noindex/_Builtin_stdarg-2HDRGTIS1G4F7QXLZTEHTBQDG.pcm /Users/adamkz/look/build/release-local/DerivedData/ModuleCache.noindex/CoreServices-46O7YCBDJCV0C4VYVX83ULLRC.pcm /Users/adamkz/look/build/release-local/DerivedData/ModuleCache.noindex/IOKit-54NL2PD3L64P4AQ979MMEH416.pcm /Users/adamkz/look/build/release-local/DerivedData/ModuleCache.noindex/MachO-LGLNYZVU7FA5YRW5NEXOTNMX.pcm /Users/adamkz/look/build/release-local/DerivedData/ModuleCache.noindex/sys_types-45VRPNROSOF8G0EJWGRU02KQX.pcm /Users/adamkz/look/build/release-local/DerivedData/Build/Intermediates.noindex/Look.build/Release/LookAutomation.build/Objects-normal/arm64/LookAutomation-dependencies-1.json (in target 'LookAutomation' from project 'Look')
CompileSwift normal arm64 (in target 'LookAutomation' from project 'Look')
    cd /Users/adamkz/look
    

SwiftExplicitDependencyGeneratePcm arm64 /Users/adamkz/look/build/release-local/DerivedData/ModuleCache.noindex/CoreData-6140SQBIWURQUD77YRVDSF8QH.pcm

SwiftExplicitDependencyGeneratePcm arm64 /Users/adamkz/look/build/release-local/DerivedData/ModuleCache.noindex/UniformTypeIdentifiers-ECBGSH2EGGL9A1XEVEYR6ZFYW.pcm

SwiftExplicitDependencyGeneratePcm arm64 /Users/adamkz/look/build/release-local/DerivedData/ModuleCache.noindex/ApplicationServices-B6NJ0J8NWPDLA6IRLCWHTUAV2.pcm

SwiftExplicitDependencyGeneratePcm arm64 /Users/adamkz/look/build/release-local/DerivedData/ModuleCache.noindex/Accessibility-UTBYHXFMK1FGQNW20T4CCZKI.pcm

SwiftExplicitDependencyGeneratePcm arm64 /Users/adamkz/look/build/release-local/DerivedData/ModuleCache.noindex/DataDetection-AQREC9JEA53CBTGRVUW0OZ5WU.pcm

SwiftExplicitDependencyGeneratePcm arm64 /Users/adamkz/look/build/release-local/DerivedData/ModuleCache.noindex/Metal-69G41Q0B38RHUWZNCDFVJ3MCN.pcm

SwiftExplicitDependencyGeneratePcm arm64 /Users/adamkz/look/build/release-local/DerivedData/ModuleCache.noindex/CoreVideo-83ASD06HCFSVQO0Y998TP74JA.pcm

SwiftDriverJobDiscovery normal arm64 Compiling LookAutomation.swift, ShortcutActions.swift (in target 'LookAutomation' from project 'Look')

SwiftDriver\ Compilation\ Requirements LookAutomation normal arm64 com.apple.xcode.tools.swift.compiler (in target 'LookAutomation' from project 'Look')
    cd /Users/adamkz/look
    builtin-Swift-Compilation-Requirements -- /Applications/Xcode.app/Contents/Developer/Toolchains/XcodeDefault.xctoolchain/usr/bin/swiftc -module-name LookAutomation -O -whole-module-optimization -enforce-exclusivity\=checked @/Users/adamkz/look/build/release-local/DerivedData/Build/Intermediates.noindex/Look.build/Release/LookAutomation.build/Objects-normal/arm64/LookAutomation.SwiftFileList -enable-bare-slash-regex -enable-experimental-feature DebugDescriptionMacro -sdk /Applications/Xcode.app/Contents/Developer/Platforms/MacOSX.platform/Developer/SDKs/MacOSX26.2.sdk -target arm64-apple-macos14.0 -g -module-cache-path /Users/adamkz/look/build/release-local/DerivedData/ModuleCache.noindex -Xfrontend -serialize-debugging-options -swift-version 5 -I /Users/adamkz/look/build/release-local/DerivedData/Build/Products/Release -F /Users/adamkz/look/build/release-local/DerivedData/Build/Products/Release -emit-localized-strings -emit-localized-strings-path /Users/adamkz/look/build/release-local/DerivedData/Build/Intermediates.noindex/Look.build/Release/LookAutomation.build/Objects-normal/arm64 -c -num-threads 8 -Xcc -ivfsstatcache -Xcc /Users/adamkz/look/build/release-local/DerivedData/SDKStatCaches.noindex/macosx26.2-25C57-00fa09913b459cbbc988d1f6730289ae.sdkstatcache -output-file-map /Users/adamkz/look/build/release-local/DerivedData/Build/Intermediates.noindex/Look.build/Release/LookAutomation.build/Objects-normal/arm64/LookAutomation-OutputFileMap.json -use-frontend-parseable-output -save-temps -no-color-diagnostics -explicit-module-build -module-cache-path /Users/adamkz/look/build/release-local/DerivedData/Build/Intermediates.noindex/SwiftExplicitPrecompiledModules -clang-scanner-module-cache-path /Users/adamkz/look/build/release-local/DerivedData/ModuleCache.noindex -sdk-module-cache-path /Users/adamkz/look/build/release-local/DerivedData/ModuleCache.noindex -serialize-diagnostics -emit-dependencies -emit-module -emit-module-path /Users/adamkz/look/build/release-local/DerivedData/Build/Intermediates.noindex/Look.build/Release/LookAutomation.build/Objects-normal/arm64/LookAutomation.swiftmodule -validate-clang-modules-once -clang-build-session-file /Users/adamkz/look/build/release-local/DerivedData/ModuleCache.noindex/Session.modulevalidation -Xcc -I/Users/adamkz/look/build/release-local/DerivedData/Build/Intermediates.noindex/Look.build/Release/LookAutomation.build/swift-overrides.hmap -emit-const-values -Xfrontend -const-gather-protocols-file -Xfrontend /Users/adamkz/look/build/release-local/DerivedData/Build/Intermediates.noindex/Look.build/Release/LookAutomation.build/Objects-normal/arm64/LookAutomation_const_extract_protocols.json -Xcc -iquote -Xcc /Users/adamkz/look/build/release-local/DerivedData/Build/Intermediates.noindex/Look.build/Release/LookAutomation.build/LookAutomation-generated-files.hmap -Xcc -I/Users/adamkz/look/build/release-local/DerivedData/Build/Intermediates.noindex/Look.build/Release/LookAutomation.build/LookAutomation-own-target-headers.hmap -Xcc -I/Users/adamkz/look/build/release-local/DerivedData/Build/Intermediates.noindex/Look.build/Release/LookAutomation.build/LookAutomation-all-non-framework-target-headers.hmap -Xcc -ivfsoverlay -Xcc /Users/adamkz/look/build/release-local/DerivedData/Build/Intermediates.noindex/Look.build/Release/Look-c3f0a56ea084f757df82bdf40cd5ab63-VFS/all-product-headers.yaml -Xcc -iquote -Xcc /Users/adamkz/look/build/release-local/DerivedData/Build/Intermediates.noindex/Look.build/Release/LookAutomation.build/LookAutomation-project-headers.hmap -Xcc -I/Users/adamkz/look/build/release-local/DerivedData/Build/Products/Release/include -Xcc -I/Users/adamkz/look/build/release-local/DerivedData/Build/Intermediates.noindex/Look.build/Release/LookAutomation.build/DerivedSources-normal/arm64 -Xcc -I/Users/adamkz/look/build/release-local/DerivedData/Build/Intermediates.noindex/Look.build/Release/LookAutomation.build/DerivedSources/arm64 -Xcc -I/Users/adamkz/look/build/release-local/DerivedData/Build/Intermediates.noindex/Look.build/Release/LookAutomation.build/DerivedSources -emit-objc-header -emit-objc-header-path /Users/adamkz/look/build/release-local/DerivedData/Build/Intermediates.noindex/Look.build/Release/LookAutomation.build/Objects-normal/arm64/LookAutomation-Swift.h -working-directory /Users/adamkz/look -no-emit-module-separately-wmo

SwiftMergeGeneratedHeaders /Users/adamkz/look/build/release-local/DerivedData/Build/Products/Release/LookAutomation.framework/Versions/A/Headers/LookAutomation-Swift.h /Users/adamkz/look/build/release-local/DerivedData/Build/Intermediates.noindex/Look.build/Release/LookAutomation.build/Objects-normal/arm64/LookAutomation-Swift.h (in target 'LookAutomation' from project 'Look')
    cd /Users/adamkz/look
    builtin-swiftHeaderTool -arch arm64 /Users/adamkz/look/build/release-local/DerivedData/Build/Intermediates.noindex/Look.build/Release/LookAutomation.build/Objects-normal/arm64/LookAutomation-Swift.h -o /Users/adamkz/look/build/release-local/DerivedData/Build/Products/Release/LookAutomation.framework/Versions/A/Headers/LookAutomation-Swift.h

Copy /Users/adamkz/look/build/release-local/DerivedData/Build/Products/Release/LookAutomation.framework/Versions/A/Modules/LookAutomation.swiftmodule/arm64-apple-macos.abi.json /Users/adamkz/look/build/release-local/DerivedData/Build/Intermediates.noindex/Look.build/Release/LookAutomation.build/Objects-normal/arm64/LookAutomation.abi.json (in target 'LookAutomation' from project 'Look')
    cd /Users/adamkz/look
    builtin-copy -exclude .DS_Store -exclude CVS -exclude .svn -exclude .git -exclude .hg -resolve-src-symlinks -rename /Users/adamkz/look/build/release-local/DerivedData/Build/Intermediates.noindex/Look.build/Release/LookAutomation.build/Objects-normal/arm64/LookAutomation.abi.json /Users/adamkz/look/build/release-local/DerivedData/Build/Products/Release/LookAutomation.framework/Versions/A/Modules/LookAutomation.swiftmodule/arm64-apple-macos.abi.json

Copy /Users/adamkz/look/build/release-local/DerivedData/Build/Products/Release/LookAutomation.framework/Versions/A/Modules/LookAutomation.swiftmodule/arm64-apple-macos.swiftmodule /Users/adamkz/look/build/release-local/DerivedData/Build/Intermediates.noindex/Look.build/Release/LookAutomation.build/Objects-normal/arm64/LookAutomation.swiftmodule (in target 'LookAutomation' from project 'Look')
    cd /Users/adamkz/look
    builtin-copy -exclude .DS_Store -exclude CVS -exclude .svn -exclude .git -exclude .hg -resolve-src-symlinks -rename /Users/adamkz/look/build/release-local/DerivedData/Build/Intermediates.noindex/Look.build/Release/LookAutomation.build/Objects-normal/arm64/LookAutomation.swiftmodule /Users/adamkz/look/build/release-local/DerivedData/Build/Products/Release/LookAutomation.framework/Versions/A/Modules/LookAutomation.swiftmodule/arm64-apple-macos.swiftmodule

Copy /Users/adamkz/look/build/release-local/DerivedData/Build/Products/Release/LookAutomation.framework/Versions/A/Modules/LookAutomation.swiftmodule/arm64-apple-macos.swiftdoc /Users/adamkz/look/build/release-local/DerivedData/Build/Intermediates.noindex/Look.build/Release/LookAutomation.build/Objects-normal/arm64/LookAutomation.swiftdoc (in target 'LookAutomation' from project 'Look')
    cd /Users/adamkz/look
    builtin-copy -exclude .DS_Store -exclude CVS -exclude .svn -exclude .git -exclude .hg -resolve-src-symlinks -rename /Users/adamkz/look/build/release-local/DerivedData/Build/Intermediates.noindex/Look.build/Release/LookAutomation.build/Objects-normal/arm64/LookAutomation.swiftdoc /Users/adamkz/look/build/release-local/DerivedData/Build/Products/Release/LookAutomation.framework/Versions/A/Modules/LookAutomation.swiftmodule/arm64-apple-macos.swiftdoc

Copy /Users/adamkz/look/build/release-local/DerivedData/Build/Products/Release/LookAutomation.framework/Versions/A/Modules/LookAutomation.swiftmodule/Project/arm64-apple-macos.swiftsourceinfo /Users/adamkz/look/build/release-local/DerivedData/Build/Intermediates.noindex/Look.build/Release/LookAutomation.build/Objects-normal/arm64/LookAutomation.swiftsourceinfo (in target 'LookAutomation' from project 'Look')
    cd /Users/adamkz/look
    builtin-copy -exclude .DS_Store -exclude CVS -exclude .svn -exclude .git -exclude .hg -resolve-src-symlinks -rename /Users/adamkz/look/build/release-local/DerivedData/Build/Intermediates.noindex/Look.build/Release/LookAutomation.build/Objects-normal/arm64/LookAutomation.swiftsourceinfo /Users/adamkz/look/build/release-local/DerivedData/Build/Products/Release/LookAutomation.framework/Versions/A/Modules/LookAutomation.swiftmodule/Project/arm64-apple-macos.swiftsourceinfo

VerifyModule /Users/adamkz/look/build/release-local/DerivedData/Build/Products/Release/LookAutomation.framework (in target 'LookAutomation' from project 'Look')
    cd /Users/adamkz/look
    /Applications/Xcode.app/Contents/Developer/Toolchains/XcodeDefault.xctoolchain/usr/bin/modules-verifier /Users/adamkz/look/build/release-local/DerivedData/Build/Products/Release/LookAutomation.framework --clang /Applications/Xcode.app/Contents/Developer/Toolchains/XcodeDefault.xctoolchain/usr/bin/clang --diagnostic-filename-map /Users/adamkz/look/build/release-local/DerivedData/Build/Intermediates.noindex/Look.build/Release/LookAutomation.build/LookAutomation-diagnostic-filename-map.json --sdk /Applications/Xcode.app/Contents/Developer/Platforms/MacOSX.platform/Developer/SDKs/MacOSX26.2.sdk --intermediates-directory /Users/adamkz/look/build/release-local/DerivedData/Build/Intermediates.noindex/Look.build/Release/LookAutomation.build/VerifyModule --target arm64-apple-macos14.0 --language objective-c --standard gnu11 --standard gnu++20

ScanDependencies /Users/adamkz/look/build/release-local/DerivedData/Build/Intermediates.noindex/Look.build/Release/LookAutomation.build/Objects-normal/arm64/LookAutomation_vers.o /Users/adamkz/look/build/release-local/DerivedData/Build/Intermediates.noindex/Look.build/Release/LookAutomation.build/DerivedSources/LookAutomation_vers.c normal arm64 c com.apple.compilers.llvm.clang.1_0.compiler (in target 'LookAutomation' from project 'Look')
    cd /Users/adamkz/look
    
    Using response file: /Users/adamkz/look/build/release-local/DerivedData/Build/Intermediates.noindex/Look.build/Release/LookAutomation.build/Objects-normal/arm64/7187679823f38a2a940e0043cdf9d637-common-args.resp
    
    builtin-ScanDependencies -o /Users/adamkz/look/build/release-local/DerivedData/Build/Intermediates.noindex/Look.build/Release/LookAutomation.build/Objects-normal/arm64/LookAutomation_vers.o.scan -- /Applications/Xcode.app/Contents/Developer/Toolchains/XcodeDefault.xctoolchain/usr/bin/clang -x c -ivfsstatcache /Users/adamkz/look/build/release-local/DerivedData/SDKStatCaches.noindex/macosx26.2-25C57-00fa09913b459cbbc988d1f6730289ae.sdkstatcache -fmessage-length\=0 -fdiagnostics-show-note-include-stack -fmacro-backtrace-limit\=0 -fno-color-diagnostics -fmodules-prune-interval\=86400 -fmodules-prune-after\=345600 -fbuild-session-file\=/Users/adamkz/look/build/release-local/DerivedData/ModuleCache.noindex/Session.modulevalidation -fmodules-validate-once-per-build-session -Wnon-modular-include-in-framework-module -Werror\=non-modular-include-in-framework-module -Wno-trigraphs -Wno-missing-field-initializers -Wno-missing-prototypes -Werror\=return-type -Wdocumentation -Wunreachable-code -Wquoted-include-in-framework-header -Werror\=deprecated-objc-isa-usage -Werror\=objc-root-class -Wno-missing-braces -Wparentheses -Wswitch -Wunused-function -Wno-unused-label -Wno-unused-parameter -Wunused-variable -Wunused-value -Wempty-body -Wuninitialized -Wconditional-uninitialized -Wno-unknown-pragmas -Wno-shadow -Wno-four-char-constants -Wno-conversion -Wconstant-conversion -Wint-conversion -Wbool-conversion -Wenum-conversion -Wno-float-conversion -Wnon-literal-null-conversion -Wobjc-literal-conversion -Wshorten-64-to-32 -Wpointer-sign -Wno-newline-eof -Wno-implicit-fallthrough -fstrict-aliasing -Wdeprecated-declarations -Wno-sign-conversion -Winfinite-recursion -Wcomma -Wblock-capture-autoreleasing -Wstrict-prototypes -Wno-semicolon-before-method-body @/Users/adamkz/look/build/release-local/DerivedData/Build/Intermediates.noindex/Look.build/Release/LookAutomation.build/Objects-normal/arm64/7187679823f38a2a940e0043cdf9d637-common-args.resp -MMD -MT dependencies -MF /Users/adamkz/look/build/release-local/DerivedData/Build/Intermediates.noindex/Look.build/Release/LookAutomation.build/Objects-normal/arm64/LookAutomation_vers.d --serialize-diagnostics /Users/adamkz/look/build/release-local/DerivedData/Build/Intermediates.noindex/Look.build/Release/LookAutomation.build/Objects-normal/arm64/LookAutomation_vers.dia -c /Users/adamkz/look/build/release-local/DerivedData/Build/Intermediates.noindex/Look.build/Release/LookAutomation.build/DerivedSources/LookAutomation_vers.c -o /Users/adamkz/look/build/release-local/DerivedData/Build/Intermediates.noindex/Look.build/Release/LookAutomation.build/Objects-normal/arm64/LookAutomation_vers.o

SwiftExplicitDependencyGeneratePcm arm64 /Users/adamkz/look/build/release-local/DerivedData/ModuleCache.noindex/CoreImage-TP7MUJDK2AWH0X2D5WBNXXQ9.pcm

SwiftExplicitDependencyGeneratePcm arm64 /Users/adamkz/look/build/release-local/DerivedData/ModuleCache.noindex/QuartzCore-P7VVL8JP9SPXL0OV7ZKCF6DD.pcm

CompileC /Users/adamkz/look/build/release-local/DerivedData/Build/Intermediates.noindex/Look.build/Release/LookAutomation.build/Objects-normal/arm64/LookAutomation_vers.o /Users/adamkz/look/build/release-local/DerivedData/Build/Intermediates.noindex/Look.build/Release/LookAutomation.build/DerivedSources/LookAutomation_vers.c normal arm64 c com.apple.compilers.llvm.clang.1_0.compiler (in target 'LookAutomation' from project 'Look')
    cd /Users/adamkz/look
    
    Using response file: /Users/adamkz/look/build/release-local/DerivedData/Build/Intermediates.noindex/Look.build/Release/LookAutomation.build/Objects-normal/arm64/7187679823f38a2a940e0043cdf9d637-common-args.resp
    
    /Applications/Xcode.app/Contents/Developer/Toolchains/XcodeDefault.xctoolchain/usr/bin/clang -x c -ivfsstatcache /Users/adamkz/look/build/release-local/DerivedData/SDKStatCaches.noindex/macosx26.2-25C57-00fa09913b459cbbc988d1f6730289ae.sdkstatcache -fmessage-length\=0 -fdiagnostics-show-note-include-stack -fmacro-backtrace-limit\=0 -fno-color-diagnostics -fmodules-prune-interval\=86400 -fmodules-prune-after\=345600 -fbuild-session-file\=/Users/adamkz/look/build/release-local/DerivedData/ModuleCache.noindex/Session.modulevalidation -fmodules-validate-once-per-build-session -Wnon-modular-include-in-framework-module -Werror\=non-modular-include-in-framework-module -Wno-trigraphs -Wno-missing-field-initializers -Wno-missing-prototypes -Werror\=return-type -Wdocumentation -Wunreachable-code -Wquoted-include-in-framework-header -Werror\=deprecated-objc-isa-usage -Werror\=objc-root-class -Wno-missing-braces -Wparentheses -Wswitch -Wunused-function -Wno-unused-label -Wno-unused-parameter -Wunused-variable -Wunused-value -Wempty-body -Wuninitialized -Wconditional-uninitialized -Wno-unknown-pragmas -Wno-shadow -Wno-four-char-constants -Wno-conversion -Wconstant-conversion -Wint-conversion -Wbool-conversion -Wenum-conversion -Wno-float-conversion -Wnon-literal-null-conversion -Wobjc-literal-conversion -Wshorten-64-to-32 -Wpointer-sign -Wno-newline-eof -Wno-implicit-fallthrough -fstrict-aliasing -Wdeprecated-declarations -Wno-sign-conversion -Winfinite-recursion -Wcomma -Wblock-capture-autoreleasing -Wstrict-prototypes -Wno-semicolon-before-method-body @/Users/adamkz/look/build/release-local/DerivedData/Build/Intermediates.noindex/Look.build/Release/LookAutomation.build/Objects-normal/arm64/7187679823f38a2a940e0043cdf9d637-common-args.resp -MMD -MT dependencies -MF /Users/adamkz/look/build/release-local/DerivedData/Build/Intermediates.noindex/Look.build/Release/LookAutomation.build/Objects-normal/arm64/LookAutomation_vers.d --serialize-diagnostics /Users/adamkz/look/build/release-local/DerivedData/Build/Intermediates.noindex/Look.build/Release/LookAutomation.build/Objects-normal/arm64/LookAutomation_vers.dia -c /Users/adamkz/look/build/release-local/DerivedData/Build/Intermediates.noindex/Look.build/Release/LookAutomation.build/DerivedSources/LookAutomation_vers.c -o /Users/adamkz/look/build/release-local/DerivedData/Build/Intermediates.noindex/Look.build/Release/LookAutomation.build/Objects-normal/arm64/LookAutomation_vers.o

SwiftExplicitDependencyGeneratePcm arm64 /Users/adamkz/look/build/release-local/DerivedData/ModuleCache.noindex/SwiftUICore-N8SLVUPPL6TXQJKYC7XR8739.pcm

SwiftExplicitDependencyGeneratePcm arm64 /Users/adamkz/look/build/release-local/DerivedData/ModuleCache.noindex/AppKit-9LGL4XWBDCEEID24666SQC5B5.pcm

Ld /Users/adamkz/look/build/release-local/DerivedData/Build/Products/Release/LookAutomation.framework/Versions/A/LookAutomation normal (in target 'LookAutomation' from project 'Look')
    cd /Users/adamkz/look
    /Applications/Xcode.app/Contents/Developer/Toolchains/XcodeDefault.xctoolchain/usr/bin/clang -Xlinker -reproducible -target arm64-apple-macos14.0 -dynamiclib -isysroot /Applications/Xcode.app/Contents/Developer/Platforms/MacOSX.platform/Developer/SDKs/MacOSX26.2.sdk -Os -L/Users/adamkz/look/build/release-local/DerivedData/Build/Intermediates.noindex/EagerLinkingTBDs/Release -L/Users/adamkz/look/build/release-local/DerivedData/Build/Products/Release -F/Users/adamkz/look/build/release-local/DerivedData/Build/Intermediates.noindex/EagerLinkingTBDs/Release -F/Users/adamkz/look/build/release-local/DerivedData/Build/Products/Release -filelist /Users/adamkz/look/build/release-local/DerivedData/Build/Intermediates.noindex/Look.build/Release/LookAutomation.build/Objects-normal/arm64/LookAutomation.LinkFileList -install_name @rpath/LookAutomation.framework/Versions/A/LookAutomation -Xlinker -rpath -Xlinker /usr/lib/swift -Xlinker -rpath -Xlinker @executable_path/../Frameworks -Xlinker -rpath -Xlinker @loader_path/Frameworks -dead_strip -Xlinker -object_path_lto -Xlinker /Users/adamkz/look/build/release-local/DerivedData/Build/Intermediates.noindex/Look.build/Release/LookAutomation.build/Objects-normal/arm64/LookAutomation_lto.o -Xlinker -dependency_info -Xlinker /Users/adamkz/look/build/release-local/DerivedData/Build/Intermediates.noindex/Look.build/Release/LookAutomation.build/Objects-normal/arm64/LookAutomation_dependency_info.dat -fobjc-link-runtime -L/Applications/Xcode.app/Contents/Developer/Toolchains/XcodeDefault.xctoolchain/usr/lib/swift/macosx -L/usr/lib/swift -Xlinker -add_ast_path -Xlinker /Users/adamkz/look/build/release-local/DerivedData/Build/Intermediates.noindex/Look.build/Release/LookAutomation.build/Objects-normal/arm64/LookAutomation.swiftmodule @/Users/adamkz/look/build/release-local/DerivedData/Build/Intermediates.noindex/Look.build/Release/LookAutomation.build/Objects-normal/arm64/LookAutomation-linker-args.resp -o /Users/adamkz/look/build/release-local/DerivedData/Build/Products/Release/LookAutomation.framework/Versions/A/LookAutomation

ExtractAppIntentsMetadata (in target 'LookAutomation' from project 'Look')
    cd /Users/adamkz/look
    /Applications/Xcode.app/Contents/Developer/Toolchains/XcodeDefault.xctoolchain/usr/bin/appintentsmetadataprocessor --toolchain-dir /Applications/Xcode.app/Contents/Developer/Toolchains/XcodeDefault.xctoolchain --module-name LookAutomation --sdk-root /Applications/Xcode.app/Contents/Developer/Platforms/MacOSX.platform/Developer/SDKs/MacOSX26.2.sdk --xcode-version 17C52 --platform-family macOS --deployment-target 14.0 --bundle-identifier com.look.LookAutomation --output /Users/adamkz/look/build/release-local/DerivedData/Build/Products/Release/LookAutomation.framework/Versions/A/Resources --target-triple arm64-apple-macos14.0 --binary-file /Users/adamkz/look/build/release-local/DerivedData/Build/Products/Release/LookAutomation.framework/Versions/A/LookAutomation --dependency-file /Users/adamkz/look/build/release-local/DerivedData/Build/Intermediates.noindex/Look.build/Release/LookAutomation.build/Objects-normal/arm64/LookAutomation_dependency_info.dat --stringsdata-file /Users/adamkz/look/build/release-local/DerivedData/Build/Intermediates.noindex/Look.build/Release/LookAutomation.build/Objects-normal/arm64/ExtractedAppShortcutsMetadata.stringsdata --source-file-list /Users/adamkz/look/build/release-local/DerivedData/Build/Intermediates.noindex/Look.build/Release/LookAutomation.build/Objects-normal/arm64/LookAutomation.SwiftFileList --metadata-file-list /Users/adamkz/look/build/release-local/DerivedData/Build/Intermediates.noindex/Look.build/Release/LookAutomation.build/LookAutomation.DependencyMetadataFileList --static-metadata-file-list /Users/adamkz/look/build/release-local/DerivedData/Build/Intermediates.noindex/Look.build/Release/LookAutomation.build/LookAutomation.DependencyStaticMetadataFileList --swift-const-vals-list /Users/adamkz/look/build/release-local/DerivedData/Build/Intermediates.noindex/Look.build/Release/LookAutomation.build/Objects-normal/arm64/LookAutomation.SwiftConstValuesFileList --compile-time-extraction --deployment-aware-processing --validate-assistant-intents --no-app-shortcuts-localization
2026-02-28 01:55:02.236 appintentsmetadataprocessor[88179:5392768] Starting appintentsmetadataprocessor export
2026-02-28 01:55:02.240 appintentsmetadataprocessor[88179:5392768] warning: Metadata extraction skipped. No AppIntents.framework dependency found.

GenerateDSYMFile /Users/adamkz/look/build/release-local/DerivedData/Build/Products/Release/LookAutomation.framework.dSYM /Users/adamkz/look/build/release-local/DerivedData/Build/Products/Release/LookAutomation.framework/Versions/A/LookAutomation (in target 'LookAutomation' from project 'Look')
    cd /Users/adamkz/look
    /Applications/Xcode.app/Contents/Developer/Toolchains/XcodeDefault.xctoolchain/usr/bin/dsymutil /Users/adamkz/look/build/release-local/DerivedData/Build/Products/Release/LookAutomation.framework/Versions/A/LookAutomation -o /Users/adamkz/look/build/release-local/DerivedData/Build/Products/Release/LookAutomation.framework.dSYM

GenerateTAPI /Users/adamkz/look/build/release-local/DerivedData/Build/Intermediates.noindex/EagerLinkingTBDs/Release/LookAutomation.framework/Versions/A/LookAutomation.tbd (in target 'LookAutomation' from project 'Look')
    cd /Users/adamkz/look
    /Applications/Xcode.app/Contents/Developer/Toolchains/XcodeDefault.xctoolchain/usr/bin/tapi stubify -isysroot /Applications/Xcode.app/Contents/Developer/Platforms/MacOSX.platform/Developer/SDKs/MacOSX26.2.sdk -F/Users/adamkz/look/build/release-local/DerivedData/Build/Products/Release -L/Users/adamkz/look/build/release-local/DerivedData/Build/Products/Release /Users/adamkz/look/build/release-local/DerivedData/Build/Products/Release/LookAutomation.framework/Versions/A/LookAutomation -o /Users/adamkz/look/build/release-local/DerivedData/Build/Intermediates.noindex/EagerLinkingTBDs/Release/LookAutomation.framework/Versions/A/LookAutomation.tbd

RegisterExecutionPolicyException /Users/adamkz/look/build/release-local/DerivedData/Build/Products/Release/LookAutomation.framework (in target 'LookAutomation' from project 'Look')
    cd /Users/adamkz/look
    builtin-RegisterExecutionPolicyException /Users/adamkz/look/build/release-local/DerivedData/Build/Products/Release/LookAutomation.framework

Touch /Users/adamkz/look/build/release-local/DerivedData/Build/Products/Release/LookAutomation.framework (in target 'LookAutomation' from project 'Look')
    cd /Users/adamkz/look
    /usr/bin/touch -c /Users/adamkz/look/build/release-local/DerivedData/Build/Products/Release/LookAutomation.framework

SymLink /Users/adamkz/look/build/release-local/DerivedData/Build/Intermediates.noindex/EagerLinkingTBDs/Release/LookAutomation.framework/LookAutomation.tbd /Users/adamkz/look/build/release-local/DerivedData/Build/Intermediates.noindex/EagerLinkingTBDs/Release/LookAutomation.framework/Versions/A/LookAutomation.tbd (in target 'LookAutomation' from project 'Look')
    cd /Users/adamkz/look
    /bin/ln -sfh /Users/adamkz/look/build/release-local/DerivedData/Build/Intermediates.noindex/EagerLinkingTBDs/Release/LookAutomation.framework/Versions/A/LookAutomation.tbd /Users/adamkz/look/build/release-local/DerivedData/Build/Intermediates.noindex/EagerLinkingTBDs/Release/LookAutomation.framework/LookAutomation.tbd

SwiftExplicitDependencyGeneratePcm arm64 /Users/adamkz/look/build/release-local/DerivedData/ModuleCache.noindex/WebKit-1JDA2GK49YRKOLKLAZ8V463WU.pcm

SwiftExplicitDependencyGeneratePcm arm64 /Users/adamkz/look/build/release-local/DerivedData/ModuleCache.noindex/Cocoa-N2JBRGV56HBPGU16VBHIGC1V.pcm

SwiftExplicitDependencyGeneratePcm arm64 /Users/adamkz/look/build/release-local/DerivedData/ModuleCache.noindex/SwiftUI-EODAOBTFYULOB79N1LAKIM47B.pcm

SwiftExplicitDependencyGeneratePcm arm64 /Users/adamkz/look/build/release-local/DerivedData/ModuleCache.noindex/PDFKit-DHEN4OYNEKK7NM1ORWYO99M4O.pcm

SwiftCompile normal arm64 Compiling\ LookData.swift,\ PersistenceController.swift,\ LibraryRootStore.swift,\ LookLogger.swift,\ Telemetry.swift,\ AnnotationService.swift,\ CollectionService.swift,\ DocumentService.swift,\ EPUBParser.swift,\ ImportService.swift,\ ThumbnailService.swift,\ Document+CoreDataClass.swift,\ Document+CoreDataProperties.swift,\ Note+CoreDataClass.swift,\ Note+CoreDataProperties.swift,\ Annotation+CoreDataClass.swift,\ Annotation+CoreDataProperties.swift,\ DocumentCollection+CoreDataClass.swift,\ DocumentCollection+CoreDataProperties.swift,\ Tag+CoreDataClass.swift,\ Tag+CoreDataProperties.swift,\ Attachment+CoreDataClass.swift,\ Attachment+CoreDataProperties.swift,\ Link+CoreDataClass.swift,\ Link+CoreDataProperties.swift,\ LookModel+CoreDataModel.swift /Users/adamkz/look/Sources/LookData/Sources/LookData.swift /Users/adamkz/look/Sources/LookData/Sources/PersistenceController.swift /Users/adamkz/look/Sources/LookData/Sources/LibraryRootStore.swift /Users/adamkz/look/Sources/LookData/Sources/LookLogger.swift /Users/adamkz/look/Shared/Support/Telemetry.swift /Users/adamkz/look/Sources/LookData/Sources/AnnotationService.swift /Users/adamkz/look/Sources/LookData/Sources/CollectionService.swift /Users/adamkz/look/Sources/LookData/Sources/DocumentService.swift /Users/adamkz/look/Sources/LookData/Sources/EPUBParser.swift /Users/adamkz/look/Sources/LookData/Sources/ImportService.swift /Users/adamkz/look/Sources/LookData/Sources/ThumbnailService.swift /Users/adamkz/look/build/release-local/DerivedData/Build/Intermediates.noindex/Look.build/Release/LookData.build/DerivedSources/CoreDataGenerated/LookModel/Document+CoreDataClass.swift /Users/adamkz/look/build/release-local/DerivedData/Build/Intermediates.noindex/Look.build/Release/LookData.build/DerivedSources/CoreDataGenerated/LookModel/Document+CoreDataProperties.swift /Users/adamkz/look/build/release-local/DerivedData/Build/Intermediates.noindex/Look.build/Release/LookData.build/DerivedSources/CoreDataGenerated/LookModel/Note+CoreDataClass.swift /Users/adamkz/look/build/release-local/DerivedData/Build/Intermediates.noindex/Look.build/Release/LookData.build/DerivedSources/CoreDataGenerated/LookModel/Note+CoreDataProperties.swift /Users/adamkz/look/build/release-local/DerivedData/Build/Intermediates.noindex/Look.build/Release/LookData.build/DerivedSources/CoreDataGenerated/LookModel/Annotation+CoreDataClass.swift /Users/adamkz/look/build/release-local/DerivedData/Build/Intermediates.noindex/Look.build/Release/LookData.build/DerivedSources/CoreDataGenerated/LookModel/Annotation+CoreDataProperties.swift /Users/adamkz/look/build/release-local/DerivedData/Build/Intermediates.noindex/Look.build/Release/LookData.build/DerivedSources/CoreDataGenerated/LookModel/DocumentCollection+CoreDataClass.swift /Users/adamkz/look/build/release-local/DerivedData/Build/Intermediates.noindex/Look.build/Release/LookData.build/DerivedSources/CoreDataGenerated/LookModel/DocumentCollection+CoreDataProperties.swift /Users/adamkz/look/build/release-local/DerivedData/Build/Intermediates.noindex/Look.build/Release/LookData.build/DerivedSources/CoreDataGenerated/LookModel/Tag+CoreDataClass.swift /Users/adamkz/look/build/release-local/DerivedData/Build/Intermediates.noindex/Look.build/Release/LookData.build/DerivedSources/CoreDataGenerated/LookModel/Tag+CoreDataProperties.swift /Users/adamkz/look/build/release-local/DerivedData/Build/Intermediates.noindex/Look.build/Release/LookData.build/DerivedSources/CoreDataGenerated/LookModel/Attachment+CoreDataClass.swift /Users/adamkz/look/build/release-local/DerivedData/Build/Intermediates.noindex/Look.build/Release/LookData.build/DerivedSources/CoreDataGenerated/LookModel/Attachment+CoreDataProperties.swift /Users/adamkz/look/build/release-local/DerivedData/Build/Intermediates.noindex/Look.build/Release/LookData.build/DerivedSources/CoreDataGenerated/LookModel/Link+CoreDataClass.swift /Users/adamkz/look/build/release-local/DerivedData/Build/Intermediates.noindex/Look.build/Release/LookData.build/DerivedSources/CoreDataGenerated/LookModel/Link+CoreDataProperties.swift /Users/adamkz/look/build/release-local/DerivedData/Build/Intermediates.noindex/Look.build/Release/LookData.build/DerivedSources/CoreDataGenerated/LookModel/LookModel+CoreDataModel.swift /Applications/Xcode.app/Contents/Developer/Toolchains/XcodeDefault.xctoolchain/usr/lib/swift/macosx/prebuilt-modules/26.2/Darwin.swiftmodule/arm64e-apple-macos.swiftmodule /Applications/Xcode.app/Contents/Developer/Toolchains/XcodeDefault.xctoolchain/usr/lib/swift/macosx/prebuilt-modules/26.2/ObjectiveC.swiftmodule/arm64e-apple-macos.swiftmodule /Applications/Xcode.app/Contents/Developer/Toolchains/XcodeDefault.xctoolchain/usr/lib/swift/macosx/prebuilt-modules/26.2/_DarwinFoundation1.swiftmodule/arm64e-apple-macos.swiftmodule /Applications/Xcode.app/Contents/Developer/Toolchains/XcodeDefault.xctoolchain/usr/lib/swift/macosx/prebuilt-modules/26.2/Compression.swiftmodule/arm64e-apple-macos.swiftmodule /Applications/Xcode.app/Contents/Developer/Toolchains/XcodeDefault.xctoolchain/usr/lib/swift/macosx/prebuilt-modules/26.2/_Concurrency.swiftmodule/arm64e-apple-macos.swiftmodule /Applications/Xcode.app/Contents/Developer/Toolchains/XcodeDefault.xctoolchain/usr/lib/swift/macosx/prebuilt-modules/26.2/CoreText.swiftmodule/arm64e-apple-macos.swiftmodule /Applications/Xcode.app/Contents/Developer/Toolchains/XcodeDefault.xctoolchain/usr/lib/swift/macosx/prebuilt-modules/26.2/CoreImage.swiftmodule/arm64e-apple-macos.swiftmodule /Applications/Xcode.app/Contents/Developer/Toolchains/XcodeDefault.xctoolchain/usr/lib/swift/macosx/prebuilt-modules/26.2/CryptoKit.swiftmodule/arm64e-apple-macos.swiftmodule /Applications/Xcode.app/Contents/Developer/Toolchains/XcodeDefault.xctoolchain/usr/lib/swift/macosx/prebuilt-modules/26.2/IOKit.swiftmodule/arm64e-apple-macos.swiftmodule /Applications/Xcode.app/Contents/Developer/Toolchains/XcodeDefault.xctoolchain/usr/lib/swift/macosx/prebuilt-modules/26.2/DeveloperToolsSupport.swiftmodule/arm64e-apple-macos.swiftmodule /Applications/Xcode.app/Contents/Developer/Toolchains/XcodeDefault.xctoolchain/usr/lib/swift/macosx/prebuilt-modules/26.2/Dispatch.swiftmodule/arm64e-apple-macos.swiftmodule /Applications/Xcode.app/Contents/Developer/Toolchains/XcodeDefault.xctoolchain/usr/lib/swift/macosx/prebuilt-modules/26.2/CoreData.swiftmodule/arm64e-apple-macos.swiftmodule /Applications/Xcode.app/Contents/Developer/Toolchains/XcodeDefault.xctoolchain/usr/lib/swift/macosx/prebuilt-modules/26.2/Observation.swiftmodule/arm64e-apple-macos.swiftmodule /Applications/Xcode.app/Contents/Developer/Toolchains/XcodeDefault.xctoolchain/usr/lib/swift/macosx/prebuilt-modules/26.2/Accessibility.swiftmodule/arm64e-apple-macos.swiftmodule /Applications/Xcode.app/Contents/Developer/Toolchains/XcodeDefault.xctoolchain/usr/lib/swift/macosx/prebuilt-modules/26.2/CoreFoundation.swiftmodule/arm64e-apple-macos.swiftmodule /Applications/Xcode.app/Contents/Developer/Toolchains/XcodeDefault.xctoolchain/usr/lib/swift/macosx/prebuilt-modules/26.2/Symbols.swiftmodule/arm64e-apple-macos.swiftmodule /Applications/Xcode.app/Contents/Developer/Toolchains/XcodeDefault.xctoolchain/usr/lib/swift/macosx/prebuilt-modules/26.2/Metal.swiftmodule/arm64e-apple-macos.swiftmodule /Applications/Xcode.app/Contents/Developer/Toolchains/XcodeDefault.xctoolchain/usr/lib/swift/macosx/prebuilt-modules/26.2/simd.swiftmodule/arm64e-apple-macos.swiftmodule /Applications/Xcode.app/Contents/Developer/Toolchains/XcodeDefault.xctoolchain/usr/lib/swift/macosx/prebuilt-modules/26.2/LocalAuthentication.swiftmodule/arm64e-apple-macos.swiftmodule /Applications/Xcode.app/Contents/Developer/Toolchains/XcodeDefault.xctoolchain/usr/lib/swift/macosx/prebuilt-modules/26.2/System.swiftmodule/arm64e-apple-macos.swiftmodule /Applications/Xcode.app/Contents/Developer/Toolchains/XcodeDefault.xctoolchain/usr/lib/swift/macosx/prebuilt-modules/26.2/_DarwinFoundation3.swiftmodule/arm64e-apple-macos.swiftmodule /Applications/Xcode.app/Contents/Developer/Toolchains/XcodeDefault.xctoolchain/usr/lib/swift/macosx/prebuilt-modules/26.2/PDFKit.swiftmodule/arm64e-apple-macos.swiftmodule /Applications/Xcode.app/Contents/Developer/Toolchains/XcodeDefault.xctoolchain/usr/lib/swift/macosx/prebuilt-modules/26.2/_DarwinFoundation2.swiftmodule/arm64e-apple-macos.swiftmodule /Applications/Xcode.app/Contents/Developer/Toolchains/XcodeDefault.xctoolchain/usr/lib/swift/macosx/prebuilt-modules/26.2/OSLog.swiftmodule/arm64e-apple-macos.swiftmodule /Applications/Xcode.app/Contents/Developer/Toolchains/XcodeDefault.xctoolchain/usr/lib/swift/macosx/prebuilt-modules/26.2/XPC.swiftmodule/arm64e-apple-macos.swiftmodule /Applications/Xcode.app/Contents/Developer/Toolchains/XcodeDefault.xctoolchain/usr/lib/swift/macosx/prebuilt-modules/26.2/DataDetection.swiftmodule/arm64e-apple-macos.swiftmodule /Applications/Xcode.app/Contents/Developer/Toolchains/XcodeDefault.xctoolchain/usr/lib/swift/macosx/prebuilt-modules/26.2/CoreVideo.swiftmodule/arm64e-apple-macos.swiftmodule /Applications/Xcode.app/Contents/Developer/Toolchains/XcodeDefault.xctoolchain/usr/lib/swift/macosx/prebuilt-modules/26.2/_StringProcessing.swiftmodule/arm64e-apple-macos.swiftmodule /Applications/Xcode.app/Contents/Developer/Toolchains/XcodeDefault.xctoolchain/usr/lib/swift/macosx/prebuilt-modules/26.2/Swift.swiftmodule/arm64e-apple-macos.swiftmodule /Applications/Xcode.app/Contents/Developer/Toolchains/XcodeDefault.xctoolchain/usr/lib/swift/macosx/prebuilt-modules/26.2/os.swiftmodule/arm64e-apple-macos.swiftmodule /Applications/Xcode.app/Contents/Developer/Toolchains/XcodeDefault.xctoolchain/usr/lib/swift/macosx/prebuilt-modules/26.2/AppKit.swiftmodule/arm64e-apple-macos.swiftmodule /Applications/Xcode.app/Contents/Developer/Toolchains/XcodeDefault.xctoolchain/usr/lib/swift/macosx/prebuilt-modules/26.2/SwiftUICore.swiftmodule/arm64e-apple-macos.swiftmodule /Applications/Xcode.app/Contents/Developer/Toolchains/XcodeDefault.xctoolchain/usr/lib/swift/macosx/prebuilt-modules/26.2/QuartzCore.swiftmodule/arm64e-apple-macos.swiftmodule /Applications/Xcode.app/Contents/Developer/Toolchains/XcodeDefault.xctoolchain/usr/lib/swift/macosx/prebuilt-modules/26.2/_Builtin_float.swiftmodule/arm64e-apple-macos.swiftmodule /Applications/Xcode.app/Contents/Developer/Toolchains/XcodeDefault.xctoolchain/usr/lib/swift/macosx/prebuilt-modules/26.2/Combine.swiftmodule/arm64e-apple-macos.swiftmodule /Applications/Xcode.app/Contents/Developer/Toolchains/XcodeDefault.xctoolchain/usr/lib/swift/macosx/prebuilt-modules/26.2/Foundation.swiftmodule/arm64e-apple-macos.swiftmodule /Applications/Xcode.app/Contents/Developer/Toolchains/XcodeDefault.xctoolchain/usr/lib/swift/macosx/prebuilt-modules/26.2/UniformTypeIdentifiers.swiftmodule/arm64e-apple-macos.swiftmodule /Applications/Xcode.app/Contents/Developer/Toolchains/XcodeDefault.xctoolchain/usr/lib/swift/macosx/prebuilt-modules/26.2/CoreTransferable.swiftmodule/arm64e-apple-macos.swiftmodule /Applications/Xcode.app/Contents/Developer/Toolchains/XcodeDefault.xctoolchain/usr/lib/swift/macosx/prebuilt-modules/26.2/CoreGraphics.swiftmodule/arm64e-apple-macos.swiftmodule /Users/adamkz/look/build/release-local/DerivedData/ModuleCache.noindex/os_object-6GN7Z1IIJ1LQWEJOKHAFV3576.pcm /Users/adamkz/look/build/release-local/DerivedData/ModuleCache.noindex/_SwiftConcurrencyShims-8XTWEAXPIC3VEBF0GUQ0IDHC8.pcm /Users/adamkz/look/build/release-local/DerivedData/ModuleCache.noindex/CoreFoundation-3P9B3OQLKWW84P41S9ZSOMT2S.pcm /Users/adamkz/look/build/release-local/DerivedData/ModuleCache.noindex/QuartzCore-P7VVL8JP9SPXL0OV7ZKCF6DD.pcm /Users/adamkz/look/build/release-local/DerivedData/ModuleCache.noindex/ptrauth-1G5OIF90SOJZZ0B4RUVWKXU9H.pcm /Users/adamkz/look/build/release-local/DerivedData/ModuleCache.noindex/_Builtin_inttypes-9EUQ4VJO7J1GTHW4IPBJEBCMZ.pcm /Users/adamkz/look/build/release-local/DerivedData/ModuleCache.noindex/_DarwinFoundation3-1Q8R2MGY0B29VTGL8PDR7EC62.pcm /Users/adamkz/look/build/release-local/DerivedData/ModuleCache.noindex/DeveloperToolsSupport-2TB72YLCP10FKMGPOOX9V7R9Z.pcm /Users/adamkz/look/build/release-local/DerivedData/ModuleCache.noindex/ObjectiveC-4T1UIHUZ7Q8R2ZPMYHXD0KH0K.pcm /Users/adamkz/look/build/release-local/DerivedData/ModuleCache.noindex/os-7KF104MTY80MF4X9ZSS4BBKE3.pcm /Users/adamkz/look/build/release-local/DerivedData/ModuleCache.noindex/os_workgroup-3ZR56BOZGN1GETEOMJAOCAL67.pcm /Users/adamkz/look/build/release-local/DerivedData/ModuleCache.noindex/_AvailabilityInternal-EYNCLSPR5PQ27NKH19HHKD8N9.pcm /Users/adamkz/look/build/release-local/DerivedData/ModuleCache.noindex/LocalAuthentication-A4KNYY7ZCVOB0A01LY854GEX1.pcm /Users/adamkz/look/build/release-local/DerivedData/ModuleCache.noindex/CoreVideo-83ASD06HCFSVQO0Y998TP74JA.pcm /Users/adamkz/look/build/release-local/DerivedData/ModuleCache.noindex/Symbols-2QZKP1448RNJ02LAURQ22T5YT.pcm /Users/adamkz/look/build/release-local/DerivedData/ModuleCache.noindex/CoreImage-TP7MUJDK2AWH0X2D5WBNXXQ9.pcm /Users/adamkz/look/build/release-local/DerivedData/ModuleCache.noindex/CoreTransferable-55BRJUA5VLVXF4Y5J0K234Q2K.pcm /Users/adamkz/look/build/release-local/DerivedData/ModuleCache.noindex/Metal-69G41Q0B38RHUWZNCDFVJ3MCN.pcm /Users/adamkz/look/build/release-local/DerivedData/ModuleCache.noindex/_DarwinFoundation2-CVYEXDJ7YGSNBR3PVPQAGIS7L.pcm /Users/adamkz/look/build/release-local/DerivedData/ModuleCache.noindex/_Builtin_intrinsics-85LXXC2H2CGVQJ2A0RR202Y93.pcm /Users/adamkz/look/build/release-local/DerivedData/ModuleCache.noindex/CoreData-6140SQBIWURQUD77YRVDSF8QH.pcm /Users/adamkz/look/build/release-local/DerivedData/ModuleCache.noindex/AppKit-9LGL4XWBDCEEID24666SQC5B5.pcm /Users/adamkz/look/build/release-local/DerivedData/ModuleCache.noindex/DataDetection-AQREC9JEA53CBTGRVUW0OZ5WU.pcm /Users/adamkz/look/build/release-local/DerivedData/ModuleCache.noindex/ApplicationServices-B6NJ0J8NWPDLA6IRLCWHTUAV2.pcm /Users/adamkz/look/build/release-local/DerivedData/ModuleCache.noindex/OSLog-ESB118Y1FHJR2IT285M2SR6AJ.pcm /Users/adamkz/look/build/release-local/DerivedData/ModuleCache.noindex/CoreText-4P5XTA8G9098HXPW307FJT3U7.pcm /Users/adamkz/look/build/release-local/DerivedData/ModuleCache.noindex/_Builtin_stddef-6FGLQ881JZOVA1DDF2WJTWKXO.pcm /Users/adamkz/look/build/release-local/DerivedData/ModuleCache.noindex/MachO-LGLNYZVU7FA5YRW5NEXOTNMX.pcm /Users/adamkz/look/build/release-local/DerivedData/ModuleCache.noindex/Security-6ROB73MISVL03K3P9V4AQ8LT7.pcm /Users/adamkz/look/build/release-local/DerivedData/ModuleCache.noindex/libDER-DKE8NWLO3SIAELAP4ZXEDV9AB.pcm /Users/adamkz/look/build/release-local/DerivedData/ModuleCache.noindex/Darwin-64GFM1A89BMTAVFW07NPG44OZ.pcm /Users/adamkz/look/build/release-local/DerivedData/ModuleCache.noindex/Foundation-8FEGBJSYBHCLAZOUH9VX32TBG.pcm /Users/adamkz/look/build/release-local/DerivedData/ModuleCache.noindex/CoreGraphics-6E9JCMH231QCDL3VEGDIIG3EJ.pcm /Users/adamkz/look/build/release-local/DerivedData/ModuleCache.noindex/_Builtin_limits-IXU4JJJB2GD95J9JJBUVTCEJ.pcm /Users/adamkz/look/build/release-local/DerivedData/ModuleCache.noindex/UniformTypeIdentifiers-ECBGSH2EGGL9A1XEVEYR6ZFYW.pcm /Users/adamkz/look/build/release-local/DerivedData/ModuleCache.noindex/IOKit-54NL2PD3L64P4AQ979MMEH416.pcm /Users/adamkz/look/build/release-local/DerivedData/ModuleCache.noindex/CFNetwork-2BJSNMYHD2L6NR6RZOJ49ZYXI.pcm /Users/adamkz/look/build/release-local/DerivedData/ModuleCache.noindex/libkern-7XDK96C5AJCTUYMJGLDHMDZ19.pcm /Users/adamkz/look/build/release-local/DerivedData/ModuleCache.noindex/ColorSync-4LSWHSKQ1XCQ2E2E6QB5THARD.pcm /Users/adamkz/look/build/release-local/DerivedData/ModuleCache.noindex/launch-A84NQJC75SAT32NMPRRBGQYJA.pcm /Users/adamkz/look/build/release-local/DerivedData/ModuleCache.noindex/_Builtin_stdbool-1ZC0ZG43BHJZHASN6OELYOA79.pcm /Users/adamkz/look/build/release-local/DerivedData/ModuleCache.noindex/DiskArbitration-27A7TTR0BOBGRTE19V0OFTO6L.pcm /Users/adamkz/look/build/release-local/DerivedData/ModuleCache.noindex/simd-EE2L9J2WH50OZHOA53CTSPSMH.pcm /Users/adamkz/look/build/release-local/DerivedData/ModuleCache.noindex/_Builtin_stdarg-2HDRGTIS1G4F7QXLZTEHTBQDG.pcm /Users/adamkz/look/build/release-local/DerivedData/ModuleCache.noindex/ImageIO-39JL9I0R1TZQKSON2JSI7T03R.pcm /Users/adamkz/look/build/release-local/DerivedData/ModuleCache.noindex/Accessibility-UTBYHXFMK1FGQNW20T4CCZKI.pcm /Users/adamkz/look/build/release-local/DerivedData/ModuleCache.noindex/SwiftShims-EEYP3L1VLMAGWNWY4CX3WHVYT.pcm /Users/adamkz/look/build/release-local/DerivedData/ModuleCache.noindex/_Builtin_stdatomic-BJ103Z7YVGWY8CQZS5784Q755.pcm /Users/adamkz/look/build/release-local/DerivedData/ModuleCache.noindex/_Builtin_float-BE31ME7J52H1WVES0Q3K0MUHL.pcm /Users/adamkz/look/build/release-local/DerivedData/ModuleCache.noindex/OpenGL-IC7WLZLYUZIX01YTA3PGH61B.pcm /Users/adamkz/look/build/release-local/DerivedData/ModuleCache.noindex/CoreServices-46O7YCBDJCV0C4VYVX83ULLRC.pcm /Users/adamkz/look/build/release-local/DerivedData/ModuleCache.noindex/_Builtin_tgmath-F0WQAELQKXXKV255Z3SFP5IER.pcm /Users/adamkz/look/build/release-local/DerivedData/ModuleCache.noindex/Compression-54ZBXI1XACROE5PAKXR3QLE93.pcm /Users/adamkz/look/build/release-local/DerivedData/ModuleCache.noindex/PDFKit-DHEN4OYNEKK7NM1ORWYO99M4O.pcm /Users/adamkz/look/build/release-local/DerivedData/ModuleCache.noindex/sys_types-45VRPNROSOF8G0EJWGRU02KQX.pcm /Users/adamkz/look/build/release-local/DerivedData/ModuleCache.noindex/_DarwinFoundation1-ESWU0369N75I6O4KH9OLTGGWN.pcm /Users/adamkz/look/build/release-local/DerivedData/ModuleCache.noindex/CUPS-A4EGSLKTZ0OM8HR5E18Y9BFDG.pcm /Users/adamkz/look/build/release-local/DerivedData/ModuleCache.noindex/ptrcheck-F0NVH6JZTM64VZ8L0MVL95LLC.pcm /Users/adamkz/look/build/release-local/DerivedData/ModuleCache.noindex/IOSurface-6QWHPSAOOIZNFIN6KYZWKRAKW.pcm /Users/adamkz/look/build/release-local/DerivedData/ModuleCache.noindex/XPC-4H2ECNXU18UL43KPTD0HHY9GC.pcm /Users/adamkz/look/build/release-local/DerivedData/ModuleCache.noindex/_Builtin_stdint-25QQHA0X5ZJH5PRLLSVWV4501.pcm /Users/adamkz/look/build/release-local/DerivedData/ModuleCache.noindex/Dispatch-4MHONNDJ23LB65KKSQ1P647Y5.pcm /Users/adamkz/look/build/release-local/DerivedData/ModuleCache.noindex/SwiftUICore-N8SLVUPPL6TXQJKYC7XR8739.pcm /Users/adamkz/look/build/release-local/DerivedData/ModuleCache.noindex/Cocoa-N2JBRGV56HBPGU16VBHIGC1V.pcm /Users/adamkz/look/build/release-local/DerivedData/Build/Intermediates.noindex/Look.build/Release/LookData.build/Objects-normal/arm64/LookData-dependencies-1.json (in target 'LookData' from project 'Look')
CompileSwift normal arm64 (in target 'LookData' from project 'Look')
    cd /Users/adamkz/look
    

SwiftCompile normal arm64 Compiling\ LookKit.swift,\ FeatureFlags.swift,\ PlatformCompat.swift,\ ContentAreaEnvironment.swift,\ ContentAreaView.swift,\ ContentAreaViewModel.swift,\ InspectorPanelView.swift,\ InspectorPanelViewModel.swift,\ LibrarySidebarView.swift,\ LibrarySidebarViewModel.swift,\ EPUBReaderView.swift,\ EPUBReaderViewModel.swift /Users/adamkz/look/Sources/LookKit/Sources/LookKit.swift /Users/adamkz/look/Sources/LookKit/Sources/FeatureFlags.swift /Users/adamkz/look/Sources/LookKit/Sources/PlatformCompat.swift /Users/adamkz/look/Sources/LookKit/Sources/ContentAreaEnvironment.swift /Users/adamkz/look/Sources/LookKit/Sources/ContentAreaView.swift /Users/adamkz/look/Sources/LookKit/Sources/ContentAreaViewModel.swift /Users/adamkz/look/Sources/LookKit/Sources/InspectorPanelView.swift /Users/adamkz/look/Sources/LookKit/Sources/InspectorPanelViewModel.swift /Users/adamkz/look/Sources/LookKit/Sources/LibrarySidebarView.swift /Users/adamkz/look/Sources/LookKit/Sources/LibrarySidebarViewModel.swift /Users/adamkz/look/Sources/LookKit/Sources/EPUBReaderView.swift /Users/adamkz/look/Sources/LookKit/Sources/EPUBReaderViewModel.swift /Applications/Xcode.app/Contents/Developer/Toolchains/XcodeDefault.xctoolchain/usr/lib/swift/macosx/prebuilt-modules/26.2/os.swiftmodule/arm64e-apple-macos.swiftmodule /Applications/Xcode.app/Contents/Developer/Toolchains/XcodeDefault.xctoolchain/usr/lib/swift/macosx/prebuilt-modules/26.2/PDFKit.swiftmodule/arm64e-apple-macos.swiftmodule /Applications/Xcode.app/Contents/Developer/Toolchains/XcodeDefault.xctoolchain/usr/lib/swift/macosx/prebuilt-modules/26.2/Combine.swiftmodule/arm64e-apple-macos.swiftmodule /Applications/Xcode.app/Contents/Developer/Toolchains/XcodeDefault.xctoolchain/usr/lib/swift/macosx/prebuilt-modules/26.2/DataDetection.swiftmodule/arm64e-apple-macos.swiftmodule /Applications/Xcode.app/Contents/Developer/Toolchains/XcodeDefault.xctoolchain/usr/lib/swift/macosx/prebuilt-modules/26.2/Dispatch.swiftmodule/arm64e-apple-macos.swiftmodule /Applications/Xcode.app/Contents/Developer/Toolchains/XcodeDefault.xctoolchain/usr/lib/swift/macosx/prebuilt-modules/26.2/IOKit.swiftmodule/arm64e-apple-macos.swiftmodule /Applications/Xcode.app/Contents/Developer/Toolchains/XcodeDefault.xctoolchain/usr/lib/swift/macosx/prebuilt-modules/26.2/Network.swiftmodule/arm64e-apple-macos.swiftmodule /Applications/Xcode.app/Contents/Developer/Toolchains/XcodeDefault.xctoolchain/usr/lib/swift/macosx/prebuilt-modules/26.2/_DarwinFoundation1.swiftmodule/arm64e-apple-macos.swiftmodule /Applications/Xcode.app/Contents/Developer/Toolchains/XcodeDefault.xctoolchain/usr/lib/swift/macosx/prebuilt-modules/26.2/Metal.swiftmodule/arm64e-apple-macos.swiftmodule /Applications/Xcode.app/Contents/Developer/Toolchains/XcodeDefault.xctoolchain/usr/lib/swift/macosx/prebuilt-modules/26.2/Symbols.swiftmodule/arm64e-apple-macos.swiftmodule /Applications/Xcode.app/Contents/Developer/Toolchains/XcodeDefault.xctoolchain/usr/lib/swift/macosx/prebuilt-modules/26.2/CoreText.swiftmodule/arm64e-apple-macos.swiftmodule /Applications/Xcode.app/Contents/Developer/Toolchains/XcodeDefault.xctoolchain/usr/lib/swift/macosx/prebuilt-modules/26.2/QuartzCore.swiftmodule/arm64e-apple-macos.swiftmodule /Applications/Xcode.app/Contents/Developer/Toolchains/XcodeDefault.xctoolchain/usr/lib/swift/macosx/prebuilt-modules/26.2/_Concurrency.swiftmodule/arm64e-apple-macos.swiftmodule /Applications/Xcode.app/Contents/Developer/Toolchains/XcodeDefault.xctoolchain/usr/lib/swift/macosx/prebuilt-modules/26.2/ObjectiveC.swiftmodule/arm64e-apple-macos.swiftmodule /Applications/Xcode.app/Contents/Developer/Toolchains/XcodeDefault.xctoolchain/usr/lib/swift/macosx/prebuilt-modules/26.2/_Builtin_float.swiftmodule/arm64e-apple-macos.swiftmodule /Applications/Xcode.app/Contents/Developer/Toolchains/XcodeDefault.xctoolchain/usr/lib/swift/macosx/prebuilt-modules/26.2/CoreData.swiftmodule/arm64e-apple-macos.swiftmodule /Applications/Xcode.app/Contents/Developer/Toolchains/XcodeDefault.xctoolchain/usr/lib/swift/macosx/prebuilt-modules/26.2/CoreGraphics.swiftmodule/arm64e-apple-macos.swiftmodule /Applications/Xcode.app/Contents/Developer/Toolchains/XcodeDefault.xctoolchain/usr/lib/swift/macosx/prebuilt-modules/26.2/System.swiftmodule/arm64e-apple-macos.swiftmodule /Applications/Xcode.app/Contents/Developer/Toolchains/XcodeDefault.xctoolchain/usr/lib/swift/macosx/prebuilt-modules/26.2/CoreVideo.swiftmodule/arm64e-apple-macos.swiftmodule /Applications/Xcode.app/Contents/Developer/Toolchains/XcodeDefault.xctoolchain/usr/lib/swift/macosx/prebuilt-modules/26.2/Distributed.swiftmodule/arm64e-apple-macos.swiftmodule /Applications/Xcode.app/Contents/Developer/Toolchains/XcodeDefault.xctoolchain/usr/lib/swift/macosx/prebuilt-modules/26.2/simd.swiftmodule/arm64e-apple-macos.swiftmodule /Applications/Xcode.app/Contents/Developer/Toolchains/XcodeDefault.xctoolchain/usr/lib/swift/macosx/prebuilt-modules/26.2/CoreImage.swiftmodule/arm64e-apple-macos.swiftmodule /Applications/Xcode.app/Contents/Developer/Toolchains/XcodeDefault.xctoolchain/usr/lib/swift/macosx/prebuilt-modules/26.2/CoreTransferable.swiftmodule/arm64e-apple-macos.swiftmodule /Applications/Xcode.app/Contents/Developer/Toolchains/XcodeDefault.xctoolchain/usr/lib/swift/macosx/prebuilt-modules/26.2/UniformTypeIdentifiers.swiftmodule/arm64e-apple-macos.swiftmodule /Applications/Xcode.app/Contents/Developer/Toolchains/XcodeDefault.xctoolchain/usr/lib/swift/macosx/prebuilt-modules/26.2/XPC.swiftmodule/arm64e-apple-macos.swiftmodule /Applications/Xcode.app/Contents/Developer/Toolchains/XcodeDefault.xctoolchain/usr/lib/swift/macosx/prebuilt-modules/26.2/CoreFoundation.swiftmodule/arm64e-apple-macos.swiftmodule /Applications/Xcode.app/Contents/Developer/Toolchains/XcodeDefault.xctoolchain/usr/lib/swift/macosx/prebuilt-modules/26.2/_DarwinFoundation3.swiftmodule/arm64e-apple-macos.swiftmodule /Applications/Xcode.app/Contents/Developer/Toolchains/XcodeDefault.xctoolchain/usr/lib/swift/macosx/prebuilt-modules/26.2/AppKit.swiftmodule/arm64e-apple-macos.swiftmodule /Applications/Xcode.app/Contents/Developer/Toolchains/XcodeDefault.xctoolchain/usr/lib/swift/macosx/prebuilt-modules/26.2/WebKit.swiftmodule/arm64e-apple-macos.swiftmodule /Applications/Xcode.app/Contents/Developer/Toolchains/XcodeDefault.xctoolchain/usr/lib/swift/macosx/prebuilt-modules/26.2/SwiftUICore.swiftmodule/arm64e-apple-macos.swiftmodule /Applications/Xcode.app/Contents/Developer/Toolchains/XcodeDefault.xctoolchain/usr/lib/swift/macosx/prebuilt-modules/26.2/_StringProcessing.swiftmodule/arm64e-apple-macos.swiftmodule /Applications/Xcode.app/Contents/Developer/Toolchains/XcodeDefault.xctoolchain/usr/lib/swift/macosx/prebuilt-modules/26.2/OSLog.swiftmodule/arm64e-apple-macos.swiftmodule /Applications/Xcode.app/Contents/Developer/Toolchains/XcodeDefault.xctoolchain/usr/lib/swift/macosx/prebuilt-modules/26.2/Accessibility.swiftmodule/arm64e-apple-macos.swiftmodule /Applications/Xcode.app/Contents/Developer/Toolchains/XcodeDefault.xctoolchain/usr/lib/swift/macosx/prebuilt-modules/26.2/_DarwinFoundation2.swiftmodule/arm64e-apple-macos.swiftmodule /Applications/Xcode.app/Contents/Developer/Toolchains/XcodeDefault.xctoolchain/usr/lib/swift/macosx/prebuilt-modules/26.2/DeveloperToolsSupport.swiftmodule/arm64e-apple-macos.swiftmodule /Applications/Xcode.app/Contents/Developer/Toolchains/XcodeDefault.xctoolchain/usr/lib/swift/macosx/prebuilt-modules/26.2/Observation.swiftmodule/arm64e-apple-macos.swiftmodule /Applications/Xcode.app/Contents/Developer/Toolchains/XcodeDefault.xctoolchain/usr/lib/swift/macosx/prebuilt-modules/26.2/Foundation.swiftmodule/arm64e-apple-macos.swiftmodule /Applications/Xcode.app/Contents/Developer/Toolchains/XcodeDefault.xctoolchain/usr/lib/swift/macosx/prebuilt-modules/26.2/Spatial.swiftmodule/arm64e-apple-macos.swiftmodule /Applications/Xcode.app/Contents/Developer/Toolchains/XcodeDefault.xctoolchain/usr/lib/swift/macosx/prebuilt-modules/26.2/Darwin.swiftmodule/arm64e-apple-macos.swiftmodule /Applications/Xcode.app/Contents/Developer/Toolchains/XcodeDefault.xctoolchain/usr/lib/swift/macosx/prebuilt-modules/26.2/Swift.swiftmodule/arm64e-apple-macos.swiftmodule /Applications/Xcode.app/Contents/Developer/Toolchains/XcodeDefault.xctoolchain/usr/lib/swift/macosx/prebuilt-modules/26.2/_WebKit_SwiftUI.swiftmodule/arm64e-apple-macos.swiftmodule /Applications/Xcode.app/Contents/Developer/Toolchains/XcodeDefault.xctoolchain/usr/lib/swift/macosx/prebuilt-modules/26.2/SwiftUI.swiftmodule/arm64e-apple-macos.swiftmodule /Users/adamkz/look/build/release-local/DerivedData/ModuleCache.noindex/Dispatch-4MHONNDJ23LB65KKSQ1P647Y5.pcm /Users/adamkz/look/build/release-local/DerivedData/ModuleCache.noindex/MachO-LGLNYZVU7FA5YRW5NEXOTNMX.pcm /Users/adamkz/look/build/release-local/DerivedData/ModuleCache.noindex/Cocoa-N2JBRGV56HBPGU16VBHIGC1V.pcm /Users/adamkz/look/build/release-local/DerivedData/ModuleCache.noindex/DeveloperToolsSupport-2TB72YLCP10FKMGPOOX9V7R9Z.pcm /Users/adamkz/look/build/release-local/DerivedData/ModuleCache.noindex/simd-EE2L9J2WH50OZHOA53CTSPSMH.pcm /Users/adamkz/look/build/release-local/DerivedData/ModuleCache.noindex/Foundation-8FEGBJSYBHCLAZOUH9VX32TBG.pcm /Users/adamkz/look/build/release-local/DerivedData/ModuleCache.noindex/DataDetection-AQREC9JEA53CBTGRVUW0OZ5WU.pcm /Users/adamkz/look/build/release-local/DerivedData/ModuleCache.noindex/CoreData-6140SQBIWURQUD77YRVDSF8QH.pcm /Users/adamkz/look/build/release-local/DerivedData/ModuleCache.noindex/launch-A84NQJC75SAT32NMPRRBGQYJA.pcm /Users/adamkz/look/build/release-local/DerivedData/ModuleCache.noindex/Accessibility-UTBYHXFMK1FGQNW20T4CCZKI.pcm /Users/adamkz/look/build/release-local/DerivedData/ModuleCache.noindex/ImageIO-39JL9I0R1TZQKSON2JSI7T03R.pcm /Users/adamkz/look/build/release-local/DerivedData/ModuleCache.noindex/_Builtin_limits-IXU4JJJB2GD95J9JJBUVTCEJ.pcm /Users/adamkz/look/build/release-local/DerivedData/ModuleCache.noindex/Spatial-6N15PW7BEP9U884CW979RLTVK.pcm /Users/adamkz/look/build/release-local/DerivedData/ModuleCache.noindex/OSLog-ESB118Y1FHJR2IT285M2SR6AJ.pcm /Users/adamkz/look/build/release-local/DerivedData/ModuleCache.noindex/CoreGraphics-6E9JCMH231QCDL3VEGDIIG3EJ.pcm /Users/adamkz/look/build/release-local/DerivedData/ModuleCache.noindex/PDFKit-DHEN4OYNEKK7NM1ORWYO99M4O.pcm /Users/adamkz/look/build/release-local/DerivedData/ModuleCache.noindex/_SwiftConcurrencyShims-8XTWEAXPIC3VEBF0GUQ0IDHC8.pcm /Users/adamkz/look/build/release-local/DerivedData/ModuleCache.noindex/os_object-6GN7Z1IIJ1LQWEJOKHAFV3576.pcm /Users/adamkz/look/build/release-local/DerivedData/ModuleCache.noindex/_Builtin_stdbool-1ZC0ZG43BHJZHASN6OELYOA79.pcm /Users/adamkz/look/build/release-local/DerivedData/ModuleCache.noindex/ObjectiveC-4T1UIHUZ7Q8R2ZPMYHXD0KH0K.pcm /Users/adamkz/look/build/release-local/DerivedData/ModuleCache.noindex/ptrcheck-F0NVH6JZTM64VZ8L0MVL95LLC.pcm /Users/adamkz/look/build/release-local/DerivedData/ModuleCache.noindex/ApplicationServices-B6NJ0J8NWPDLA6IRLCWHTUAV2.pcm /Users/adamkz/look/build/release-local/DerivedData/ModuleCache.noindex/SwiftUICore-N8SLVUPPL6TXQJKYC7XR8739.pcm /Users/adamkz/look/build/release-local/DerivedData/ModuleCache.noindex/CoreTransferable-55BRJUA5VLVXF4Y5J0K234Q2K.pcm /Users/adamkz/look/build/release-local/DerivedData/ModuleCache.noindex/ptrauth-1G5OIF90SOJZZ0B4RUVWKXU9H.pcm /Users/adamkz/look/build/release-local/DerivedData/ModuleCache.noindex/_Builtin_float-BE31ME7J52H1WVES0Q3K0MUHL.pcm /Users/adamkz/look/build/release-local/DerivedData/ModuleCache.noindex/sys_types-45VRPNROSOF8G0EJWGRU02KQX.pcm /Users/adamkz/look/build/release-local/DerivedData/ModuleCache.noindex/CFNetwork-2BJSNMYHD2L6NR6RZOJ49ZYXI.pcm /Users/adamkz/look/build/release-local/DerivedData/ModuleCache.noindex/Symbols-2QZKP1448RNJ02LAURQ22T5YT.pcm /Users/adamkz/look/build/release-local/DerivedData/ModuleCache.noindex/CoreVideo-83ASD06HCFSVQO0Y998TP74JA.pcm /Users/adamkz/look/build/release-local/DerivedData/ModuleCache.noindex/QuartzCore-P7VVL8JP9SPXL0OV7ZKCF6DD.pcm /Users/adamkz/look/build/release-local/DerivedData/ModuleCache.noindex/os_workgroup-3ZR56BOZGN1GETEOMJAOCAL67.pcm /Users/adamkz/look/build/release-local/DerivedData/ModuleCache.noindex/SwiftShims-EEYP3L1VLMAGWNWY4CX3WHVYT.pcm /Users/adamkz/look/build/release-local/DerivedData/ModuleCache.noindex/CoreText-4P5XTA8G9098HXPW307FJT3U7.pcm /Users/adamkz/look/build/release-local/DerivedData/ModuleCache.noindex/CoreServices-46O7YCBDJCV0C4VYVX83ULLRC.pcm /Users/adamkz/look/build/release-local/DerivedData/ModuleCache.noindex/CoreImage-TP7MUJDK2AWH0X2D5WBNXXQ9.pcm /Users/adamkz/look/build/release-local/DerivedData/ModuleCache.noindex/CoreFoundation-3P9B3OQLKWW84P41S9ZSOMT2S.pcm /Users/adamkz/look/build/release-local/DerivedData/ModuleCache.noindex/WebKit-1JDA2GK49YRKOLKLAZ8V463WU.pcm /Users/adamkz/look/build/release-local/DerivedData/ModuleCache.noindex/libDER-DKE8NWLO3SIAELAP4ZXEDV9AB.pcm /Users/adamkz/look/build/release-local/DerivedData/ModuleCache.noindex/ColorSync-4LSWHSKQ1XCQ2E2E6QB5THARD.pcm /Users/adamkz/look/build/release-local/DerivedData/ModuleCache.noindex/_DarwinFoundation2-CVYEXDJ7YGSNBR3PVPQAGIS7L.pcm /Users/adamkz/look/build/release-local/DerivedData/ModuleCache.noindex/libkern-7XDK96C5AJCTUYMJGLDHMDZ19.pcm /Users/adamkz/look/build/release-local/DerivedData/ModuleCache.noindex/_Builtin_stdatomic-BJ103Z7YVGWY8CQZS5784Q755.pcm /Users/adamkz/look/build/release-local/DerivedData/ModuleCache.noindex/os-7KF104MTY80MF4X9ZSS4BBKE3.pcm /Users/adamkz/look/build/release-local/DerivedData/ModuleCache.noindex/_AvailabilityInternal-EYNCLSPR5PQ27NKH19HHKD8N9.pcm /Users/adamkz/look/build/release-local/DerivedData/ModuleCache.noindex/Network-C60MWPWDVS20DM0QF78J3SVW1.pcm /Users/adamkz/look/build/release-local/DerivedData/ModuleCache.noindex/dnssd-5U4JTVMRBLH0218A2TX4P01.pcm /Users/adamkz/look/build/release-local/DerivedData/ModuleCache.noindex/_DarwinFoundation1-ESWU0369N75I6O4KH9OLTGGWN.pcm /Users/adamkz/look/build/release-local/DerivedData/ModuleCache.noindex/Security-6ROB73MISVL03K3P9V4AQ8LT7.pcm /Users/adamkz/look/build/release-local/DerivedData/ModuleCache.noindex/AppKit-9LGL4XWBDCEEID24666SQC5B5.pcm /Users/adamkz/look/build/release-local/DerivedData/ModuleCache.noindex/XPC-4H2ECNXU18UL43KPTD0HHY9GC.pcm /Users/adamkz/look/build/release-local/DerivedData/ModuleCache.noindex/Darwin-64GFM1A89BMTAVFW07NPG44OZ.pcm /Users/adamkz/look/build/release-local/DerivedData/ModuleCache.noindex/SwiftUI-EODAOBTFYULOB79N1LAKIM47B.pcm /Users/adamkz/look/build/release-local/DerivedData/ModuleCache.noindex/Metal-69G41Q0B38RHUWZNCDFVJ3MCN.pcm /Users/adamkz/look/build/release-local/DerivedData/ModuleCache.noindex/_Builtin_stdint-25QQHA0X5ZJH5PRLLSVWV4501.pcm /Users/adamkz/look/build/release-local/DerivedData/ModuleCache.noindex/OpenGL-IC7WLZLYUZIX01YTA3PGH61B.pcm /Users/adamkz/look/build/release-local/DerivedData/ModuleCache.noindex/UniformTypeIdentifiers-ECBGSH2EGGL9A1XEVEYR6ZFYW.pcm /Users/adamkz/look/build/release-local/DerivedData/ModuleCache.noindex/_Builtin_tgmath-F0WQAELQKXXKV255Z3SFP5IER.pcm /Users/adamkz/look/build/release-local/DerivedData/ModuleCache.noindex/_DarwinFoundation3-1Q8R2MGY0B29VTGL8PDR7EC62.pcm /Users/adamkz/look/build/release-local/DerivedData/ModuleCache.noindex/IOSurface-6QWHPSAOOIZNFIN6KYZWKRAKW.pcm /Users/adamkz/look/build/release-local/DerivedData/ModuleCache.noindex/_Builtin_intrinsics-85LXXC2H2CGVQJ2A0RR202Y93.pcm /Users/adamkz/look/build/release-local/DerivedData/ModuleCache.noindex/_Builtin_inttypes-9EUQ4VJO7J1GTHW4IPBJEBCMZ.pcm /Users/adamkz/look/build/release-local/DerivedData/ModuleCache.noindex/_Builtin_stddef-6FGLQ881JZOVA1DDF2WJTWKXO.pcm /Users/adamkz/look/build/release-local/DerivedData/ModuleCache.noindex/JavaScriptCore-ACI8W0MH0G85CRMR49HRLD9DA.pcm /Users/adamkz/look/build/release-local/DerivedData/ModuleCache.noindex/_Builtin_stdarg-2HDRGTIS1G4F7QXLZTEHTBQDG.pcm /Users/adamkz/look/build/release-local/DerivedData/ModuleCache.noindex/IOKit-54NL2PD3L64P4AQ979MMEH416.pcm /Users/adamkz/look/build/release-local/DerivedData/ModuleCache.noindex/CUPS-A4EGSLKTZ0OM8HR5E18Y9BFDG.pcm /Users/adamkz/look/build/release-local/DerivedData/ModuleCache.noindex/DiskArbitration-27A7TTR0BOBGRTE19V0OFTO6L.pcm /Users/adamkz/look/build/release-local/DerivedData/Build/Intermediates.noindex/Look.build/Release/LookKit.build/Objects-normal/arm64/LookKit-dependencies-1.json (in target 'LookKit' from project 'Look')
CompileSwift normal arm64 (in target 'LookKit' from project 'Look')
    cd /Users/adamkz/look
    
/Users/adamkz/look/Sources/LookKit/Sources/LookKit.swift:251:10: warning: 'onChange(of:perform:)' was deprecated in macOS 14.0: Use `onChange` with a two or zero parameter action closure instead.
        .onChange(of: selectedSidebarItem) { newValue in
         ^
/Users/adamkz/look/Sources/LookKit/Sources/ContentAreaView.swift:135:10: warning: 'onChange(of:perform:)' was deprecated in macOS 14.0: Use `onChange` with a two or zero parameter action closure instead.
        .onChange(of: internalSelection) { newValue in
         ^
/Users/adamkz/look/Sources/LookKit/Sources/ContentAreaView.swift:140:10: warning: 'onChange(of:perform:)' was deprecated in macOS 14.0: Use `onChange` with a two or zero parameter action closure instead.
        .onChange(of: selectedID) { newValue in
         ^
/Users/adamkz/look/Sources/LookKit/Sources/ContentAreaView.swift:244:10: warning: 'onChange(of:perform:)' was deprecated in macOS 14.0: Use `onChange` with a two or zero parameter action closure instead.
        .onChange(of: isRenameFieldFocused) { focused in
         ^
/Users/adamkz/look/Sources/LookKit/Sources/ContentAreaView.swift:250:10: warning: 'onChange(of:perform:)' was deprecated in macOS 14.0: Use `onChange` with a two or zero parameter action closure instead.
        .onChange(of: isRenaming) { renaming in
         ^
/Users/adamkz/look/Sources/LookKit/Sources/ContentAreaView.swift:398:10: warning: 'onChange(of:perform:)' was deprecated in macOS 14.0: Use `onChange` with a two or zero parameter action closure instead.
        .onChange(of: internalSelection) { newValue in
         ^
/Users/adamkz/look/Sources/LookKit/Sources/ContentAreaView.swift:403:10: warning: 'onChange(of:perform:)' was deprecated in macOS 14.0: Use `onChange` with a two or zero parameter action closure instead.
        .onChange(of: selectedID) { newValue in
         ^
/Users/adamkz/look/Sources/LookKit/Sources/EPUBReaderView.swift:43:10: warning: 'onChange(of:perform:)' was deprecated in macOS 14.0: Use `onChange` with a two or zero parameter action closure instead.
        .onChange(of: viewModel.currentChapterIndex) { _ in
         ^
/Users/adamkz/look/Sources/LookKit/Sources/EPUBReaderView.swift:46:10: warning: 'onChange(of:perform:)' was deprecated in macOS 14.0: Use `onChange` with a two or zero parameter action closure instead.
        .onChange(of: scenePhase) { phase in
         ^

SwiftDriverJobDiscovery normal arm64 Compiling LookData.swift, PersistenceController.swift, LibraryRootStore.swift, LookLogger.swift, Telemetry.swift, AnnotationService.swift, CollectionService.swift, DocumentService.swift, EPUBParser.swift, ImportService.swift, ThumbnailService.swift, Document+CoreDataClass.swift, Document+CoreDataProperties.swift, Note+CoreDataClass.swift, Note+CoreDataProperties.swift, Annotation+CoreDataClass.swift, Annotation+CoreDataProperties.swift, DocumentCollection+CoreDataClass.swift, DocumentCollection+CoreDataProperties.swift, Tag+CoreDataClass.swift, Tag+CoreDataProperties.swift, Attachment+CoreDataClass.swift, Attachment+CoreDataProperties.swift, Link+CoreDataClass.swift, Link+CoreDataProperties.swift, LookModel+CoreDataModel.swift (in target 'LookData' from project 'Look')

SwiftDriver\ Compilation\ Requirements LookData normal arm64 com.apple.xcode.tools.swift.compiler (in target 'LookData' from project 'Look')
    cd /Users/adamkz/look
    builtin-Swift-Compilation-Requirements -- /Applications/Xcode.app/Contents/Developer/Toolchains/XcodeDefault.xctoolchain/usr/bin/swiftc -module-name LookData -O -whole-module-optimization -enforce-exclusivity\=checked @/Users/adamkz/look/build/release-local/DerivedData/Build/Intermediates.noindex/Look.build/Release/LookData.build/Objects-normal/arm64/LookData.SwiftFileList -enable-bare-slash-regex -enable-experimental-feature DebugDescriptionMacro -sdk /Applications/Xcode.app/Contents/Developer/Platforms/MacOSX.platform/Developer/SDKs/MacOSX26.2.sdk -target arm64-apple-macos14.0 -g -module-cache-path /Users/adamkz/look/build/release-local/DerivedData/ModuleCache.noindex -Xfrontend -serialize-debugging-options -swift-version 5 -I /Users/adamkz/look/build/release-local/DerivedData/Build/Products/Release -F /Users/adamkz/look/build/release-local/DerivedData/Build/Products/Release -emit-localized-strings -emit-localized-strings-path /Users/adamkz/look/build/release-local/DerivedData/Build/Intermediates.noindex/Look.build/Release/LookData.build/Objects-normal/arm64 -c -num-threads 8 -Xcc -ivfsstatcache -Xcc /Users/adamkz/look/build/release-local/DerivedData/SDKStatCaches.noindex/macosx26.2-25C57-00fa09913b459cbbc988d1f6730289ae.sdkstatcache -output-file-map /Users/adamkz/look/build/release-local/DerivedData/Build/Intermediates.noindex/Look.build/Release/LookData.build/Objects-normal/arm64/LookData-OutputFileMap.json -use-frontend-parseable-output -save-temps -no-color-diagnostics -explicit-module-build -module-cache-path /Users/adamkz/look/build/release-local/DerivedData/Build/Intermediates.noindex/SwiftExplicitPrecompiledModules -clang-scanner-module-cache-path /Users/adamkz/look/build/release-local/DerivedData/ModuleCache.noindex -sdk-module-cache-path /Users/adamkz/look/build/release-local/DerivedData/ModuleCache.noindex -serialize-diagnostics -emit-dependencies -emit-module -emit-module-path /Users/adamkz/look/build/release-local/DerivedData/Build/Intermediates.noindex/Look.build/Release/LookData.build/Objects-normal/arm64/LookData.swiftmodule -validate-clang-modules-once -clang-build-session-file /Users/adamkz/look/build/release-local/DerivedData/ModuleCache.noindex/Session.modulevalidation -Xcc -I/Users/adamkz/look/build/release-local/DerivedData/Build/Intermediates.noindex/Look.build/Release/LookData.build/swift-overrides.hmap -emit-const-values -Xfrontend -const-gather-protocols-file -Xfrontend /Users/adamkz/look/build/release-local/DerivedData/Build/Intermediates.noindex/Look.build/Release/LookData.build/Objects-normal/arm64/LookData_const_extract_protocols.json -Xcc -iquote -Xcc /Users/adamkz/look/build/release-local/DerivedData/Build/Intermediates.noindex/Look.build/Release/LookData.build/LookData-generated-files.hmap -Xcc -I/Users/adamkz/look/build/release-local/DerivedData/Build/Intermediates.noindex/Look.build/Release/LookData.build/LookData-own-target-headers.hmap -Xcc -I/Users/adamkz/look/build/release-local/DerivedData/Build/Intermediates.noindex/Look.build/Release/LookData.build/LookData-all-non-framework-target-headers.hmap -Xcc -ivfsoverlay -Xcc /Users/adamkz/look/build/release-local/DerivedData/Build/Intermediates.noindex/Look.build/Release/Look-c3f0a56ea084f757df82bdf40cd5ab63-VFS/all-product-headers.yaml -Xcc -iquote -Xcc /Users/adamkz/look/build/release-local/DerivedData/Build/Intermediates.noindex/Look.build/Release/LookData.build/LookData-project-headers.hmap -Xcc -I/Users/adamkz/look/build/release-local/DerivedData/Build/Products/Release/include -Xcc -I/Users/adamkz/look/build/release-local/DerivedData/Build/Intermediates.noindex/Look.build/Release/LookData.build/DerivedSources-normal/arm64 -Xcc -I/Users/adamkz/look/build/release-local/DerivedData/Build/Intermediates.noindex/Look.build/Release/LookData.build/DerivedSources/arm64 -Xcc -I/Users/adamkz/look/build/release-local/DerivedData/Build/Intermediates.noindex/Look.build/Release/LookData.build/DerivedSources -emit-objc-header -emit-objc-header-path /Users/adamkz/look/build/release-local/DerivedData/Build/Intermediates.noindex/Look.build/Release/LookData.build/Objects-normal/arm64/LookData-Swift.h -working-directory /Users/adamkz/look -no-emit-module-separately-wmo

SwiftMergeGeneratedHeaders /Users/adamkz/look/build/release-local/DerivedData/Build/Products/Release/LookData.framework/Versions/A/Headers/LookData-Swift.h /Users/adamkz/look/build/release-local/DerivedData/Build/Intermediates.noindex/Look.build/Release/LookData.build/Objects-normal/arm64/LookData-Swift.h (in target 'LookData' from project 'Look')
    cd /Users/adamkz/look
    builtin-swiftHeaderTool -arch arm64 /Users/adamkz/look/build/release-local/DerivedData/Build/Intermediates.noindex/Look.build/Release/LookData.build/Objects-normal/arm64/LookData-Swift.h -o /Users/adamkz/look/build/release-local/DerivedData/Build/Products/Release/LookData.framework/Versions/A/Headers/LookData-Swift.h

Copy /Users/adamkz/look/build/release-local/DerivedData/Build/Products/Release/LookData.framework/Versions/A/Modules/LookData.swiftmodule/arm64-apple-macos.swiftdoc /Users/adamkz/look/build/release-local/DerivedData/Build/Intermediates.noindex/Look.build/Release/LookData.build/Objects-normal/arm64/LookData.swiftdoc (in target 'LookData' from project 'Look')
    cd /Users/adamkz/look
    builtin-copy -exclude .DS_Store -exclude CVS -exclude .svn -exclude .git -exclude .hg -resolve-src-symlinks -rename /Users/adamkz/look/build/release-local/DerivedData/Build/Intermediates.noindex/Look.build/Release/LookData.build/Objects-normal/arm64/LookData.swiftdoc /Users/adamkz/look/build/release-local/DerivedData/Build/Products/Release/LookData.framework/Versions/A/Modules/LookData.swiftmodule/arm64-apple-macos.swiftdoc

Copy /Users/adamkz/look/build/release-local/DerivedData/Build/Products/Release/LookData.framework/Versions/A/Modules/LookData.swiftmodule/arm64-apple-macos.swiftmodule /Users/adamkz/look/build/release-local/DerivedData/Build/Intermediates.noindex/Look.build/Release/LookData.build/Objects-normal/arm64/LookData.swiftmodule (in target 'LookData' from project 'Look')
    cd /Users/adamkz/look
    builtin-copy -exclude .DS_Store -exclude CVS -exclude .svn -exclude .git -exclude .hg -resolve-src-symlinks -rename /Users/adamkz/look/build/release-local/DerivedData/Build/Intermediates.noindex/Look.build/Release/LookData.build/Objects-normal/arm64/LookData.swiftmodule /Users/adamkz/look/build/release-local/DerivedData/Build/Products/Release/LookData.framework/Versions/A/Modules/LookData.swiftmodule/arm64-apple-macos.swiftmodule

Copy /Users/adamkz/look/build/release-local/DerivedData/Build/Products/Release/LookData.framework/Versions/A/Modules/LookData.swiftmodule/arm64-apple-macos.abi.json /Users/adamkz/look/build/release-local/DerivedData/Build/Intermediates.noindex/Look.build/Release/LookData.build/Objects-normal/arm64/LookData.abi.json (in target 'LookData' from project 'Look')
    cd /Users/adamkz/look
    builtin-copy -exclude .DS_Store -exclude CVS -exclude .svn -exclude .git -exclude .hg -resolve-src-symlinks -rename /Users/adamkz/look/build/release-local/DerivedData/Build/Intermediates.noindex/Look.build/Release/LookData.build/Objects-normal/arm64/LookData.abi.json /Users/adamkz/look/build/release-local/DerivedData/Build/Products/Release/LookData.framework/Versions/A/Modules/LookData.swiftmodule/arm64-apple-macos.abi.json

Copy /Users/adamkz/look/build/release-local/DerivedData/Build/Products/Release/LookData.framework/Versions/A/Modules/LookData.swiftmodule/Project/arm64-apple-macos.swiftsourceinfo /Users/adamkz/look/build/release-local/DerivedData/Build/Intermediates.noindex/Look.build/Release/LookData.build/Objects-normal/arm64/LookData.swiftsourceinfo (in target 'LookData' from project 'Look')
    cd /Users/adamkz/look
    builtin-copy -exclude .DS_Store -exclude CVS -exclude .svn -exclude .git -exclude .hg -resolve-src-symlinks -rename /Users/adamkz/look/build/release-local/DerivedData/Build/Intermediates.noindex/Look.build/Release/LookData.build/Objects-normal/arm64/LookData.swiftsourceinfo /Users/adamkz/look/build/release-local/DerivedData/Build/Products/Release/LookData.framework/Versions/A/Modules/LookData.swiftmodule/Project/arm64-apple-macos.swiftsourceinfo

VerifyModule /Users/adamkz/look/build/release-local/DerivedData/Build/Products/Release/LookData.framework (in target 'LookData' from project 'Look')
    cd /Users/adamkz/look
    /Applications/Xcode.app/Contents/Developer/Toolchains/XcodeDefault.xctoolchain/usr/bin/modules-verifier /Users/adamkz/look/build/release-local/DerivedData/Build/Products/Release/LookData.framework --clang /Applications/Xcode.app/Contents/Developer/Toolchains/XcodeDefault.xctoolchain/usr/bin/clang --diagnostic-filename-map /Users/adamkz/look/build/release-local/DerivedData/Build/Intermediates.noindex/Look.build/Release/LookData.build/LookData-diagnostic-filename-map.json --sdk /Applications/Xcode.app/Contents/Developer/Platforms/MacOSX.platform/Developer/SDKs/MacOSX26.2.sdk --intermediates-directory /Users/adamkz/look/build/release-local/DerivedData/Build/Intermediates.noindex/Look.build/Release/LookData.build/VerifyModule --target arm64-apple-macos14.0 --language objective-c --standard gnu11 --standard gnu++20

ScanDependencies /Users/adamkz/look/build/release-local/DerivedData/Build/Intermediates.noindex/Look.build/Release/LookData.build/Objects-normal/arm64/LookData_vers.o /Users/adamkz/look/build/release-local/DerivedData/Build/Intermediates.noindex/Look.build/Release/LookData.build/DerivedSources/LookData_vers.c normal arm64 c com.apple.compilers.llvm.clang.1_0.compiler (in target 'LookData' from project 'Look')
    cd /Users/adamkz/look
    
    Using response file: /Users/adamkz/look/build/release-local/DerivedData/Build/Intermediates.noindex/Look.build/Release/LookData.build/Objects-normal/arm64/7187679823f38a2a940e0043cdf9d637-common-args.resp
    
    builtin-ScanDependencies -o /Users/adamkz/look/build/release-local/DerivedData/Build/Intermediates.noindex/Look.build/Release/LookData.build/Objects-normal/arm64/LookData_vers.o.scan -- /Applications/Xcode.app/Contents/Developer/Toolchains/XcodeDefault.xctoolchain/usr/bin/clang -x c -ivfsstatcache /Users/adamkz/look/build/release-local/DerivedData/SDKStatCaches.noindex/macosx26.2-25C57-00fa09913b459cbbc988d1f6730289ae.sdkstatcache -fmessage-length\=0 -fdiagnostics-show-note-include-stack -fmacro-backtrace-limit\=0 -fno-color-diagnostics -fmodules-prune-interval\=86400 -fmodules-prune-after\=345600 -fbuild-session-file\=/Users/adamkz/look/build/release-local/DerivedData/ModuleCache.noindex/Session.modulevalidation -fmodules-validate-once-per-build-session -Wnon-modular-include-in-framework-module -Werror\=non-modular-include-in-framework-module -Wno-trigraphs -Wno-missing-field-initializers -Wno-missing-prototypes -Werror\=return-type -Wdocumentation -Wunreachable-code -Wquoted-include-in-framework-header -Werror\=deprecated-objc-isa-usage -Werror\=objc-root-class -Wno-missing-braces -Wparentheses -Wswitch -Wunused-function -Wno-unused-label -Wno-unused-parameter -Wunused-variable -Wunused-value -Wempty-body -Wuninitialized -Wconditional-uninitialized -Wno-unknown-pragmas -Wno-shadow -Wno-four-char-constants -Wno-conversion -Wconstant-conversion -Wint-conversion -Wbool-conversion -Wenum-conversion -Wno-float-conversion -Wnon-literal-null-conversion -Wobjc-literal-conversion -Wshorten-64-to-32 -Wpointer-sign -Wno-newline-eof -Wno-implicit-fallthrough -fstrict-aliasing -Wdeprecated-declarations -Wno-sign-conversion -Winfinite-recursion -Wcomma -Wblock-capture-autoreleasing -Wstrict-prototypes -Wno-semicolon-before-method-body @/Users/adamkz/look/build/release-local/DerivedData/Build/Intermediates.noindex/Look.build/Release/LookData.build/Objects-normal/arm64/7187679823f38a2a940e0043cdf9d637-common-args.resp -MMD -MT dependencies -MF /Users/adamkz/look/build/release-local/DerivedData/Build/Intermediates.noindex/Look.build/Release/LookData.build/Objects-normal/arm64/LookData_vers.d --serialize-diagnostics /Users/adamkz/look/build/release-local/DerivedData/Build/Intermediates.noindex/Look.build/Release/LookData.build/Objects-normal/arm64/LookData_vers.dia -c /Users/adamkz/look/build/release-local/DerivedData/Build/Intermediates.noindex/Look.build/Release/LookData.build/DerivedSources/LookData_vers.c -o /Users/adamkz/look/build/release-local/DerivedData/Build/Intermediates.noindex/Look.build/Release/LookData.build/Objects-normal/arm64/LookData_vers.o

CompileC /Users/adamkz/look/build/release-local/DerivedData/Build/Intermediates.noindex/Look.build/Release/LookData.build/Objects-normal/arm64/LookData_vers.o /Users/adamkz/look/build/release-local/DerivedData/Build/Intermediates.noindex/Look.build/Release/LookData.build/DerivedSources/LookData_vers.c normal arm64 c com.apple.compilers.llvm.clang.1_0.compiler (in target 'LookData' from project 'Look')
    cd /Users/adamkz/look
    
    Using response file: /Users/adamkz/look/build/release-local/DerivedData/Build/Intermediates.noindex/Look.build/Release/LookData.build/Objects-normal/arm64/7187679823f38a2a940e0043cdf9d637-common-args.resp
    
    /Applications/Xcode.app/Contents/Developer/Toolchains/XcodeDefault.xctoolchain/usr/bin/clang -x c -ivfsstatcache /Users/adamkz/look/build/release-local/DerivedData/SDKStatCaches.noindex/macosx26.2-25C57-00fa09913b459cbbc988d1f6730289ae.sdkstatcache -fmessage-length\=0 -fdiagnostics-show-note-include-stack -fmacro-backtrace-limit\=0 -fno-color-diagnostics -fmodules-prune-interval\=86400 -fmodules-prune-after\=345600 -fbuild-session-file\=/Users/adamkz/look/build/release-local/DerivedData/ModuleCache.noindex/Session.modulevalidation -fmodules-validate-once-per-build-session -Wnon-modular-include-in-framework-module -Werror\=non-modular-include-in-framework-module -Wno-trigraphs -Wno-missing-field-initializers -Wno-missing-prototypes -Werror\=return-type -Wdocumentation -Wunreachable-code -Wquoted-include-in-framework-header -Werror\=deprecated-objc-isa-usage -Werror\=objc-root-class -Wno-missing-braces -Wparentheses -Wswitch -Wunused-function -Wno-unused-label -Wno-unused-parameter -Wunused-variable -Wunused-value -Wempty-body -Wuninitialized -Wconditional-uninitialized -Wno-unknown-pragmas -Wno-shadow -Wno-four-char-constants -Wno-conversion -Wconstant-conversion -Wint-conversion -Wbool-conversion -Wenum-conversion -Wno-float-conversion -Wnon-literal-null-conversion -Wobjc-literal-conversion -Wshorten-64-to-32 -Wpointer-sign -Wno-newline-eof -Wno-implicit-fallthrough -fstrict-aliasing -Wdeprecated-declarations -Wno-sign-conversion -Winfinite-recursion -Wcomma -Wblock-capture-autoreleasing -Wstrict-prototypes -Wno-semicolon-before-method-body @/Users/adamkz/look/build/release-local/DerivedData/Build/Intermediates.noindex/Look.build/Release/LookData.build/Objects-normal/arm64/7187679823f38a2a940e0043cdf9d637-common-args.resp -MMD -MT dependencies -MF /Users/adamkz/look/build/release-local/DerivedData/Build/Intermediates.noindex/Look.build/Release/LookData.build/Objects-normal/arm64/LookData_vers.d --serialize-diagnostics /Users/adamkz/look/build/release-local/DerivedData/Build/Intermediates.noindex/Look.build/Release/LookData.build/Objects-normal/arm64/LookData_vers.dia -c /Users/adamkz/look/build/release-local/DerivedData/Build/Intermediates.noindex/Look.build/Release/LookData.build/DerivedSources/LookData_vers.c -o /Users/adamkz/look/build/release-local/DerivedData/Build/Intermediates.noindex/Look.build/Release/LookData.build/Objects-normal/arm64/LookData_vers.o

Ld /Users/adamkz/look/build/release-local/DerivedData/Build/Products/Release/LookData.framework/Versions/A/LookData normal (in target 'LookData' from project 'Look')
    cd /Users/adamkz/look
    /Applications/Xcode.app/Contents/Developer/Toolchains/XcodeDefault.xctoolchain/usr/bin/clang -Xlinker -reproducible -target arm64-apple-macos14.0 -dynamiclib -isysroot /Applications/Xcode.app/Contents/Developer/Platforms/MacOSX.platform/Developer/SDKs/MacOSX26.2.sdk -Os -L/Users/adamkz/look/build/release-local/DerivedData/Build/Intermediates.noindex/EagerLinkingTBDs/Release -L/Users/adamkz/look/build/release-local/DerivedData/Build/Products/Release -F/Users/adamkz/look/build/release-local/DerivedData/Build/Intermediates.noindex/EagerLinkingTBDs/Release -F/Users/adamkz/look/build/release-local/DerivedData/Build/Products/Release -filelist /Users/adamkz/look/build/release-local/DerivedData/Build/Intermediates.noindex/Look.build/Release/LookData.build/Objects-normal/arm64/LookData.LinkFileList -install_name @rpath/LookData.framework/Versions/A/LookData -Xlinker -rpath -Xlinker /usr/lib/swift -Xlinker -rpath -Xlinker @executable_path/../Frameworks -Xlinker -rpath -Xlinker @loader_path/Frameworks -dead_strip -Xlinker -object_path_lto -Xlinker /Users/adamkz/look/build/release-local/DerivedData/Build/Intermediates.noindex/Look.build/Release/LookData.build/Objects-normal/arm64/LookData_lto.o -Xlinker -dependency_info -Xlinker /Users/adamkz/look/build/release-local/DerivedData/Build/Intermediates.noindex/Look.build/Release/LookData.build/Objects-normal/arm64/LookData_dependency_info.dat -fobjc-link-runtime -L/Applications/Xcode.app/Contents/Developer/Toolchains/XcodeDefault.xctoolchain/usr/lib/swift/macosx -L/usr/lib/swift -Xlinker -add_ast_path -Xlinker /Users/adamkz/look/build/release-local/DerivedData/Build/Intermediates.noindex/Look.build/Release/LookData.build/Objects-normal/arm64/LookData.swiftmodule @/Users/adamkz/look/build/release-local/DerivedData/Build/Intermediates.noindex/Look.build/Release/LookData.build/Objects-normal/arm64/LookData-linker-args.resp -o /Users/adamkz/look/build/release-local/DerivedData/Build/Products/Release/LookData.framework/Versions/A/LookData

ExtractAppIntentsMetadata (in target 'LookData' from project 'Look')
    cd /Users/adamkz/look
    /Applications/Xcode.app/Contents/Developer/Toolchains/XcodeDefault.xctoolchain/usr/bin/appintentsmetadataprocessor --toolchain-dir /Applications/Xcode.app/Contents/Developer/Toolchains/XcodeDefault.xctoolchain --module-name LookData --sdk-root /Applications/Xcode.app/Contents/Developer/Platforms/MacOSX.platform/Developer/SDKs/MacOSX26.2.sdk --xcode-version 17C52 --platform-family macOS --deployment-target 14.0 --bundle-identifier com.look.LookData --output /Users/adamkz/look/build/release-local/DerivedData/Build/Products/Release/LookData.framework/Versions/A/Resources --target-triple arm64-apple-macos14.0 --binary-file /Users/adamkz/look/build/release-local/DerivedData/Build/Products/Release/LookData.framework/Versions/A/LookData --dependency-file /Users/adamkz/look/build/release-local/DerivedData/Build/Intermediates.noindex/Look.build/Release/LookData.build/Objects-normal/arm64/LookData_dependency_info.dat --stringsdata-file /Users/adamkz/look/build/release-local/DerivedData/Build/Intermediates.noindex/Look.build/Release/LookData.build/Objects-normal/arm64/ExtractedAppShortcutsMetadata.stringsdata --source-file-list /Users/adamkz/look/build/release-local/DerivedData/Build/Intermediates.noindex/Look.build/Release/LookData.build/Objects-normal/arm64/LookData.SwiftFileList --metadata-file-list /Users/adamkz/look/build/release-local/DerivedData/Build/Intermediates.noindex/Look.build/Release/LookData.build/LookData.DependencyMetadataFileList --static-metadata-file-list /Users/adamkz/look/build/release-local/DerivedData/Build/Intermediates.noindex/Look.build/Release/LookData.build/LookData.DependencyStaticMetadataFileList --swift-const-vals-list /Users/adamkz/look/build/release-local/DerivedData/Build/Intermediates.noindex/Look.build/Release/LookData.build/Objects-normal/arm64/LookData.SwiftConstValuesFileList --compile-time-extraction --deployment-aware-processing --validate-assistant-intents --no-app-shortcuts-localization
2026-02-28 01:55:08.018 appintentsmetadataprocessor[88236:5393015] Starting appintentsmetadataprocessor export
2026-02-28 01:55:08.021 appintentsmetadataprocessor[88236:5393015] warning: Metadata extraction skipped. No AppIntents.framework dependency found.

GenerateDSYMFile /Users/adamkz/look/build/release-local/DerivedData/Build/Products/Release/LookData.framework.dSYM /Users/adamkz/look/build/release-local/DerivedData/Build/Products/Release/LookData.framework/Versions/A/LookData (in target 'LookData' from project 'Look')
    cd /Users/adamkz/look
    /Applications/Xcode.app/Contents/Developer/Toolchains/XcodeDefault.xctoolchain/usr/bin/dsymutil /Users/adamkz/look/build/release-local/DerivedData/Build/Products/Release/LookData.framework/Versions/A/LookData -o /Users/adamkz/look/build/release-local/DerivedData/Build/Products/Release/LookData.framework.dSYM

GenerateTAPI /Users/adamkz/look/build/release-local/DerivedData/Build/Intermediates.noindex/EagerLinkingTBDs/Release/LookData.framework/Versions/A/LookData.tbd (in target 'LookData' from project 'Look')
    cd /Users/adamkz/look
    /Applications/Xcode.app/Contents/Developer/Toolchains/XcodeDefault.xctoolchain/usr/bin/tapi stubify -isysroot /Applications/Xcode.app/Contents/Developer/Platforms/MacOSX.platform/Developer/SDKs/MacOSX26.2.sdk -F/Users/adamkz/look/build/release-local/DerivedData/Build/Products/Release -L/Users/adamkz/look/build/release-local/DerivedData/Build/Products/Release /Users/adamkz/look/build/release-local/DerivedData/Build/Products/Release/LookData.framework/Versions/A/LookData -o /Users/adamkz/look/build/release-local/DerivedData/Build/Intermediates.noindex/EagerLinkingTBDs/Release/LookData.framework/Versions/A/LookData.tbd

RegisterExecutionPolicyException /Users/adamkz/look/build/release-local/DerivedData/Build/Products/Release/LookData.framework (in target 'LookData' from project 'Look')
    cd /Users/adamkz/look
    builtin-RegisterExecutionPolicyException /Users/adamkz/look/build/release-local/DerivedData/Build/Products/Release/LookData.framework

Touch /Users/adamkz/look/build/release-local/DerivedData/Build/Products/Release/LookData.framework (in target 'LookData' from project 'Look')
    cd /Users/adamkz/look
    /usr/bin/touch -c /Users/adamkz/look/build/release-local/DerivedData/Build/Products/Release/LookData.framework

SymLink /Users/adamkz/look/build/release-local/DerivedData/Build/Intermediates.noindex/EagerLinkingTBDs/Release/LookData.framework/LookData.tbd /Users/adamkz/look/build/release-local/DerivedData/Build/Intermediates.noindex/EagerLinkingTBDs/Release/LookData.framework/Versions/A/LookData.tbd (in target 'LookData' from project 'Look')
    cd /Users/adamkz/look
    /bin/ln -sfh /Users/adamkz/look/build/release-local/DerivedData/Build/Intermediates.noindex/EagerLinkingTBDs/Release/LookData.framework/Versions/A/LookData.tbd /Users/adamkz/look/build/release-local/DerivedData/Build/Intermediates.noindex/EagerLinkingTBDs/Release/LookData.framework/LookData.tbd

SwiftDriverJobDiscovery normal arm64 Compiling LookKit.swift, FeatureFlags.swift, PlatformCompat.swift, ContentAreaEnvironment.swift, ContentAreaView.swift, ContentAreaViewModel.swift, InspectorPanelView.swift, InspectorPanelViewModel.swift, LibrarySidebarView.swift, LibrarySidebarViewModel.swift, EPUBReaderView.swift, EPUBReaderViewModel.swift (in target 'LookKit' from project 'Look')

SwiftDriver\ Compilation\ Requirements LookKit normal arm64 com.apple.xcode.tools.swift.compiler (in target 'LookKit' from project 'Look')
    cd /Users/adamkz/look
    builtin-Swift-Compilation-Requirements -- /Applications/Xcode.app/Contents/Developer/Toolchains/XcodeDefault.xctoolchain/usr/bin/swiftc -module-name LookKit -O -whole-module-optimization -enforce-exclusivity\=checked @/Users/adamkz/look/build/release-local/DerivedData/Build/Intermediates.noindex/Look.build/Release/LookKit.build/Objects-normal/arm64/LookKit.SwiftFileList -enable-bare-slash-regex -enable-experimental-feature DebugDescriptionMacro -sdk /Applications/Xcode.app/Contents/Developer/Platforms/MacOSX.platform/Developer/SDKs/MacOSX26.2.sdk -target arm64-apple-macos14.0 -g -module-cache-path /Users/adamkz/look/build/release-local/DerivedData/ModuleCache.noindex -Xfrontend -serialize-debugging-options -swift-version 5 -I /Users/adamkz/look/build/release-local/DerivedData/Build/Products/Release -F /Users/adamkz/look/build/release-local/DerivedData/Build/Products/Release -emit-localized-strings -emit-localized-strings-path /Users/adamkz/look/build/release-local/DerivedData/Build/Intermediates.noindex/Look.build/Release/LookKit.build/Objects-normal/arm64 -c -num-threads 8 -Xcc -ivfsstatcache -Xcc /Users/adamkz/look/build/release-local/DerivedData/SDKStatCaches.noindex/macosx26.2-25C57-00fa09913b459cbbc988d1f6730289ae.sdkstatcache -output-file-map /Users/adamkz/look/build/release-local/DerivedData/Build/Intermediates.noindex/Look.build/Release/LookKit.build/Objects-normal/arm64/LookKit-OutputFileMap.json -use-frontend-parseable-output -save-temps -no-color-diagnostics -explicit-module-build -module-cache-path /Users/adamkz/look/build/release-local/DerivedData/Build/Intermediates.noindex/SwiftExplicitPrecompiledModules -clang-scanner-module-cache-path /Users/adamkz/look/build/release-local/DerivedData/ModuleCache.noindex -sdk-module-cache-path /Users/adamkz/look/build/release-local/DerivedData/ModuleCache.noindex -serialize-diagnostics -emit-dependencies -emit-module -emit-module-path /Users/adamkz/look/build/release-local/DerivedData/Build/Intermediates.noindex/Look.build/Release/LookKit.build/Objects-normal/arm64/LookKit.swiftmodule -validate-clang-modules-once -clang-build-session-file /Users/adamkz/look/build/release-local/DerivedData/ModuleCache.noindex/Session.modulevalidation -Xcc -I/Users/adamkz/look/build/release-local/DerivedData/Build/Intermediates.noindex/Look.build/Release/LookKit.build/swift-overrides.hmap -emit-const-values -Xfrontend -const-gather-protocols-file -Xfrontend /Users/adamkz/look/build/release-local/DerivedData/Build/Intermediates.noindex/Look.build/Release/LookKit.build/Objects-normal/arm64/LookKit_const_extract_protocols.json -Xcc -iquote -Xcc /Users/adamkz/look/build/release-local/DerivedData/Build/Intermediates.noindex/Look.build/Release/LookKit.build/LookKit-generated-files.hmap -Xcc -I/Users/adamkz/look/build/release-local/DerivedData/Build/Intermediates.noindex/Look.build/Release/LookKit.build/LookKit-own-target-headers.hmap -Xcc -I/Users/adamkz/look/build/release-local/DerivedData/Build/Intermediates.noindex/Look.build/Release/LookKit.build/LookKit-all-non-framework-target-headers.hmap -Xcc -ivfsoverlay -Xcc /Users/adamkz/look/build/release-local/DerivedData/Build/Intermediates.noindex/Look.build/Release/Look-c3f0a56ea084f757df82bdf40cd5ab63-VFS/all-product-headers.yaml -Xcc -iquote -Xcc /Users/adamkz/look/build/release-local/DerivedData/Build/Intermediates.noindex/Look.build/Release/LookKit.build/LookKit-project-headers.hmap -Xcc -I/Users/adamkz/look/build/release-local/DerivedData/Build/Products/Release/include -Xcc -I/Users/adamkz/look/build/release-local/DerivedData/Build/Intermediates.noindex/Look.build/Release/LookKit.build/DerivedSources-normal/arm64 -Xcc -I/Users/adamkz/look/build/release-local/DerivedData/Build/Intermediates.noindex/Look.build/Release/LookKit.build/DerivedSources/arm64 -Xcc -I/Users/adamkz/look/build/release-local/DerivedData/Build/Intermediates.noindex/Look.build/Release/LookKit.build/DerivedSources -emit-objc-header -emit-objc-header-path /Users/adamkz/look/build/release-local/DerivedData/Build/Intermediates.noindex/Look.build/Release/LookKit.build/Objects-normal/arm64/LookKit-Swift.h -working-directory /Users/adamkz/look -no-emit-module-separately-wmo

Copy /Users/adamkz/look/build/release-local/DerivedData/Build/Products/Release/LookKit.framework/Versions/A/Modules/LookKit.swiftmodule/arm64-apple-macos.abi.json /Users/adamkz/look/build/release-local/DerivedData/Build/Intermediates.noindex/Look.build/Release/LookKit.build/Objects-normal/arm64/LookKit.abi.json (in target 'LookKit' from project 'Look')
    cd /Users/adamkz/look
    builtin-copy -exclude .DS_Store -exclude CVS -exclude .svn -exclude .git -exclude .hg -resolve-src-symlinks -rename /Users/adamkz/look/build/release-local/DerivedData/Build/Intermediates.noindex/Look.build/Release/LookKit.build/Objects-normal/arm64/LookKit.abi.json /Users/adamkz/look/build/release-local/DerivedData/Build/Products/Release/LookKit.framework/Versions/A/Modules/LookKit.swiftmodule/arm64-apple-macos.abi.json

Copy /Users/adamkz/look/build/release-local/DerivedData/Build/Products/Release/LookKit.framework/Versions/A/Modules/LookKit.swiftmodule/arm64-apple-macos.swiftdoc /Users/adamkz/look/build/release-local/DerivedData/Build/Intermediates.noindex/Look.build/Release/LookKit.build/Objects-normal/arm64/LookKit.swiftdoc (in target 'LookKit' from project 'Look')
    cd /Users/adamkz/look
    builtin-copy -exclude .DS_Store -exclude CVS -exclude .svn -exclude .git -exclude .hg -resolve-src-symlinks -rename /Users/adamkz/look/build/release-local/DerivedData/Build/Intermediates.noindex/Look.build/Release/LookKit.build/Objects-normal/arm64/LookKit.swiftdoc /Users/adamkz/look/build/release-local/DerivedData/Build/Products/Release/LookKit.framework/Versions/A/Modules/LookKit.swiftmodule/arm64-apple-macos.swiftdoc

SwiftMergeGeneratedHeaders /Users/adamkz/look/build/release-local/DerivedData/Build/Products/Release/LookKit.framework/Versions/A/Headers/LookKit-Swift.h /Users/adamkz/look/build/release-local/DerivedData/Build/Intermediates.noindex/Look.build/Release/LookKit.build/Objects-normal/arm64/LookKit-Swift.h (in target 'LookKit' from project 'Look')
    cd /Users/adamkz/look
    builtin-swiftHeaderTool -arch arm64 /Users/adamkz/look/build/release-local/DerivedData/Build/Intermediates.noindex/Look.build/Release/LookKit.build/Objects-normal/arm64/LookKit-Swift.h -o /Users/adamkz/look/build/release-local/DerivedData/Build/Products/Release/LookKit.framework/Versions/A/Headers/LookKit-Swift.h

Copy /Users/adamkz/look/build/release-local/DerivedData/Build/Products/Release/LookKit.framework/Versions/A/Modules/LookKit.swiftmodule/Project/arm64-apple-macos.swiftsourceinfo /Users/adamkz/look/build/release-local/DerivedData/Build/Intermediates.noindex/Look.build/Release/LookKit.build/Objects-normal/arm64/LookKit.swiftsourceinfo (in target 'LookKit' from project 'Look')
    cd /Users/adamkz/look
    builtin-copy -exclude .DS_Store -exclude CVS -exclude .svn -exclude .git -exclude .hg -resolve-src-symlinks -rename /Users/adamkz/look/build/release-local/DerivedData/Build/Intermediates.noindex/Look.build/Release/LookKit.build/Objects-normal/arm64/LookKit.swiftsourceinfo /Users/adamkz/look/build/release-local/DerivedData/Build/Products/Release/LookKit.framework/Versions/A/Modules/LookKit.swiftmodule/Project/arm64-apple-macos.swiftsourceinfo

Copy /Users/adamkz/look/build/release-local/DerivedData/Build/Products/Release/LookKit.framework/Versions/A/Modules/LookKit.swiftmodule/arm64-apple-macos.swiftmodule /Users/adamkz/look/build/release-local/DerivedData/Build/Intermediates.noindex/Look.build/Release/LookKit.build/Objects-normal/arm64/LookKit.swiftmodule (in target 'LookKit' from project 'Look')
    cd /Users/adamkz/look
    builtin-copy -exclude .DS_Store -exclude CVS -exclude .svn -exclude .git -exclude .hg -resolve-src-symlinks -rename /Users/adamkz/look/build/release-local/DerivedData/Build/Intermediates.noindex/Look.build/Release/LookKit.build/Objects-normal/arm64/LookKit.swiftmodule /Users/adamkz/look/build/release-local/DerivedData/Build/Products/Release/LookKit.framework/Versions/A/Modules/LookKit.swiftmodule/arm64-apple-macos.swiftmodule

VerifyModule /Users/adamkz/look/build/release-local/DerivedData/Build/Products/Release/LookKit.framework (in target 'LookKit' from project 'Look')
    cd /Users/adamkz/look
    /Applications/Xcode.app/Contents/Developer/Toolchains/XcodeDefault.xctoolchain/usr/bin/modules-verifier /Users/adamkz/look/build/release-local/DerivedData/Build/Products/Release/LookKit.framework --clang /Applications/Xcode.app/Contents/Developer/Toolchains/XcodeDefault.xctoolchain/usr/bin/clang --diagnostic-filename-map /Users/adamkz/look/build/release-local/DerivedData/Build/Intermediates.noindex/Look.build/Release/LookKit.build/LookKit-diagnostic-filename-map.json --sdk /Applications/Xcode.app/Contents/Developer/Platforms/MacOSX.platform/Developer/SDKs/MacOSX26.2.sdk --intermediates-directory /Users/adamkz/look/build/release-local/DerivedData/Build/Intermediates.noindex/Look.build/Release/LookKit.build/VerifyModule --target arm64-apple-macos14.0 --language objective-c --standard gnu11 --standard gnu++20

ScanDependencies /Users/adamkz/look/build/release-local/DerivedData/Build/Intermediates.noindex/Look.build/Release/LookKit.build/Objects-normal/arm64/LookKit_vers.o /Users/adamkz/look/build/release-local/DerivedData/Build/Intermediates.noindex/Look.build/Release/LookKit.build/DerivedSources/LookKit_vers.c normal arm64 c com.apple.compilers.llvm.clang.1_0.compiler (in target 'LookKit' from project 'Look')
    cd /Users/adamkz/look
    
    Using response file: /Users/adamkz/look/build/release-local/DerivedData/Build/Intermediates.noindex/Look.build/Release/LookKit.build/Objects-normal/arm64/7187679823f38a2a940e0043cdf9d637-common-args.resp
    
    builtin-ScanDependencies -o /Users/adamkz/look/build/release-local/DerivedData/Build/Intermediates.noindex/Look.build/Release/LookKit.build/Objects-normal/arm64/LookKit_vers.o.scan -- /Applications/Xcode.app/Contents/Developer/Toolchains/XcodeDefault.xctoolchain/usr/bin/clang -x c -ivfsstatcache /Users/adamkz/look/build/release-local/DerivedData/SDKStatCaches.noindex/macosx26.2-25C57-00fa09913b459cbbc988d1f6730289ae.sdkstatcache -fmessage-length\=0 -fdiagnostics-show-note-include-stack -fmacro-backtrace-limit\=0 -fno-color-diagnostics -fmodules-prune-interval\=86400 -fmodules-prune-after\=345600 -fbuild-session-file\=/Users/adamkz/look/build/release-local/DerivedData/ModuleCache.noindex/Session.modulevalidation -fmodules-validate-once-per-build-session -Wnon-modular-include-in-framework-module -Werror\=non-modular-include-in-framework-module -Wno-trigraphs -Wno-missing-field-initializers -Wno-missing-prototypes -Werror\=return-type -Wdocumentation -Wunreachable-code -Wquoted-include-in-framework-header -Werror\=deprecated-objc-isa-usage -Werror\=objc-root-class -Wno-missing-braces -Wparentheses -Wswitch -Wunused-function -Wno-unused-label -Wno-unused-parameter -Wunused-variable -Wunused-value -Wempty-body -Wuninitialized -Wconditional-uninitialized -Wno-unknown-pragmas -Wno-shadow -Wno-four-char-constants -Wno-conversion -Wconstant-conversion -Wint-conversion -Wbool-conversion -Wenum-conversion -Wno-float-conversion -Wnon-literal-null-conversion -Wobjc-literal-conversion -Wshorten-64-to-32 -Wpointer-sign -Wno-newline-eof -Wno-implicit-fallthrough -fstrict-aliasing -Wdeprecated-declarations -Wno-sign-conversion -Winfinite-recursion -Wcomma -Wblock-capture-autoreleasing -Wstrict-prototypes -Wno-semicolon-before-method-body @/Users/adamkz/look/build/release-local/DerivedData/Build/Intermediates.noindex/Look.build/Release/LookKit.build/Objects-normal/arm64/7187679823f38a2a940e0043cdf9d637-common-args.resp -MMD -MT dependencies -MF /Users/adamkz/look/build/release-local/DerivedData/Build/Intermediates.noindex/Look.build/Release/LookKit.build/Objects-normal/arm64/LookKit_vers.d --serialize-diagnostics /Users/adamkz/look/build/release-local/DerivedData/Build/Intermediates.noindex/Look.build/Release/LookKit.build/Objects-normal/arm64/LookKit_vers.dia -c /Users/adamkz/look/build/release-local/DerivedData/Build/Intermediates.noindex/Look.build/Release/LookKit.build/DerivedSources/LookKit_vers.c -o /Users/adamkz/look/build/release-local/DerivedData/Build/Intermediates.noindex/Look.build/Release/LookKit.build/Objects-normal/arm64/LookKit_vers.o

SwiftDriver LookNotes normal arm64 com.apple.xcode.tools.swift.compiler (in target 'LookNotes' from project 'Look')
    cd /Users/adamkz/look
    builtin-SwiftDriver -- /Applications/Xcode.app/Contents/Developer/Toolchains/XcodeDefault.xctoolchain/usr/bin/swiftc -module-name LookNotes -O -whole-module-optimization -enforce-exclusivity\=checked @/Users/adamkz/look/build/release-local/DerivedData/Build/Intermediates.noindex/Look.build/Release/LookNotes.build/Objects-normal/arm64/LookNotes.SwiftFileList -enable-bare-slash-regex -enable-experimental-feature DebugDescriptionMacro -sdk /Applications/Xcode.app/Contents/Developer/Platforms/MacOSX.platform/Developer/SDKs/MacOSX26.2.sdk -target arm64-apple-macos14.0 -g -module-cache-path /Users/adamkz/look/build/release-local/DerivedData/ModuleCache.noindex -Xfrontend -serialize-debugging-options -swift-version 5 -I /Users/adamkz/look/build/release-local/DerivedData/Build/Products/Release -F /Users/adamkz/look/build/release-local/DerivedData/Build/Products/Release -emit-localized-strings -emit-localized-strings-path /Users/adamkz/look/build/release-local/DerivedData/Build/Intermediates.noindex/Look.build/Release/LookNotes.build/Objects-normal/arm64 -c -num-threads 8 -Xcc -ivfsstatcache -Xcc /Users/adamkz/look/build/release-local/DerivedData/SDKStatCaches.noindex/macosx26.2-25C57-00fa09913b459cbbc988d1f6730289ae.sdkstatcache -output-file-map /Users/adamkz/look/build/release-local/DerivedData/Build/Intermediates.noindex/Look.build/Release/LookNotes.build/Objects-normal/arm64/LookNotes-OutputFileMap.json -use-frontend-parseable-output -save-temps -no-color-diagnostics -explicit-module-build -module-cache-path /Users/adamkz/look/build/release-local/DerivedData/Build/Intermediates.noindex/SwiftExplicitPrecompiledModules -clang-scanner-module-cache-path /Users/adamkz/look/build/release-local/DerivedData/ModuleCache.noindex -sdk-module-cache-path /Users/adamkz/look/build/release-local/DerivedData/ModuleCache.noindex -serialize-diagnostics -emit-dependencies -emit-module -emit-module-path /Users/adamkz/look/build/release-local/DerivedData/Build/Intermediates.noindex/Look.build/Release/LookNotes.build/Objects-normal/arm64/LookNotes.swiftmodule -validate-clang-modules-once -clang-build-session-file /Users/adamkz/look/build/release-local/DerivedData/ModuleCache.noindex/Session.modulevalidation -Xcc -I/Users/adamkz/look/build/release-local/DerivedData/Build/Intermediates.noindex/Look.build/Release/LookNotes.build/swift-overrides.hmap -emit-const-values -Xfrontend -const-gather-protocols-file -Xfrontend /Users/adamkz/look/build/release-local/DerivedData/Build/Intermediates.noindex/Look.build/Release/LookNotes.build/Objects-normal/arm64/LookNotes_const_extract_protocols.json -Xcc -iquote -Xcc /Users/adamkz/look/build/release-local/DerivedData/Build/Intermediates.noindex/Look.build/Release/LookNotes.build/LookNotes-generated-files.hmap -Xcc -I/Users/adamkz/look/build/release-local/DerivedData/Build/Intermediates.noindex/Look.build/Release/LookNotes.build/LookNotes-own-target-headers.hmap -Xcc -I/Users/adamkz/look/build/release-local/DerivedData/Build/Intermediates.noindex/Look.build/Release/LookNotes.build/LookNotes-all-non-framework-target-headers.hmap -Xcc -ivfsoverlay -Xcc /Users/adamkz/look/build/release-local/DerivedData/Build/Intermediates.noindex/Look.build/Release/Look-c3f0a56ea084f757df82bdf40cd5ab63-VFS/all-product-headers.yaml -Xcc -iquote -Xcc /Users/adamkz/look/build/release-local/DerivedData/Build/Intermediates.noindex/Look.build/Release/LookNotes.build/LookNotes-project-headers.hmap -Xcc -I/Users/adamkz/look/build/release-local/DerivedData/Build/Products/Release/include -Xcc -I/Users/adamkz/look/build/release-local/DerivedData/Build/Intermediates.noindex/Look.build/Release/LookNotes.build/DerivedSources-normal/arm64 -Xcc -I/Users/adamkz/look/build/release-local/DerivedData/Build/Intermediates.noindex/Look.build/Release/LookNotes.build/DerivedSources/arm64 -Xcc -I/Users/adamkz/look/build/release-local/DerivedData/Build/Intermediates.noindex/Look.build/Release/LookNotes.build/DerivedSources -emit-objc-header -emit-objc-header-path /Users/adamkz/look/build/release-local/DerivedData/Build/Intermediates.noindex/Look.build/Release/LookNotes.build/Objects-normal/arm64/LookNotes-Swift.h -working-directory /Users/adamkz/look -no-emit-module-separately-wmo

SwiftDriver LookPDF normal arm64 com.apple.xcode.tools.swift.compiler (in target 'LookPDF' from project 'Look')
    cd /Users/adamkz/look
    builtin-SwiftDriver -- /Applications/Xcode.app/Contents/Developer/Toolchains/XcodeDefault.xctoolchain/usr/bin/swiftc -module-name LookPDF -O -whole-module-optimization -enforce-exclusivity\=checked @/Users/adamkz/look/build/release-local/DerivedData/Build/Intermediates.noindex/Look.build/Release/LookPDF.build/Objects-normal/arm64/LookPDF.SwiftFileList -enable-bare-slash-regex -enable-experimental-feature DebugDescriptionMacro -sdk /Applications/Xcode.app/Contents/Developer/Platforms/MacOSX.platform/Developer/SDKs/MacOSX26.2.sdk -target arm64-apple-macos14.0 -g -module-cache-path /Users/adamkz/look/build/release-local/DerivedData/ModuleCache.noindex -Xfrontend -serialize-debugging-options -swift-version 5 -I /Users/adamkz/look/build/release-local/DerivedData/Build/Products/Release -F /Users/adamkz/look/build/release-local/DerivedData/Build/Products/Release -emit-localized-strings -emit-localized-strings-path /Users/adamkz/look/build/release-local/DerivedData/Build/Intermediates.noindex/Look.build/Release/LookPDF.build/Objects-normal/arm64 -c -num-threads 8 -Xcc -ivfsstatcache -Xcc /Users/adamkz/look/build/release-local/DerivedData/SDKStatCaches.noindex/macosx26.2-25C57-00fa09913b459cbbc988d1f6730289ae.sdkstatcache -output-file-map /Users/adamkz/look/build/release-local/DerivedData/Build/Intermediates.noindex/Look.build/Release/LookPDF.build/Objects-normal/arm64/LookPDF-OutputFileMap.json -use-frontend-parseable-output -save-temps -no-color-diagnostics -explicit-module-build -module-cache-path /Users/adamkz/look/build/release-local/DerivedData/Build/Intermediates.noindex/SwiftExplicitPrecompiledModules -clang-scanner-module-cache-path /Users/adamkz/look/build/release-local/DerivedData/ModuleCache.noindex -sdk-module-cache-path /Users/adamkz/look/build/release-local/DerivedData/ModuleCache.noindex -serialize-diagnostics -emit-dependencies -emit-module -emit-module-path /Users/adamkz/look/build/release-local/DerivedData/Build/Intermediates.noindex/Look.build/Release/LookPDF.build/Objects-normal/arm64/LookPDF.swiftmodule -validate-clang-modules-once -clang-build-session-file /Users/adamkz/look/build/release-local/DerivedData/ModuleCache.noindex/Session.modulevalidation -Xcc -I/Users/adamkz/look/build/release-local/DerivedData/Build/Intermediates.noindex/Look.build/Release/LookPDF.build/swift-overrides.hmap -emit-const-values -Xfrontend -const-gather-protocols-file -Xfrontend /Users/adamkz/look/build/release-local/DerivedData/Build/Intermediates.noindex/Look.build/Release/LookPDF.build/Objects-normal/arm64/LookPDF_const_extract_protocols.json -Xcc -iquote -Xcc /Users/adamkz/look/build/release-local/DerivedData/Build/Intermediates.noindex/Look.build/Release/LookPDF.build/LookPDF-generated-files.hmap -Xcc -I/Users/adamkz/look/build/release-local/DerivedData/Build/Intermediates.noindex/Look.build/Release/LookPDF.build/LookPDF-own-target-headers.hmap -Xcc -I/Users/adamkz/look/build/release-local/DerivedData/Build/Intermediates.noindex/Look.build/Release/LookPDF.build/LookPDF-all-non-framework-target-headers.hmap -Xcc -ivfsoverlay -Xcc /Users/adamkz/look/build/release-local/DerivedData/Build/Intermediates.noindex/Look.build/Release/Look-c3f0a56ea084f757df82bdf40cd5ab63-VFS/all-product-headers.yaml -Xcc -iquote -Xcc /Users/adamkz/look/build/release-local/DerivedData/Build/Intermediates.noindex/Look.build/Release/LookPDF.build/LookPDF-project-headers.hmap -Xcc -I/Users/adamkz/look/build/release-local/DerivedData/Build/Products/Release/include -Xcc -I/Users/adamkz/look/build/release-local/DerivedData/Build/Intermediates.noindex/Look.build/Release/LookPDF.build/DerivedSources-normal/arm64 -Xcc -I/Users/adamkz/look/build/release-local/DerivedData/Build/Intermediates.noindex/Look.build/Release/LookPDF.build/DerivedSources/arm64 -Xcc -I/Users/adamkz/look/build/release-local/DerivedData/Build/Intermediates.noindex/Look.build/Release/LookPDF.build/DerivedSources -emit-objc-header -emit-objc-header-path /Users/adamkz/look/build/release-local/DerivedData/Build/Intermediates.noindex/Look.build/Release/LookPDF.build/Objects-normal/arm64/LookPDF-Swift.h -working-directory /Users/adamkz/look -no-emit-module-separately-wmo

CompileC /Users/adamkz/look/build/release-local/DerivedData/Build/Intermediates.noindex/Look.build/Release/LookKit.build/Objects-normal/arm64/LookKit_vers.o /Users/adamkz/look/build/release-local/DerivedData/Build/Intermediates.noindex/Look.build/Release/LookKit.build/DerivedSources/LookKit_vers.c normal arm64 c com.apple.compilers.llvm.clang.1_0.compiler (in target 'LookKit' from project 'Look')
    cd /Users/adamkz/look
    
    Using response file: /Users/adamkz/look/build/release-local/DerivedData/Build/Intermediates.noindex/Look.build/Release/LookKit.build/Objects-normal/arm64/7187679823f38a2a940e0043cdf9d637-common-args.resp
    
    /Applications/Xcode.app/Contents/Developer/Toolchains/XcodeDefault.xctoolchain/usr/bin/clang -x c -ivfsstatcache /Users/adamkz/look/build/release-local/DerivedData/SDKStatCaches.noindex/macosx26.2-25C57-00fa09913b459cbbc988d1f6730289ae.sdkstatcache -fmessage-length\=0 -fdiagnostics-show-note-include-stack -fmacro-backtrace-limit\=0 -fno-color-diagnostics -fmodules-prune-interval\=86400 -fmodules-prune-after\=345600 -fbuild-session-file\=/Users/adamkz/look/build/release-local/DerivedData/ModuleCache.noindex/Session.modulevalidation -fmodules-validate-once-per-build-session -Wnon-modular-include-in-framework-module -Werror\=non-modular-include-in-framework-module -Wno-trigraphs -Wno-missing-field-initializers -Wno-missing-prototypes -Werror\=return-type -Wdocumentation -Wunreachable-code -Wquoted-include-in-framework-header -Werror\=deprecated-objc-isa-usage -Werror\=objc-root-class -Wno-missing-braces -Wparentheses -Wswitch -Wunused-function -Wno-unused-label -Wno-unused-parameter -Wunused-variable -Wunused-value -Wempty-body -Wuninitialized -Wconditional-uninitialized -Wno-unknown-pragmas -Wno-shadow -Wno-four-char-constants -Wno-conversion -Wconstant-conversion -Wint-conversion -Wbool-conversion -Wenum-conversion -Wno-float-conversion -Wnon-literal-null-conversion -Wobjc-literal-conversion -Wshorten-64-to-32 -Wpointer-sign -Wno-newline-eof -Wno-implicit-fallthrough -fstrict-aliasing -Wdeprecated-declarations -Wno-sign-conversion -Winfinite-recursion -Wcomma -Wblock-capture-autoreleasing -Wstrict-prototypes -Wno-semicolon-before-method-body @/Users/adamkz/look/build/release-local/DerivedData/Build/Intermediates.noindex/Look.build/Release/LookKit.build/Objects-normal/arm64/7187679823f38a2a940e0043cdf9d637-common-args.resp -MMD -MT dependencies -MF /Users/adamkz/look/build/release-local/DerivedData/Build/Intermediates.noindex/Look.build/Release/LookKit.build/Objects-normal/arm64/LookKit_vers.d --serialize-diagnostics /Users/adamkz/look/build/release-local/DerivedData/Build/Intermediates.noindex/Look.build/Release/LookKit.build/Objects-normal/arm64/LookKit_vers.dia -c /Users/adamkz/look/build/release-local/DerivedData/Build/Intermediates.noindex/Look.build/Release/LookKit.build/DerivedSources/LookKit_vers.c -o /Users/adamkz/look/build/release-local/DerivedData/Build/Intermediates.noindex/Look.build/Release/LookKit.build/Objects-normal/arm64/LookKit_vers.o

Ld /Users/adamkz/look/build/release-local/DerivedData/Build/Products/Release/LookKit.framework/Versions/A/LookKit normal (in target 'LookKit' from project 'Look')
    cd /Users/adamkz/look
    /Applications/Xcode.app/Contents/Developer/Toolchains/XcodeDefault.xctoolchain/usr/bin/clang -Xlinker -reproducible -target arm64-apple-macos14.0 -dynamiclib -isysroot /Applications/Xcode.app/Contents/Developer/Platforms/MacOSX.platform/Developer/SDKs/MacOSX26.2.sdk -Os -L/Users/adamkz/look/build/release-local/DerivedData/Build/Intermediates.noindex/EagerLinkingTBDs/Release -L/Users/adamkz/look/build/release-local/DerivedData/Build/Products/Release -F/Users/adamkz/look/build/release-local/DerivedData/Build/Intermediates.noindex/EagerLinkingTBDs/Release -F/Users/adamkz/look/build/release-local/DerivedData/Build/Products/Release -filelist /Users/adamkz/look/build/release-local/DerivedData/Build/Intermediates.noindex/Look.build/Release/LookKit.build/Objects-normal/arm64/LookKit.LinkFileList -install_name @rpath/LookKit.framework/Versions/A/LookKit -Xlinker -rpath -Xlinker /usr/lib/swift -Xlinker -rpath -Xlinker @executable_path/../Frameworks -Xlinker -rpath -Xlinker @loader_path/Frameworks -dead_strip -Xlinker -object_path_lto -Xlinker /Users/adamkz/look/build/release-local/DerivedData/Build/Intermediates.noindex/Look.build/Release/LookKit.build/Objects-normal/arm64/LookKit_lto.o -Xlinker -dependency_info -Xlinker /Users/adamkz/look/build/release-local/DerivedData/Build/Intermediates.noindex/Look.build/Release/LookKit.build/Objects-normal/arm64/LookKit_dependency_info.dat -fobjc-link-runtime -L/Applications/Xcode.app/Contents/Developer/Toolchains/XcodeDefault.xctoolchain/usr/lib/swift/macosx -L/usr/lib/swift -Xlinker -add_ast_path -Xlinker /Users/adamkz/look/build/release-local/DerivedData/Build/Intermediates.noindex/Look.build/Release/LookKit.build/Objects-normal/arm64/LookKit.swiftmodule @/Users/adamkz/look/build/release-local/DerivedData/Build/Intermediates.noindex/Look.build/Release/LookKit.build/Objects-normal/arm64/LookKit-linker-args.resp -o /Users/adamkz/look/build/release-local/DerivedData/Build/Products/Release/LookKit.framework/Versions/A/LookKit

GenerateDSYMFile /Users/adamkz/look/build/release-local/DerivedData/Build/Products/Release/LookKit.framework.dSYM /Users/adamkz/look/build/release-local/DerivedData/Build/Products/Release/LookKit.framework/Versions/A/LookKit (in target 'LookKit' from project 'Look')
    cd /Users/adamkz/look
    /Applications/Xcode.app/Contents/Developer/Toolchains/XcodeDefault.xctoolchain/usr/bin/dsymutil /Users/adamkz/look/build/release-local/DerivedData/Build/Products/Release/LookKit.framework/Versions/A/LookKit -o /Users/adamkz/look/build/release-local/DerivedData/Build/Products/Release/LookKit.framework.dSYM

ExtractAppIntentsMetadata (in target 'LookKit' from project 'Look')
    cd /Users/adamkz/look
    /Applications/Xcode.app/Contents/Developer/Toolchains/XcodeDefault.xctoolchain/usr/bin/appintentsmetadataprocessor --toolchain-dir /Applications/Xcode.app/Contents/Developer/Toolchains/XcodeDefault.xctoolchain --module-name LookKit --sdk-root /Applications/Xcode.app/Contents/Developer/Platforms/MacOSX.platform/Developer/SDKs/MacOSX26.2.sdk --xcode-version 17C52 --platform-family macOS --deployment-target 14.0 --bundle-identifier com.look.LookKit --output /Users/adamkz/look/build/release-local/DerivedData/Build/Products/Release/LookKit.framework/Versions/A/Resources --target-triple arm64-apple-macos14.0 --binary-file /Users/adamkz/look/build/release-local/DerivedData/Build/Products/Release/LookKit.framework/Versions/A/LookKit --dependency-file /Users/adamkz/look/build/release-local/DerivedData/Build/Intermediates.noindex/Look.build/Release/LookKit.build/Objects-normal/arm64/LookKit_dependency_info.dat --stringsdata-file /Users/adamkz/look/build/release-local/DerivedData/Build/Intermediates.noindex/Look.build/Release/LookKit.build/Objects-normal/arm64/ExtractedAppShortcutsMetadata.stringsdata --source-file-list /Users/adamkz/look/build/release-local/DerivedData/Build/Intermediates.noindex/Look.build/Release/LookKit.build/Objects-normal/arm64/LookKit.SwiftFileList --metadata-file-list /Users/adamkz/look/build/release-local/DerivedData/Build/Intermediates.noindex/Look.build/Release/LookKit.build/LookKit.DependencyMetadataFileList --static-metadata-file-list /Users/adamkz/look/build/release-local/DerivedData/Build/Intermediates.noindex/Look.build/Release/LookKit.build/LookKit.DependencyStaticMetadataFileList --swift-const-vals-list /Users/adamkz/look/build/release-local/DerivedData/Build/Intermediates.noindex/Look.build/Release/LookKit.build/Objects-normal/arm64/LookKit.SwiftConstValuesFileList --compile-time-extraction --deployment-aware-processing --validate-assistant-intents --no-app-shortcuts-localization
2026-02-28 01:55:12.379 appintentsmetadataprocessor[88261:5393306] Starting appintentsmetadataprocessor export
2026-02-28 01:55:12.392 appintentsmetadataprocessor[88261:5393306] warning: Metadata extraction skipped. No AppIntents.framework dependency found.

GenerateTAPI /Users/adamkz/look/build/release-local/DerivedData/Build/Intermediates.noindex/EagerLinkingTBDs/Release/LookKit.framework/Versions/A/LookKit.tbd (in target 'LookKit' from project 'Look')
    cd /Users/adamkz/look
    /Applications/Xcode.app/Contents/Developer/Toolchains/XcodeDefault.xctoolchain/usr/bin/tapi stubify -isysroot /Applications/Xcode.app/Contents/Developer/Platforms/MacOSX.platform/Developer/SDKs/MacOSX26.2.sdk -F/Users/adamkz/look/build/release-local/DerivedData/Build/Products/Release -L/Users/adamkz/look/build/release-local/DerivedData/Build/Products/Release /Users/adamkz/look/build/release-local/DerivedData/Build/Products/Release/LookKit.framework/Versions/A/LookKit -o /Users/adamkz/look/build/release-local/DerivedData/Build/Intermediates.noindex/EagerLinkingTBDs/Release/LookKit.framework/Versions/A/LookKit.tbd

RegisterExecutionPolicyException /Users/adamkz/look/build/release-local/DerivedData/Build/Products/Release/LookKit.framework (in target 'LookKit' from project 'Look')
    cd /Users/adamkz/look
    builtin-RegisterExecutionPolicyException /Users/adamkz/look/build/release-local/DerivedData/Build/Products/Release/LookKit.framework

Touch /Users/adamkz/look/build/release-local/DerivedData/Build/Products/Release/LookKit.framework (in target 'LookKit' from project 'Look')
    cd /Users/adamkz/look
    /usr/bin/touch -c /Users/adamkz/look/build/release-local/DerivedData/Build/Products/Release/LookKit.framework

SymLink /Users/adamkz/look/build/release-local/DerivedData/Build/Intermediates.noindex/EagerLinkingTBDs/Release/LookKit.framework/LookKit.tbd /Users/adamkz/look/build/release-local/DerivedData/Build/Intermediates.noindex/EagerLinkingTBDs/Release/LookKit.framework/Versions/A/LookKit.tbd (in target 'LookKit' from project 'Look')
    cd /Users/adamkz/look
    /bin/ln -sfh /Users/adamkz/look/build/release-local/DerivedData/Build/Intermediates.noindex/EagerLinkingTBDs/Release/LookKit.framework/Versions/A/LookKit.tbd /Users/adamkz/look/build/release-local/DerivedData/Build/Intermediates.noindex/EagerLinkingTBDs/Release/LookKit.framework/LookKit.tbd

SwiftCompile normal arm64 Compiling\ LookPDF.swift,\ PDFAnnotationBridge.swift,\ AnnotationToolbarView.swift,\ PDFViewerView.swift,\ PDFViewerViewModel.swift /Users/adamkz/look/Sources/LookPDF/Sources/LookPDF.swift /Users/adamkz/look/Sources/LookPDF/Sources/PDFAnnotationBridge.swift /Users/adamkz/look/Sources/LookPDF/Sources/AnnotationToolbarView.swift /Users/adamkz/look/Sources/LookPDF/Sources/PDFViewerView.swift /Users/adamkz/look/Sources/LookPDF/Sources/PDFViewerViewModel.swift /Applications/Xcode.app/Contents/Developer/Toolchains/XcodeDefault.xctoolchain/usr/lib/swift/macosx/prebuilt-modules/26.2/CoreVideo.swiftmodule/arm64e-apple-macos.swiftmodule /Applications/Xcode.app/Contents/Developer/Toolchains/XcodeDefault.xctoolchain/usr/lib/swift/macosx/prebuilt-modules/26.2/_StringProcessing.swiftmodule/arm64e-apple-macos.swiftmodule /Applications/Xcode.app/Contents/Developer/Toolchains/XcodeDefault.xctoolchain/usr/lib/swift/macosx/prebuilt-modules/26.2/Metal.swiftmodule/arm64e-apple-macos.swiftmodule /Applications/Xcode.app/Contents/Developer/Toolchains/XcodeDefault.xctoolchain/usr/lib/swift/macosx/prebuilt-modules/26.2/_DarwinFoundation2.swiftmodule/arm64e-apple-macos.swiftmodule /Applications/Xcode.app/Contents/Developer/Toolchains/XcodeDefault.xctoolchain/usr/lib/swift/macosx/prebuilt-modules/26.2/Swift.swiftmodule/arm64e-apple-macos.swiftmodule /Applications/Xcode.app/Contents/Developer/Toolchains/XcodeDefault.xctoolchain/usr/lib/swift/macosx/prebuilt-modules/26.2/Darwin.swiftmodule/arm64e-apple-macos.swiftmodule /Applications/Xcode.app/Contents/Developer/Toolchains/XcodeDefault.xctoolchain/usr/lib/swift/macosx/prebuilt-modules/26.2/System.swiftmodule/arm64e-apple-macos.swiftmodule /Applications/Xcode.app/Contents/Developer/Toolchains/XcodeDefault.xctoolchain/usr/lib/swift/macosx/prebuilt-modules/26.2/Combine.swiftmodule/arm64e-apple-macos.swiftmodule /Applications/Xcode.app/Contents/Developer/Toolchains/XcodeDefault.xctoolchain/usr/lib/swift/macosx/prebuilt-modules/26.2/DeveloperToolsSupport.swiftmodule/arm64e-apple-macos.swiftmodule /Applications/Xcode.app/Contents/Developer/Toolchains/XcodeDefault.xctoolchain/usr/lib/swift/macosx/prebuilt-modules/26.2/Spatial.swiftmodule/arm64e-apple-macos.swiftmodule /Applications/Xcode.app/Contents/Developer/Toolchains/XcodeDefault.xctoolchain/usr/lib/swift/macosx/prebuilt-modules/26.2/Foundation.swiftmodule/arm64e-apple-macos.swiftmodule /Applications/Xcode.app/Contents/Developer/Toolchains/XcodeDefault.xctoolchain/usr/lib/swift/macosx/prebuilt-modules/26.2/Dispatch.swiftmodule/arm64e-apple-macos.swiftmodule /Applications/Xcode.app/Contents/Developer/Toolchains/XcodeDefault.xctoolchain/usr/lib/swift/macosx/prebuilt-modules/26.2/CoreGraphics.swiftmodule/arm64e-apple-macos.swiftmodule /Applications/Xcode.app/Contents/Developer/Toolchains/XcodeDefault.xctoolchain/usr/lib/swift/macosx/prebuilt-modules/26.2/PDFKit.swiftmodule/arm64e-apple-macos.swiftmodule /Applications/Xcode.app/Contents/Developer/Toolchains/XcodeDefault.xctoolchain/usr/lib/swift/macosx/prebuilt-modules/26.2/Symbols.swiftmodule/arm64e-apple-macos.swiftmodule /Applications/Xcode.app/Contents/Developer/Toolchains/XcodeDefault.xctoolchain/usr/lib/swift/macosx/prebuilt-modules/26.2/DataDetection.swiftmodule/arm64e-apple-macos.swiftmodule /Users/adamkz/look/build/release-local/DerivedData/Build/Products/Release/LookKit.framework/Modules/LookKit.swiftmodule/arm64-apple-macos.swiftmodule /Applications/Xcode.app/Contents/Developer/Toolchains/XcodeDefault.xctoolchain/usr/lib/swift/macosx/prebuilt-modules/26.2/_Builtin_float.swiftmodule/arm64e-apple-macos.swiftmodule /Applications/Xcode.app/Contents/Developer/Toolchains/XcodeDefault.xctoolchain/usr/lib/swift/macosx/prebuilt-modules/26.2/_WebKit_SwiftUI.swiftmodule/arm64e-apple-macos.swiftmodule /Applications/Xcode.app/Contents/Developer/Toolchains/XcodeDefault.xctoolchain/usr/lib/swift/macosx/prebuilt-modules/26.2/IOKit.swiftmodule/arm64e-apple-macos.swiftmodule /Applications/Xcode.app/Contents/Developer/Toolchains/XcodeDefault.xctoolchain/usr/lib/swift/macosx/prebuilt-modules/26.2/ObjectiveC.swiftmodule/arm64e-apple-macos.swiftmodule /Applications/Xcode.app/Contents/Developer/Toolchains/XcodeDefault.xctoolchain/usr/lib/swift/macosx/prebuilt-modules/26.2/SwiftUI.swiftmodule/arm64e-apple-macos.swiftmodule /Applications/Xcode.app/Contents/Developer/Toolchains/XcodeDefault.xctoolchain/usr/lib/swift/macosx/prebuilt-modules/26.2/CoreText.swiftmodule/arm64e-apple-macos.swiftmodule /Applications/Xcode.app/Contents/Developer/Toolchains/XcodeDefault.xctoolchain/usr/lib/swift/macosx/prebuilt-modules/26.2/Observation.swiftmodule/arm64e-apple-macos.swiftmodule /Applications/Xcode.app/Contents/Developer/Toolchains/XcodeDefault.xctoolchain/usr/lib/swift/macosx/prebuilt-modules/26.2/OSLog.swiftmodule/arm64e-apple-macos.swiftmodule /Applications/Xcode.app/Contents/Developer/Toolchains/XcodeDefault.xctoolchain/usr/lib/swift/macosx/prebuilt-modules/26.2/Accessibility.swiftmodule/arm64e-apple-macos.swiftmodule /Applications/Xcode.app/Contents/Developer/Toolchains/XcodeDefault.xctoolchain/usr/lib/swift/macosx/prebuilt-modules/26.2/CoreData.swiftmodule/arm64e-apple-macos.swiftmodule /Applications/Xcode.app/Contents/Developer/Toolchains/XcodeDefault.xctoolchain/usr/lib/swift/macosx/prebuilt-modules/26.2/XPC.swiftmodule/arm64e-apple-macos.swiftmodule /Applications/Xcode.app/Contents/Developer/Toolchains/XcodeDefault.xctoolchain/usr/lib/swift/macosx/prebuilt-modules/26.2/_DarwinFoundation1.swiftmodule/arm64e-apple-macos.swiftmodule /Applications/Xcode.app/Contents/Developer/Toolchains/XcodeDefault.xctoolchain/usr/lib/swift/macosx/prebuilt-modules/26.2/Distributed.swiftmodule/arm64e-apple-macos.swiftmodule /Applications/Xcode.app/Contents/Developer/Toolchains/XcodeDefault.xctoolchain/usr/lib/swift/macosx/prebuilt-modules/26.2/simd.swiftmodule/arm64e-apple-macos.swiftmodule /Applications/Xcode.app/Contents/Developer/Toolchains/XcodeDefault.xctoolchain/usr/lib/swift/macosx/prebuilt-modules/26.2/os.swiftmodule/arm64e-apple-macos.swiftmodule /Applications/Xcode.app/Contents/Developer/Toolchains/XcodeDefault.xctoolchain/usr/lib/swift/macosx/prebuilt-modules/26.2/SwiftUICore.swiftmodule/arm64e-apple-macos.swiftmodule /Applications/Xcode.app/Contents/Developer/Toolchains/XcodeDefault.xctoolchain/usr/lib/swift/macosx/prebuilt-modules/26.2/CoreImage.swiftmodule/arm64e-apple-macos.swiftmodule /Applications/Xcode.app/Contents/Developer/Toolchains/XcodeDefault.xctoolchain/usr/lib/swift/macosx/prebuilt-modules/26.2/_Concurrency.swiftmodule/arm64e-apple-macos.swiftmodule /Applications/Xcode.app/Contents/Developer/Toolchains/XcodeDefault.xctoolchain/usr/lib/swift/macosx/prebuilt-modules/26.2/Network.swiftmodule/arm64e-apple-macos.swiftmodule /Applications/Xcode.app/Contents/Developer/Toolchains/XcodeDefault.xctoolchain/usr/lib/swift/macosx/prebuilt-modules/26.2/WebKit.swiftmodule/arm64e-apple-macos.swiftmodule /Applications/Xcode.app/Contents/Developer/Toolchains/XcodeDefault.xctoolchain/usr/lib/swift/macosx/prebuilt-modules/26.2/QuartzCore.swiftmodule/arm64e-apple-macos.swiftmodule /Applications/Xcode.app/Contents/Developer/Toolchains/XcodeDefault.xctoolchain/usr/lib/swift/macosx/prebuilt-modules/26.2/CoreFoundation.swiftmodule/arm64e-apple-macos.swiftmodule /Applications/Xcode.app/Contents/Developer/Toolchains/XcodeDefault.xctoolchain/usr/lib/swift/macosx/prebuilt-modules/26.2/_DarwinFoundation3.swiftmodule/arm64e-apple-macos.swiftmodule /Applications/Xcode.app/Contents/Developer/Toolchains/XcodeDefault.xctoolchain/usr/lib/swift/macosx/prebuilt-modules/26.2/CoreTransferable.swiftmodule/arm64e-apple-macos.swiftmodule /Applications/Xcode.app/Contents/Developer/Toolchains/XcodeDefault.xctoolchain/usr/lib/swift/macosx/prebuilt-modules/26.2/AppKit.swiftmodule/arm64e-apple-macos.swiftmodule /Applications/Xcode.app/Contents/Developer/Toolchains/XcodeDefault.xctoolchain/usr/lib/swift/macosx/prebuilt-modules/26.2/UniformTypeIdentifiers.swiftmodule/arm64e-apple-macos.swiftmodule /Users/adamkz/look/build/release-local/DerivedData/ModuleCache.noindex/CoreVideo-83ASD06HCFSVQO0Y998TP74JA.pcm /Users/adamkz/look/build/release-local/DerivedData/ModuleCache.noindex/UniformTypeIdentifiers-ECBGSH2EGGL9A1XEVEYR6ZFYW.pcm /Users/adamkz/look/build/release-local/DerivedData/ModuleCache.noindex/_Builtin_stdarg-2HDRGTIS1G4F7QXLZTEHTBQDG.pcm /Users/adamkz/look/build/release-local/DerivedData/ModuleCache.noindex/dnssd-5U4JTVMRBLH0218A2TX4P01.pcm /Users/adamkz/look/build/release-local/DerivedData/ModuleCache.noindex/os-7KF104MTY80MF4X9ZSS4BBKE3.pcm /Users/adamkz/look/build/release-local/DerivedData/ModuleCache.noindex/_Builtin_stdint-25QQHA0X5ZJH5PRLLSVWV4501.pcm /Users/adamkz/look/build/release-local/DerivedData/ModuleCache.noindex/launch-A84NQJC75SAT32NMPRRBGQYJA.pcm /Users/adamkz/look/build/release-local/DerivedData/ModuleCache.noindex/os_object-6GN7Z1IIJ1LQWEJOKHAFV3576.pcm /Users/adamkz/look/build/release-local/DerivedData/ModuleCache.noindex/ApplicationServices-B6NJ0J8NWPDLA6IRLCWHTUAV2.pcm /Users/adamkz/look/build/release-local/DerivedData/ModuleCache.noindex/Symbols-2QZKP1448RNJ02LAURQ22T5YT.pcm /Users/adamkz/look/build/release-local/DerivedData/ModuleCache.noindex/ColorSync-4LSWHSKQ1XCQ2E2E6QB5THARD.pcm /Users/adamkz/look/build/release-local/DerivedData/ModuleCache.noindex/SwiftUICore-N8SLVUPPL6TXQJKYC7XR8739.pcm /Users/adamkz/look/build/release-local/DerivedData/ModuleCache.noindex/Darwin-64GFM1A89BMTAVFW07NPG44OZ.pcm /Users/adamkz/look/build/release-local/DerivedData/ModuleCache.noindex/_DarwinFoundation1-ESWU0369N75I6O4KH9OLTGGWN.pcm /Users/adamkz/look/build/release-local/DerivedData/ModuleCache.noindex/CoreImage-TP7MUJDK2AWH0X2D5WBNXXQ9.pcm /Users/adamkz/look/build/release-local/DerivedData/ModuleCache.noindex/_Builtin_stdatomic-BJ103Z7YVGWY8CQZS5784Q755.pcm /Users/adamkz/look/build/release-local/DerivedData/ModuleCache.noindex/DiskArbitration-27A7TTR0BOBGRTE19V0OFTO6L.pcm /Users/adamkz/look/build/release-local/DerivedData/ModuleCache.noindex/Accessibility-UTBYHXFMK1FGQNW20T4CCZKI.pcm /Users/adamkz/look/build/release-local/DerivedData/ModuleCache.noindex/_Builtin_tgmath-F0WQAELQKXXKV255Z3SFP5IER.pcm /Users/adamkz/look/build/release-local/DerivedData/ModuleCache.noindex/_Builtin_inttypes-9EUQ4VJO7J1GTHW4IPBJEBCMZ.pcm /Users/adamkz/look/build/release-local/DerivedData/ModuleCache.noindex/_Builtin_stddef-6FGLQ881JZOVA1DDF2WJTWKXO.pcm /Users/adamkz/look/build/release-local/DerivedData/ModuleCache.noindex/ptrauth-1G5OIF90SOJZZ0B4RUVWKXU9H.pcm /Users/adamkz/look/build/release-local/DerivedData/ModuleCache.noindex/AppKit-9LGL4XWBDCEEID24666SQC5B5.pcm /Users/adamkz/look/build/release-local/DerivedData/ModuleCache.noindex/MachO-LGLNYZVU7FA5YRW5NEXOTNMX.pcm /Users/adamkz/look/build/release-local/DerivedData/ModuleCache.noindex/ObjectiveC-4T1UIHUZ7Q8R2ZPMYHXD0KH0K.pcm /Users/adamkz/look/build/release-local/DerivedData/ModuleCache.noindex/_AvailabilityInternal-EYNCLSPR5PQ27NKH19HHKD8N9.pcm /Users/adamkz/look/build/release-local/DerivedData/ModuleCache.noindex/CoreFoundation-3P9B3OQLKWW84P41S9ZSOMT2S.pcm /Users/adamkz/look/build/release-local/DerivedData/ModuleCache.noindex/CoreTransferable-55BRJUA5VLVXF4Y5J0K234Q2K.pcm /Users/adamkz/look/build/release-local/DerivedData/ModuleCache.noindex/ptrcheck-F0NVH6JZTM64VZ8L0MVL95LLC.pcm /Users/adamkz/look/build/release-local/DerivedData/ModuleCache.noindex/_Builtin_intrinsics-85LXXC2H2CGVQJ2A0RR202Y93.pcm /Users/adamkz/look/build/release-local/DerivedData/ModuleCache.noindex/XPC-4H2ECNXU18UL43KPTD0HHY9GC.pcm /Users/adamkz/look/build/release-local/DerivedData/ModuleCache.noindex/IOSurface-6QWHPSAOOIZNFIN6KYZWKRAKW.pcm /Users/adamkz/look/build/release-local/DerivedData/ModuleCache.noindex/_SwiftConcurrencyShims-8XTWEAXPIC3VEBF0GUQ0IDHC8.pcm /Users/adamkz/look/build/release-local/DerivedData/ModuleCache.noindex/Cocoa-N2JBRGV56HBPGU16VBHIGC1V.pcm /Users/adamkz/look/build/release-local/DerivedData/ModuleCache.noindex/DeveloperToolsSupport-2TB72YLCP10FKMGPOOX9V7R9Z.pcm /Users/adamkz/look/build/release-local/DerivedData/ModuleCache.noindex/Metal-69G41Q0B38RHUWZNCDFVJ3MCN.pcm /Users/adamkz/look/build/release-local/DerivedData/ModuleCache.noindex/simd-EE2L9J2WH50OZHOA53CTSPSMH.pcm /Users/adamkz/look/build/release-local/DerivedData/ModuleCache.noindex/libDER-DKE8NWLO3SIAELAP4ZXEDV9AB.pcm /Users/adamkz/look/build/release-local/DerivedData/ModuleCache.noindex/os_workgroup-3ZR56BOZGN1GETEOMJAOCAL67.pcm /Users/adamkz/look/build/release-local/DerivedData/ModuleCache.noindex/QuartzCore-P7VVL8JP9SPXL0OV7ZKCF6DD.pcm /Users/adamkz/look/build/release-local/DerivedData/ModuleCache.noindex/SwiftShims-EEYP3L1VLMAGWNWY4CX3WHVYT.pcm /Users/adamkz/look/build/release-local/DerivedData/ModuleCache.noindex/Foundation-8FEGBJSYBHCLAZOUH9VX32TBG.pcm /Users/adamkz/look/build/release-local/DerivedData/ModuleCache.noindex/_Builtin_stdbool-1ZC0ZG43BHJZHASN6OELYOA79.pcm /Users/adamkz/look/build/release-local/DerivedData/ModuleCache.noindex/sys_types-45VRPNROSOF8G0EJWGRU02KQX.pcm /Users/adamkz/look/build/release-local/DerivedData/ModuleCache.noindex/Dispatch-4MHONNDJ23LB65KKSQ1P647Y5.pcm /Users/adamkz/look/build/release-local/DerivedData/ModuleCache.noindex/SwiftUI-EODAOBTFYULOB79N1LAKIM47B.pcm /Users/adamkz/look/build/release-local/DerivedData/ModuleCache.noindex/CoreText-4P5XTA8G9098HXPW307FJT3U7.pcm /Users/adamkz/look/build/release-local/DerivedData/ModuleCache.noindex/CoreServices-46O7YCBDJCV0C4VYVX83ULLRC.pcm /Users/adamkz/look/build/release-local/DerivedData/ModuleCache.noindex/_Builtin_float-BE31ME7J52H1WVES0Q3K0MUHL.pcm /Users/adamkz/look/build/release-local/DerivedData/ModuleCache.noindex/Spatial-6N15PW7BEP9U884CW979RLTVK.pcm /Users/adamkz/look/build/release-local/DerivedData/ModuleCache.noindex/CUPS-A4EGSLKTZ0OM8HR5E18Y9BFDG.pcm /Users/adamkz/look/build/release-local/DerivedData/ModuleCache.noindex/CoreGraphics-6E9JCMH231QCDL3VEGDIIG3EJ.pcm /Users/adamkz/look/build/release-local/DerivedData/ModuleCache.noindex/Security-6ROB73MISVL03K3P9V4AQ8LT7.pcm /Users/adamkz/look/build/release-local/DerivedData/ModuleCache.noindex/_Builtin_limits-IXU4JJJB2GD95J9JJBUVTCEJ.pcm /Users/adamkz/look/build/release-local/DerivedData/ModuleCache.noindex/_DarwinFoundation3-1Q8R2MGY0B29VTGL8PDR7EC62.pcm /Users/adamkz/look/build/release-local/DerivedData/ModuleCache.noindex/CoreData-6140SQBIWURQUD77YRVDSF8QH.pcm /Users/adamkz/look/build/release-local/DerivedData/ModuleCache.noindex/OSLog-ESB118Y1FHJR2IT285M2SR6AJ.pcm /Users/adamkz/look/build/release-local/DerivedData/ModuleCache.noindex/ImageIO-39JL9I0R1TZQKSON2JSI7T03R.pcm /Users/adamkz/look/build/release-local/DerivedData/ModuleCache.noindex/IOKit-54NL2PD3L64P4AQ979MMEH416.pcm /Users/adamkz/look/build/release-local/DerivedData/ModuleCache.noindex/DataDetection-AQREC9JEA53CBTGRVUW0OZ5WU.pcm /Users/adamkz/look/build/release-local/DerivedData/ModuleCache.noindex/Network-C60MWPWDVS20DM0QF78J3SVW1.pcm /Users/adamkz/look/build/release-local/DerivedData/ModuleCache.noindex/OpenGL-IC7WLZLYUZIX01YTA3PGH61B.pcm /Users/adamkz/look/build/release-local/DerivedData/ModuleCache.noindex/CFNetwork-2BJSNMYHD2L6NR6RZOJ49ZYXI.pcm /Users/adamkz/look/build/release-local/DerivedData/ModuleCache.noindex/JavaScriptCore-ACI8W0MH0G85CRMR49HRLD9DA.pcm /Users/adamkz/look/build/release-local/DerivedData/ModuleCache.noindex/PDFKit-DHEN4OYNEKK7NM1ORWYO99M4O.pcm /Users/adamkz/look/build/release-local/DerivedData/ModuleCache.noindex/libkern-7XDK96C5AJCTUYMJGLDHMDZ19.pcm /Users/adamkz/look/build/release-local/DerivedData/ModuleCache.noindex/_DarwinFoundation2-CVYEXDJ7YGSNBR3PVPQAGIS7L.pcm /Users/adamkz/look/build/release-local/DerivedData/ModuleCache.noindex/WebKit-1JDA2GK49YRKOLKLAZ8V463WU.pcm /Users/adamkz/look/build/release-local/DerivedData/Build/Intermediates.noindex/Look.build/Release/LookPDF.build/Objects-normal/arm64/LookPDF-dependencies-1.json (in target 'LookPDF' from project 'Look')
CompileSwift normal arm64 (in target 'LookPDF' from project 'Look')
    cd /Users/adamkz/look
    
/Users/adamkz/look/Sources/LookPDF/Sources/PDFViewerView.swift:187:10: warning: 'onChange(of:perform:)' was deprecated in macOS 14.0: Use `onChange` with a two or zero parameter action closure instead.
        .onChange(of: viewModel.currentPage) { _ in
         ^
/Users/adamkz/look/Sources/LookPDF/Sources/PDFViewerView.swift:190:10: warning: 'onChange(of:perform:)' was deprecated in macOS 14.0: Use `onChange` with a two or zero parameter action closure instead.
        .onChange(of: scenePhase) { phase in
         ^
/Users/adamkz/look/Sources/LookPDF/Sources/PDFViewerView.swift:357:18: warning: conditional cast from 'CustomPDFView' to 'CustomPDFView' always succeeds
        (pdfView as? CustomPDFView)?.coordinator = context.coordinator
                 ^
/Users/adamkz/look/Sources/LookPDF/Sources/PDFViewerView.swift:483:43: warning: conditional cast from '[PDFPage]' to '[PDFPage]' always succeeds
        guard let pages = selection.pages as? [PDFPage],
                                          ^
/Users/adamkz/look/Sources/LookPDF/Sources/PDFViewerView.swift:498:59: warning: conditional cast from '[PDFPage]' to '[PDFPage]' always succeeds
                guard let linePages = lineSelection.pages as? [PDFPage],
                                                          ^
/Users/adamkz/look/Sources/LookPDF/Sources/PDFViewerViewModel.swift:110:43: warning: conditional cast from '[PDFPage]' to '[PDFPage]' always succeeds
        guard let pages = selection.pages as? [PDFPage] else { return }
                                          ^
/Users/adamkz/look/Sources/LookPDF/Sources/PDFViewerView.swift:502:27: warning: 'allBounds' mutated after capture by sendable closure
                allBounds.append(lineBounds)
                          ^
/Users/adamkz/look/Sources/LookPDF/Sources/PDFViewerView.swift:493:17: note: variable defined here
            var allBounds: [CGRect] = []
                ^
/Users/adamkz/look/Sources/LookPDF/Sources/PDFViewerView.swift:511:22: note: variable captured by sendable closure
                Task { @MainActor in
                     ^
/Users/adamkz/look/Sources/LookPDF/Sources/PDFViewerView.swift:512:68: note: capturing use
                    await viewModel.onCreateAnnotation?(pageIndex, allBounds, textSnippet, currentColor)
                                                                   ^
/Users/adamkz/look/Sources/LookPDF/Sources/PDFViewerView.swift:493:17: note: variable defined here
            var allBounds: [CGRect] = []
                ^
/Users/adamkz/look/Sources/LookPDF/Sources/PDFViewerView.swift:511:22: note: variable captured by sendable closure
                Task { @MainActor in
                     ^
/Users/adamkz/look/Sources/LookPDF/Sources/PDFViewerView.swift:512:68: note: capturing use
                    await viewModel.onCreateAnnotation?(pageIndex, allBounds, textSnippet, currentColor)
                                                                   ^

SwiftCompile normal arm64 Compiling\ LookNotes.swift,\ NoteTemplateRegistry.swift,\ MarkdownEditorView.swift,\ NoteEditorViewModel.swift /Users/adamkz/look/Sources/LookNotes/Sources/LookNotes.swift /Users/adamkz/look/Sources/LookNotes/Sources/NoteTemplateRegistry.swift /Users/adamkz/look/Sources/LookNotes/Sources/MarkdownEditorView.swift /Users/adamkz/look/Sources/LookNotes/Sources/NoteEditorViewModel.swift /Applications/Xcode.app/Contents/Developer/Toolchains/XcodeDefault.xctoolchain/usr/lib/swift/macosx/prebuilt-modules/26.2/Symbols.swiftmodule/arm64e-apple-macos.swiftmodule /Applications/Xcode.app/Contents/Developer/Toolchains/XcodeDefault.xctoolchain/usr/lib/swift/macosx/prebuilt-modules/26.2/DataDetection.swiftmodule/arm64e-apple-macos.swiftmodule /Applications/Xcode.app/Contents/Developer/Toolchains/XcodeDefault.xctoolchain/usr/lib/swift/macosx/prebuilt-modules/26.2/AppKit.swiftmodule/arm64e-apple-macos.swiftmodule /Applications/Xcode.app/Contents/Developer/Toolchains/XcodeDefault.xctoolchain/usr/lib/swift/macosx/prebuilt-modules/26.2/_DarwinFoundation3.swiftmodule/arm64e-apple-macos.swiftmodule /Applications/Xcode.app/Contents/Developer/Toolchains/XcodeDefault.xctoolchain/usr/lib/swift/macosx/prebuilt-modules/26.2/OSLog.swiftmodule/arm64e-apple-macos.swiftmodule /Applications/Xcode.app/Contents/Developer/Toolchains/XcodeDefault.xctoolchain/usr/lib/swift/macosx/prebuilt-modules/26.2/Dispatch.swiftmodule/arm64e-apple-macos.swiftmodule /Applications/Xcode.app/Contents/Developer/Toolchains/XcodeDefault.xctoolchain/usr/lib/swift/macosx/prebuilt-modules/26.2/WebKit.swiftmodule/arm64e-apple-macos.swiftmodule /Applications/Xcode.app/Contents/Developer/Toolchains/XcodeDefault.xctoolchain/usr/lib/swift/macosx/prebuilt-modules/26.2/Network.swiftmodule/arm64e-apple-macos.swiftmodule /Applications/Xcode.app/Contents/Developer/Toolchains/XcodeDefault.xctoolchain/usr/lib/swift/macosx/prebuilt-modules/26.2/UniformTypeIdentifiers.swiftmodule/arm64e-apple-macos.swiftmodule /Applications/Xcode.app/Contents/Developer/Toolchains/XcodeDefault.xctoolchain/usr/lib/swift/macosx/prebuilt-modules/26.2/Spatial.swiftmodule/arm64e-apple-macos.swiftmodule /Applications/Xcode.app/Contents/Developer/Toolchains/XcodeDefault.xctoolchain/usr/lib/swift/macosx/prebuilt-modules/26.2/_Builtin_float.swiftmodule/arm64e-apple-macos.swiftmodule /Applications/Xcode.app/Contents/Developer/Toolchains/XcodeDefault.xctoolchain/usr/lib/swift/macosx/prebuilt-modules/26.2/System.swiftmodule/arm64e-apple-macos.swiftmodule /Users/adamkz/look/build/release-local/DerivedData/Build/Products/Release/LookKit.framework/Modules/LookKit.swiftmodule/arm64-apple-macos.swiftmodule /Applications/Xcode.app/Contents/Developer/Toolchains/XcodeDefault.xctoolchain/usr/lib/swift/macosx/prebuilt-modules/26.2/Observation.swiftmodule/arm64e-apple-macos.swiftmodule /Applications/Xcode.app/Contents/Developer/Toolchains/XcodeDefault.xctoolchain/usr/lib/swift/macosx/prebuilt-modules/26.2/Combine.swiftmodule/arm64e-apple-macos.swiftmodule /Applications/Xcode.app/Contents/Developer/Toolchains/XcodeDefault.xctoolchain/usr/lib/swift/macosx/prebuilt-modules/26.2/CoreData.swiftmodule/arm64e-apple-macos.swiftmodule /Applications/Xcode.app/Contents/Developer/Toolchains/XcodeDefault.xctoolchain/usr/lib/swift/macosx/prebuilt-modules/26.2/CoreFoundation.swiftmodule/arm64e-apple-macos.swiftmodule /Applications/Xcode.app/Contents/Developer/Toolchains/XcodeDefault.xctoolchain/usr/lib/swift/macosx/prebuilt-modules/26.2/CoreVideo.swiftmodule/arm64e-apple-macos.swiftmodule /Applications/Xcode.app/Contents/Developer/Toolchains/XcodeDefault.xctoolchain/usr/lib/swift/macosx/prebuilt-modules/26.2/Swift.swiftmodule/arm64e-apple-macos.swiftmodule /Applications/Xcode.app/Contents/Developer/Toolchains/XcodeDefault.xctoolchain/usr/lib/swift/macosx/prebuilt-modules/26.2/_DarwinFoundation2.swiftmodule/arm64e-apple-macos.swiftmodule /Applications/Xcode.app/Contents/Developer/Toolchains/XcodeDefault.xctoolchain/usr/lib/swift/macosx/prebuilt-modules/26.2/QuartzCore.swiftmodule/arm64e-apple-macos.swiftmodule /Applications/Xcode.app/Contents/Developer/Toolchains/XcodeDefault.xctoolchain/usr/lib/swift/macosx/prebuilt-modules/26.2/SwiftUICore.swiftmodule/arm64e-apple-macos.swiftmodule /Applications/Xcode.app/Contents/Developer/Toolchains/XcodeDefault.xctoolchain/usr/lib/swift/macosx/prebuilt-modules/26.2/Metal.swiftmodule/arm64e-apple-macos.swiftmodule /Applications/Xcode.app/Contents/Developer/Toolchains/XcodeDefault.xctoolchain/usr/lib/swift/macosx/prebuilt-modules/26.2/Distributed.swiftmodule/arm64e-apple-macos.swiftmodule /Applications/Xcode.app/Contents/Developer/Toolchains/XcodeDefault.xctoolchain/usr/lib/swift/macosx/prebuilt-modules/26.2/os.swiftmodule/arm64e-apple-macos.swiftmodule /Applications/Xcode.app/Contents/Developer/Toolchains/XcodeDefault.xctoolchain/usr/lib/swift/macosx/prebuilt-modules/26.2/_StringProcessing.swiftmodule/arm64e-apple-macos.swiftmodule /Applications/Xcode.app/Contents/Developer/Toolchains/XcodeDefault.xctoolchain/usr/lib/swift/macosx/prebuilt-modules/26.2/CoreText.swiftmodule/arm64e-apple-macos.swiftmodule /Applications/Xcode.app/Contents/Developer/Toolchains/XcodeDefault.xctoolchain/usr/lib/swift/macosx/prebuilt-modules/26.2/CoreGraphics.swiftmodule/arm64e-apple-macos.swiftmodule /Applications/Xcode.app/Contents/Developer/Toolchains/XcodeDefault.xctoolchain/usr/lib/swift/macosx/prebuilt-modules/26.2/simd.swiftmodule/arm64e-apple-macos.swiftmodule /Applications/Xcode.app/Contents/Developer/Toolchains/XcodeDefault.xctoolchain/usr/lib/swift/macosx/prebuilt-modules/26.2/_DarwinFoundation1.swiftmodule/arm64e-apple-macos.swiftmodule /Applications/Xcode.app/Contents/Developer/Toolchains/XcodeDefault.xctoolchain/usr/lib/swift/macosx/prebuilt-modules/26.2/CoreImage.swiftmodule/arm64e-apple-macos.swiftmodule /Applications/Xcode.app/Contents/Developer/Toolchains/XcodeDefault.xctoolchain/usr/lib/swift/macosx/prebuilt-modules/26.2/CoreTransferable.swiftmodule/arm64e-apple-macos.swiftmodule /Applications/Xcode.app/Contents/Developer/Toolchains/XcodeDefault.xctoolchain/usr/lib/swift/macosx/prebuilt-modules/26.2/XPC.swiftmodule/arm64e-apple-macos.swiftmodule /Applications/Xcode.app/Contents/Developer/Toolchains/XcodeDefault.xctoolchain/usr/lib/swift/macosx/prebuilt-modules/26.2/Darwin.swiftmodule/arm64e-apple-macos.swiftmodule /Applications/Xcode.app/Contents/Developer/Toolchains/XcodeDefault.xctoolchain/usr/lib/swift/macosx/prebuilt-modules/26.2/_Concurrency.swiftmodule/arm64e-apple-macos.swiftmodule /Applications/Xcode.app/Contents/Developer/Toolchains/XcodeDefault.xctoolchain/usr/lib/swift/macosx/prebuilt-modules/26.2/DeveloperToolsSupport.swiftmodule/arm64e-apple-macos.swiftmodule /Applications/Xcode.app/Contents/Developer/Toolchains/XcodeDefault.xctoolchain/usr/lib/swift/macosx/prebuilt-modules/26.2/SwiftUI.swiftmodule/arm64e-apple-macos.swiftmodule /Applications/Xcode.app/Contents/Developer/Toolchains/XcodeDefault.xctoolchain/usr/lib/swift/macosx/prebuilt-modules/26.2/IOKit.swiftmodule/arm64e-apple-macos.swiftmodule /Applications/Xcode.app/Contents/Developer/Toolchains/XcodeDefault.xctoolchain/usr/lib/swift/macosx/prebuilt-modules/26.2/Foundation.swiftmodule/arm64e-apple-macos.swiftmodule /Applications/Xcode.app/Contents/Developer/Toolchains/XcodeDefault.xctoolchain/usr/lib/swift/macosx/prebuilt-modules/26.2/PDFKit.swiftmodule/arm64e-apple-macos.swiftmodule /Applications/Xcode.app/Contents/Developer/Toolchains/XcodeDefault.xctoolchain/usr/lib/swift/macosx/prebuilt-modules/26.2/Accessibility.swiftmodule/arm64e-apple-macos.swiftmodule /Applications/Xcode.app/Contents/Developer/Toolchains/XcodeDefault.xctoolchain/usr/lib/swift/macosx/prebuilt-modules/26.2/ObjectiveC.swiftmodule/arm64e-apple-macos.swiftmodule /Applications/Xcode.app/Contents/Developer/Toolchains/XcodeDefault.xctoolchain/usr/lib/swift/macosx/prebuilt-modules/26.2/_WebKit_SwiftUI.swiftmodule/arm64e-apple-macos.swiftmodule /Users/adamkz/look/build/release-local/DerivedData/ModuleCache.noindex/DataDetection-AQREC9JEA53CBTGRVUW0OZ5WU.pcm /Users/adamkz/look/build/release-local/DerivedData/ModuleCache.noindex/libDER-DKE8NWLO3SIAELAP4ZXEDV9AB.pcm /Users/adamkz/look/build/release-local/DerivedData/ModuleCache.noindex/_Builtin_limits-IXU4JJJB2GD95J9JJBUVTCEJ.pcm /Users/adamkz/look/build/release-local/DerivedData/ModuleCache.noindex/ImageIO-39JL9I0R1TZQKSON2JSI7T03R.pcm /Users/adamkz/look/build/release-local/DerivedData/ModuleCache.noindex/CoreTransferable-55BRJUA5VLVXF4Y5J0K234Q2K.pcm /Users/adamkz/look/build/release-local/DerivedData/ModuleCache.noindex/CoreImage-TP7MUJDK2AWH0X2D5WBNXXQ9.pcm /Users/adamkz/look/build/release-local/DerivedData/ModuleCache.noindex/CoreFoundation-3P9B3OQLKWW84P41S9ZSOMT2S.pcm /Users/adamkz/look/build/release-local/DerivedData/ModuleCache.noindex/OpenGL-IC7WLZLYUZIX01YTA3PGH61B.pcm /Users/adamkz/look/build/release-local/DerivedData/ModuleCache.noindex/SwiftUICore-N8SLVUPPL6TXQJKYC7XR8739.pcm /Users/adamkz/look/build/release-local/DerivedData/ModuleCache.noindex/_Builtin_float-BE31ME7J52H1WVES0Q3K0MUHL.pcm /Users/adamkz/look/build/release-local/DerivedData/ModuleCache.noindex/_DarwinFoundation3-1Q8R2MGY0B29VTGL8PDR7EC62.pcm /Users/adamkz/look/build/release-local/DerivedData/ModuleCache.noindex/ColorSync-4LSWHSKQ1XCQ2E2E6QB5THARD.pcm /Users/adamkz/look/build/release-local/DerivedData/ModuleCache.noindex/Darwin-64GFM1A89BMTAVFW07NPG44OZ.pcm /Users/adamkz/look/build/release-local/DerivedData/ModuleCache.noindex/JavaScriptCore-ACI8W0MH0G85CRMR49HRLD9DA.pcm /Users/adamkz/look/build/release-local/DerivedData/ModuleCache.noindex/ApplicationServices-B6NJ0J8NWPDLA6IRLCWHTUAV2.pcm /Users/adamkz/look/build/release-local/DerivedData/ModuleCache.noindex/Cocoa-N2JBRGV56HBPGU16VBHIGC1V.pcm /Users/adamkz/look/build/release-local/DerivedData/ModuleCache.noindex/CFNetwork-2BJSNMYHD2L6NR6RZOJ49ZYXI.pcm /Users/adamkz/look/build/release-local/DerivedData/ModuleCache.noindex/SwiftShims-EEYP3L1VLMAGWNWY4CX3WHVYT.pcm /Users/adamkz/look/build/release-local/DerivedData/ModuleCache.noindex/sys_types-45VRPNROSOF8G0EJWGRU02KQX.pcm /Users/adamkz/look/build/release-local/DerivedData/ModuleCache.noindex/simd-EE2L9J2WH50OZHOA53CTSPSMH.pcm /Users/adamkz/look/build/release-local/DerivedData/ModuleCache.noindex/_DarwinFoundation2-CVYEXDJ7YGSNBR3PVPQAGIS7L.pcm /Users/adamkz/look/build/release-local/DerivedData/ModuleCache.noindex/_Builtin_stdbool-1ZC0ZG43BHJZHASN6OELYOA79.pcm /Users/adamkz/look/build/release-local/DerivedData/ModuleCache.noindex/_Builtin_tgmath-F0WQAELQKXXKV255Z3SFP5IER.pcm /Users/adamkz/look/build/release-local/DerivedData/ModuleCache.noindex/_SwiftConcurrencyShims-8XTWEAXPIC3VEBF0GUQ0IDHC8.pcm /Users/adamkz/look/build/release-local/DerivedData/ModuleCache.noindex/XPC-4H2ECNXU18UL43KPTD0HHY9GC.pcm /Users/adamkz/look/build/release-local/DerivedData/ModuleCache.noindex/DiskArbitration-27A7TTR0BOBGRTE19V0OFTO6L.pcm /Users/adamkz/look/build/release-local/DerivedData/ModuleCache.noindex/launch-A84NQJC75SAT32NMPRRBGQYJA.pcm /Users/adamkz/look/build/release-local/DerivedData/ModuleCache.noindex/_Builtin_stdarg-2HDRGTIS1G4F7QXLZTEHTBQDG.pcm /Users/adamkz/look/build/release-local/DerivedData/ModuleCache.noindex/WebKit-1JDA2GK49YRKOLKLAZ8V463WU.pcm /Users/adamkz/look/build/release-local/DerivedData/ModuleCache.noindex/os-7KF104MTY80MF4X9ZSS4BBKE3.pcm /Users/adamkz/look/build/release-local/DerivedData/ModuleCache.noindex/_Builtin_stdint-25QQHA0X5ZJH5PRLLSVWV4501.pcm /Users/adamkz/look/build/release-local/DerivedData/ModuleCache.noindex/ObjectiveC-4T1UIHUZ7Q8R2ZPMYHXD0KH0K.pcm /Users/adamkz/look/build/release-local/DerivedData/ModuleCache.noindex/PDFKit-DHEN4OYNEKK7NM1ORWYO99M4O.pcm /Users/adamkz/look/build/release-local/DerivedData/ModuleCache.noindex/_Builtin_intrinsics-85LXXC2H2CGVQJ2A0RR202Y93.pcm /Users/adamkz/look/build/release-local/DerivedData/ModuleCache.noindex/ptrauth-1G5OIF90SOJZZ0B4RUVWKXU9H.pcm /Users/adamkz/look/build/release-local/DerivedData/ModuleCache.noindex/IOSurface-6QWHPSAOOIZNFIN6KYZWKRAKW.pcm /Users/adamkz/look/build/release-local/DerivedData/ModuleCache.noindex/Accessibility-UTBYHXFMK1FGQNW20T4CCZKI.pcm /Users/adamkz/look/build/release-local/DerivedData/ModuleCache.noindex/dnssd-5U4JTVMRBLH0218A2TX4P01.pcm /Users/adamkz/look/build/release-local/DerivedData/ModuleCache.noindex/libkern-7XDK96C5AJCTUYMJGLDHMDZ19.pcm /Users/adamkz/look/build/release-local/DerivedData/ModuleCache.noindex/SwiftUI-EODAOBTFYULOB79N1LAKIM47B.pcm /Users/adamkz/look/build/release-local/DerivedData/ModuleCache.noindex/CoreData-6140SQBIWURQUD77YRVDSF8QH.pcm /Users/adamkz/look/build/release-local/DerivedData/ModuleCache.noindex/ptrcheck-F0NVH6JZTM64VZ8L0MVL95LLC.pcm /Users/adamkz/look/build/release-local/DerivedData/ModuleCache.noindex/CoreText-4P5XTA8G9098HXPW307FJT3U7.pcm /Users/adamkz/look/build/release-local/DerivedData/ModuleCache.noindex/CoreGraphics-6E9JCMH231QCDL3VEGDIIG3EJ.pcm /Users/adamkz/look/build/release-local/DerivedData/ModuleCache.noindex/Foundation-8FEGBJSYBHCLAZOUH9VX32TBG.pcm /Users/adamkz/look/build/release-local/DerivedData/ModuleCache.noindex/Dispatch-4MHONNDJ23LB65KKSQ1P647Y5.pcm /Users/adamkz/look/build/release-local/DerivedData/ModuleCache.noindex/_AvailabilityInternal-EYNCLSPR5PQ27NKH19HHKD8N9.pcm /Users/adamkz/look/build/release-local/DerivedData/ModuleCache.noindex/CUPS-A4EGSLKTZ0OM8HR5E18Y9BFDG.pcm /Users/adamkz/look/build/release-local/DerivedData/ModuleCache.noindex/CoreVideo-83ASD06HCFSVQO0Y998TP74JA.pcm /Users/adamkz/look/build/release-local/DerivedData/ModuleCache.noindex/MachO-LGLNYZVU7FA5YRW5NEXOTNMX.pcm /Users/adamkz/look/build/release-local/DerivedData/ModuleCache.noindex/Network-C60MWPWDVS20DM0QF78J3SVW1.pcm /Users/adamkz/look/build/release-local/DerivedData/ModuleCache.noindex/_Builtin_stddef-6FGLQ881JZOVA1DDF2WJTWKXO.pcm /Users/adamkz/look/build/release-local/DerivedData/ModuleCache.noindex/DeveloperToolsSupport-2TB72YLCP10FKMGPOOX9V7R9Z.pcm /Users/adamkz/look/build/release-local/DerivedData/ModuleCache.noindex/Security-6ROB73MISVL03K3P9V4AQ8LT7.pcm /Users/adamkz/look/build/release-local/DerivedData/ModuleCache.noindex/Spatial-6N15PW7BEP9U884CW979RLTVK.pcm /Users/adamkz/look/build/release-local/DerivedData/ModuleCache.noindex/_Builtin_stdatomic-BJ103Z7YVGWY8CQZS5784Q755.pcm /Users/adamkz/look/build/release-local/DerivedData/ModuleCache.noindex/_DarwinFoundation1-ESWU0369N75I6O4KH9OLTGGWN.pcm /Users/adamkz/look/build/release-local/DerivedData/ModuleCache.noindex/IOKit-54NL2PD3L64P4AQ979MMEH416.pcm /Users/adamkz/look/build/release-local/DerivedData/ModuleCache.noindex/CoreServices-46O7YCBDJCV0C4VYVX83ULLRC.pcm /Users/adamkz/look/build/release-local/DerivedData/ModuleCache.noindex/Metal-69G41Q0B38RHUWZNCDFVJ3MCN.pcm /Users/adamkz/look/build/release-local/DerivedData/ModuleCache.noindex/os_workgroup-3ZR56BOZGN1GETEOMJAOCAL67.pcm /Users/adamkz/look/build/release-local/DerivedData/ModuleCache.noindex/Symbols-2QZKP1448RNJ02LAURQ22T5YT.pcm /Users/adamkz/look/build/release-local/DerivedData/ModuleCache.noindex/QuartzCore-P7VVL8JP9SPXL0OV7ZKCF6DD.pcm /Users/adamkz/look/build/release-local/DerivedData/ModuleCache.noindex/AppKit-9LGL4XWBDCEEID24666SQC5B5.pcm /Users/adamkz/look/build/release-local/DerivedData/ModuleCache.noindex/os_object-6GN7Z1IIJ1LQWEJOKHAFV3576.pcm /Users/adamkz/look/build/release-local/DerivedData/ModuleCache.noindex/_Builtin_inttypes-9EUQ4VJO7J1GTHW4IPBJEBCMZ.pcm /Users/adamkz/look/build/release-local/DerivedData/ModuleCache.noindex/UniformTypeIdentifiers-ECBGSH2EGGL9A1XEVEYR6ZFYW.pcm /Users/adamkz/look/build/release-local/DerivedData/ModuleCache.noindex/OSLog-ESB118Y1FHJR2IT285M2SR6AJ.pcm /Users/adamkz/look/build/release-local/DerivedData/Build/Intermediates.noindex/Look.build/Release/LookNotes.build/Objects-normal/arm64/LookNotes-dependencies-1.json (in target 'LookNotes' from project 'Look')

CompileSwift normal arm64 (in target 'LookNotes' from project 'Look')
    cd /Users/adamkz/look
    

SwiftDriver\ Compilation LookPDF normal arm64 com.apple.xcode.tools.swift.compiler (in target 'LookPDF' from project 'Look')
    cd /Users/adamkz/look
    builtin-Swift-Compilation -- /Applications/Xcode.app/Contents/Developer/Toolchains/XcodeDefault.xctoolchain/usr/bin/swiftc -module-name LookPDF -O -whole-module-optimization -enforce-exclusivity\=checked @/Users/adamkz/look/build/release-local/DerivedData/Build/Intermediates.noindex/Look.build/Release/LookPDF.build/Objects-normal/arm64/LookPDF.SwiftFileList -enable-bare-slash-regex -enable-experimental-feature DebugDescriptionMacro -sdk /Applications/Xcode.app/Contents/Developer/Platforms/MacOSX.platform/Developer/SDKs/MacOSX26.2.sdk -target arm64-apple-macos14.0 -g -module-cache-path /Users/adamkz/look/build/release-local/DerivedData/ModuleCache.noindex -Xfrontend -serialize-debugging-options -swift-version 5 -I /Users/adamkz/look/build/release-local/DerivedData/Build/Products/Release -F /Users/adamkz/look/build/release-local/DerivedData/Build/Products/Release -emit-localized-strings -emit-localized-strings-path /Users/adamkz/look/build/release-local/DerivedData/Build/Intermediates.noindex/Look.build/Release/LookPDF.build/Objects-normal/arm64 -c -num-threads 8 -Xcc -ivfsstatcache -Xcc /Users/adamkz/look/build/release-local/DerivedData/SDKStatCaches.noindex/macosx26.2-25C57-00fa09913b459cbbc988d1f6730289ae.sdkstatcache -output-file-map /Users/adamkz/look/build/release-local/DerivedData/Build/Intermediates.noindex/Look.build/Release/LookPDF.build/Objects-normal/arm64/LookPDF-OutputFileMap.json -use-frontend-parseable-output -save-temps -no-color-diagnostics -explicit-module-build -module-cache-path /Users/adamkz/look/build/release-local/DerivedData/Build/Intermediates.noindex/SwiftExplicitPrecompiledModules -clang-scanner-module-cache-path /Users/adamkz/look/build/release-local/DerivedData/ModuleCache.noindex -sdk-module-cache-path /Users/adamkz/look/build/release-local/DerivedData/ModuleCache.noindex -serialize-diagnostics -emit-dependencies -emit-module -emit-module-path /Users/adamkz/look/build/release-local/DerivedData/Build/Intermediates.noindex/Look.build/Release/LookPDF.build/Objects-normal/arm64/LookPDF.swiftmodule -validate-clang-modules-once -clang-build-session-file /Users/adamkz/look/build/release-local/DerivedData/ModuleCache.noindex/Session.modulevalidation -Xcc -I/Users/adamkz/look/build/release-local/DerivedData/Build/Intermediates.noindex/Look.build/Release/LookPDF.build/swift-overrides.hmap -emit-const-values -Xfrontend -const-gather-protocols-file -Xfrontend /Users/adamkz/look/build/release-local/DerivedData/Build/Intermediates.noindex/Look.build/Release/LookPDF.build/Objects-normal/arm64/LookPDF_const_extract_protocols.json -Xcc -iquote -Xcc /Users/adamkz/look/build/release-local/DerivedData/Build/Intermediates.noindex/Look.build/Release/LookPDF.build/LookPDF-generated-files.hmap -Xcc -I/Users/adamkz/look/build/release-local/DerivedData/Build/Intermediates.noindex/Look.build/Release/LookPDF.build/LookPDF-own-target-headers.hmap -Xcc -I/Users/adamkz/look/build/release-local/DerivedData/Build/Intermediates.noindex/Look.build/Release/LookPDF.build/LookPDF-all-non-framework-target-headers.hmap -Xcc -ivfsoverlay -Xcc /Users/adamkz/look/build/release-local/DerivedData/Build/Intermediates.noindex/Look.build/Release/Look-c3f0a56ea084f757df82bdf40cd5ab63-VFS/all-product-headers.yaml -Xcc -iquote -Xcc /Users/adamkz/look/build/release-local/DerivedData/Build/Intermediates.noindex/Look.build/Release/LookPDF.build/LookPDF-project-headers.hmap -Xcc -I/Users/adamkz/look/build/release-local/DerivedData/Build/Products/Release/include -Xcc -I/Users/adamkz/look/build/release-local/DerivedData/Build/Intermediates.noindex/Look.build/Release/LookPDF.build/DerivedSources-normal/arm64 -Xcc -I/Users/adamkz/look/build/release-local/DerivedData/Build/Intermediates.noindex/Look.build/Release/LookPDF.build/DerivedSources/arm64 -Xcc -I/Users/adamkz/look/build/release-local/DerivedData/Build/Intermediates.noindex/Look.build/Release/LookPDF.build/DerivedSources -emit-objc-header -emit-objc-header-path /Users/adamkz/look/build/release-local/DerivedData/Build/Intermediates.noindex/Look.build/Release/LookPDF.build/Objects-normal/arm64/LookPDF-Swift.h -working-directory /Users/adamkz/look -no-emit-module-separately-wmo

SwiftDriver\ Compilation LookNotes normal arm64 com.apple.xcode.tools.swift.compiler (in target 'LookNotes' from project 'Look')
    cd /Users/adamkz/look
    builtin-Swift-Compilation -- /Applications/Xcode.app/Contents/Developer/Toolchains/XcodeDefault.xctoolchain/usr/bin/swiftc -module-name LookNotes -O -whole-module-optimization -enforce-exclusivity\=checked @/Users/adamkz/look/build/release-local/DerivedData/Build/Intermediates.noindex/Look.build/Release/LookNotes.build/Objects-normal/arm64/LookNotes.SwiftFileList -enable-bare-slash-regex -enable-experimental-feature DebugDescriptionMacro -sdk /Applications/Xcode.app/Contents/Developer/Platforms/MacOSX.platform/Developer/SDKs/MacOSX26.2.sdk -target arm64-apple-macos14.0 -g -module-cache-path /Users/adamkz/look/build/release-local/DerivedData/ModuleCache.noindex -Xfrontend -serialize-debugging-options -swift-version 5 -I /Users/adamkz/look/build/release-local/DerivedData/Build/Products/Release -F /Users/adamkz/look/build/release-local/DerivedData/Build/Products/Release -emit-localized-strings -emit-localized-strings-path /Users/adamkz/look/build/release-local/DerivedData/Build/Intermediates.noindex/Look.build/Release/LookNotes.build/Objects-normal/arm64 -c -num-threads 8 -Xcc -ivfsstatcache -Xcc /Users/adamkz/look/build/release-local/DerivedData/SDKStatCaches.noindex/macosx26.2-25C57-00fa09913b459cbbc988d1f6730289ae.sdkstatcache -output-file-map /Users/adamkz/look/build/release-local/DerivedData/Build/Intermediates.noindex/Look.build/Release/LookNotes.build/Objects-normal/arm64/LookNotes-OutputFileMap.json -use-frontend-parseable-output -save-temps -no-color-diagnostics -explicit-module-build -module-cache-path /Users/adamkz/look/build/release-local/DerivedData/Build/Intermediates.noindex/SwiftExplicitPrecompiledModules -clang-scanner-module-cache-path /Users/adamkz/look/build/release-local/DerivedData/ModuleCache.noindex -sdk-module-cache-path /Users/adamkz/look/build/release-local/DerivedData/ModuleCache.noindex -serialize-diagnostics -emit-dependencies -emit-module -emit-module-path /Users/adamkz/look/build/release-local/DerivedData/Build/Intermediates.noindex/Look.build/Release/LookNotes.build/Objects-normal/arm64/LookNotes.swiftmodule -validate-clang-modules-once -clang-build-session-file /Users/adamkz/look/build/release-local/DerivedData/ModuleCache.noindex/Session.modulevalidation -Xcc -I/Users/adamkz/look/build/release-local/DerivedData/Build/Intermediates.noindex/Look.build/Release/LookNotes.build/swift-overrides.hmap -emit-const-values -Xfrontend -const-gather-protocols-file -Xfrontend /Users/adamkz/look/build/release-local/DerivedData/Build/Intermediates.noindex/Look.build/Release/LookNotes.build/Objects-normal/arm64/LookNotes_const_extract_protocols.json -Xcc -iquote -Xcc /Users/adamkz/look/build/release-local/DerivedData/Build/Intermediates.noindex/Look.build/Release/LookNotes.build/LookNotes-generated-files.hmap -Xcc -I/Users/adamkz/look/build/release-local/DerivedData/Build/Intermediates.noindex/Look.build/Release/LookNotes.build/LookNotes-own-target-headers.hmap -Xcc -I/Users/adamkz/look/build/release-local/DerivedData/Build/Intermediates.noindex/Look.build/Release/LookNotes.build/LookNotes-all-non-framework-target-headers.hmap -Xcc -ivfsoverlay -Xcc /Users/adamkz/look/build/release-local/DerivedData/Build/Intermediates.noindex/Look.build/Release/Look-c3f0a56ea084f757df82bdf40cd5ab63-VFS/all-product-headers.yaml -Xcc -iquote -Xcc /Users/adamkz/look/build/release-local/DerivedData/Build/Intermediates.noindex/Look.build/Release/LookNotes.build/LookNotes-project-headers.hmap -Xcc -I/Users/adamkz/look/build/release-local/DerivedData/Build/Products/Release/include -Xcc -I/Users/adamkz/look/build/release-local/DerivedData/Build/Intermediates.noindex/Look.build/Release/LookNotes.build/DerivedSources-normal/arm64 -Xcc -I/Users/adamkz/look/build/release-local/DerivedData/Build/Intermediates.noindex/Look.build/Release/LookNotes.build/DerivedSources/arm64 -Xcc -I/Users/adamkz/look/build/release-local/DerivedData/Build/Intermediates.noindex/Look.build/Release/LookNotes.build/DerivedSources -emit-objc-header -emit-objc-header-path /Users/adamkz/look/build/release-local/DerivedData/Build/Intermediates.noindex/Look.build/Release/LookNotes.build/Objects-normal/arm64/LookNotes-Swift.h -working-directory /Users/adamkz/look -no-emit-module-separately-wmo

ProcessInfoPlistFile /Users/adamkz/look/build/release-local/DerivedData/Build/Products/Release/LookPDF.framework/Versions/A/Resources/Info.plist /Users/adamkz/look/build/release-local/DerivedData/Build/Intermediates.noindex/Look.build/Release/LookPDF.build/empty-LookPDF.plist (in target 'LookPDF' from project 'Look')
    cd /Users/adamkz/look
    builtin-infoPlistUtility /Users/adamkz/look/build/release-local/DerivedData/Build/Intermediates.noindex/Look.build/Release/LookPDF.build/empty-LookPDF.plist -producttype com.apple.product-type.framework -expandbuildsettings -platform macosx -o /Users/adamkz/look/build/release-local/DerivedData/Build/Products/Release/LookPDF.framework/Versions/A/Resources/Info.plist

ProcessInfoPlistFile /Users/adamkz/look/build/release-local/DerivedData/Build/Products/Release/LookNotes.framework/Versions/A/Resources/Info.plist /Users/adamkz/look/build/release-local/DerivedData/Build/Intermediates.noindex/Look.build/Release/LookNotes.build/empty-LookNotes.plist (in target 'LookNotes' from project 'Look')
    cd /Users/adamkz/look
    builtin-infoPlistUtility /Users/adamkz/look/build/release-local/DerivedData/Build/Intermediates.noindex/Look.build/Release/LookNotes.build/empty-LookNotes.plist -producttype com.apple.product-type.framework -expandbuildsettings -platform macosx -o /Users/adamkz/look/build/release-local/DerivedData/Build/Products/Release/LookNotes.framework/Versions/A/Resources/Info.plist

SwiftDriverJobDiscovery normal arm64 Compiling LookNotes.swift, NoteTemplateRegistry.swift, MarkdownEditorView.swift, NoteEditorViewModel.swift (in target 'LookNotes' from project 'Look')

SwiftDriver\ Compilation\ Requirements LookNotes normal arm64 com.apple.xcode.tools.swift.compiler (in target 'LookNotes' from project 'Look')
    cd /Users/adamkz/look
    builtin-Swift-Compilation-Requirements -- /Applications/Xcode.app/Contents/Developer/Toolchains/XcodeDefault.xctoolchain/usr/bin/swiftc -module-name LookNotes -O -whole-module-optimization -enforce-exclusivity\=checked @/Users/adamkz/look/build/release-local/DerivedData/Build/Intermediates.noindex/Look.build/Release/LookNotes.build/Objects-normal/arm64/LookNotes.SwiftFileList -enable-bare-slash-regex -enable-experimental-feature DebugDescriptionMacro -sdk /Applications/Xcode.app/Contents/Developer/Platforms/MacOSX.platform/Developer/SDKs/MacOSX26.2.sdk -target arm64-apple-macos14.0 -g -module-cache-path /Users/adamkz/look/build/release-local/DerivedData/ModuleCache.noindex -Xfrontend -serialize-debugging-options -swift-version 5 -I /Users/adamkz/look/build/release-local/DerivedData/Build/Products/Release -F /Users/adamkz/look/build/release-local/DerivedData/Build/Products/Release -emit-localized-strings -emit-localized-strings-path /Users/adamkz/look/build/release-local/DerivedData/Build/Intermediates.noindex/Look.build/Release/LookNotes.build/Objects-normal/arm64 -c -num-threads 8 -Xcc -ivfsstatcache -Xcc /Users/adamkz/look/build/release-local/DerivedData/SDKStatCaches.noindex/macosx26.2-25C57-00fa09913b459cbbc988d1f6730289ae.sdkstatcache -output-file-map /Users/adamkz/look/build/release-local/DerivedData/Build/Intermediates.noindex/Look.build/Release/LookNotes.build/Objects-normal/arm64/LookNotes-OutputFileMap.json -use-frontend-parseable-output -save-temps -no-color-diagnostics -explicit-module-build -module-cache-path /Users/adamkz/look/build/release-local/DerivedData/Build/Intermediates.noindex/SwiftExplicitPrecompiledModules -clang-scanner-module-cache-path /Users/adamkz/look/build/release-local/DerivedData/ModuleCache.noindex -sdk-module-cache-path /Users/adamkz/look/build/release-local/DerivedData/ModuleCache.noindex -serialize-diagnostics -emit-dependencies -emit-module -emit-module-path /Users/adamkz/look/build/release-local/DerivedData/Build/Intermediates.noindex/Look.build/Release/LookNotes.build/Objects-normal/arm64/LookNotes.swiftmodule -validate-clang-modules-once -clang-build-session-file /Users/adamkz/look/build/release-local/DerivedData/ModuleCache.noindex/Session.modulevalidation -Xcc -I/Users/adamkz/look/build/release-local/DerivedData/Build/Intermediates.noindex/Look.build/Release/LookNotes.build/swift-overrides.hmap -emit-const-values -Xfrontend -const-gather-protocols-file -Xfrontend /Users/adamkz/look/build/release-local/DerivedData/Build/Intermediates.noindex/Look.build/Release/LookNotes.build/Objects-normal/arm64/LookNotes_const_extract_protocols.json -Xcc -iquote -Xcc /Users/adamkz/look/build/release-local/DerivedData/Build/Intermediates.noindex/Look.build/Release/LookNotes.build/LookNotes-generated-files.hmap -Xcc -I/Users/adamkz/look/build/release-local/DerivedData/Build/Intermediates.noindex/Look.build/Release/LookNotes.build/LookNotes-own-target-headers.hmap -Xcc -I/Users/adamkz/look/build/release-local/DerivedData/Build/Intermediates.noindex/Look.build/Release/LookNotes.build/LookNotes-all-non-framework-target-headers.hmap -Xcc -ivfsoverlay -Xcc /Users/adamkz/look/build/release-local/DerivedData/Build/Intermediates.noindex/Look.build/Release/Look-c3f0a56ea084f757df82bdf40cd5ab63-VFS/all-product-headers.yaml -Xcc -iquote -Xcc /Users/adamkz/look/build/release-local/DerivedData/Build/Intermediates.noindex/Look.build/Release/LookNotes.build/LookNotes-project-headers.hmap -Xcc -I/Users/adamkz/look/build/release-local/DerivedData/Build/Products/Release/include -Xcc -I/Users/adamkz/look/build/release-local/DerivedData/Build/Intermediates.noindex/Look.build/Release/LookNotes.build/DerivedSources-normal/arm64 -Xcc -I/Users/adamkz/look/build/release-local/DerivedData/Build/Intermediates.noindex/Look.build/Release/LookNotes.build/DerivedSources/arm64 -Xcc -I/Users/adamkz/look/build/release-local/DerivedData/Build/Intermediates.noindex/Look.build/Release/LookNotes.build/DerivedSources -emit-objc-header -emit-objc-header-path /Users/adamkz/look/build/release-local/DerivedData/Build/Intermediates.noindex/Look.build/Release/LookNotes.build/Objects-normal/arm64/LookNotes-Swift.h -working-directory /Users/adamkz/look -no-emit-module-separately-wmo

SwiftMergeGeneratedHeaders /Users/adamkz/look/build/release-local/DerivedData/Build/Products/Release/LookNotes.framework/Versions/A/Headers/LookNotes-Swift.h /Users/adamkz/look/build/release-local/DerivedData/Build/Intermediates.noindex/Look.build/Release/LookNotes.build/Objects-normal/arm64/LookNotes-Swift.h (in target 'LookNotes' from project 'Look')
    cd /Users/adamkz/look
    builtin-swiftHeaderTool -arch arm64 /Users/adamkz/look/build/release-local/DerivedData/Build/Intermediates.noindex/Look.build/Release/LookNotes.build/Objects-normal/arm64/LookNotes-Swift.h -o /Users/adamkz/look/build/release-local/DerivedData/Build/Products/Release/LookNotes.framework/Versions/A/Headers/LookNotes-Swift.h

Copy /Users/adamkz/look/build/release-local/DerivedData/Build/Products/Release/LookNotes.framework/Versions/A/Modules/LookNotes.swiftmodule/arm64-apple-macos.swiftdoc /Users/adamkz/look/build/release-local/DerivedData/Build/Intermediates.noindex/Look.build/Release/LookNotes.build/Objects-normal/arm64/LookNotes.swiftdoc (in target 'LookNotes' from project 'Look')
    cd /Users/adamkz/look
    builtin-copy -exclude .DS_Store -exclude CVS -exclude .svn -exclude .git -exclude .hg -resolve-src-symlinks -rename /Users/adamkz/look/build/release-local/DerivedData/Build/Intermediates.noindex/Look.build/Release/LookNotes.build/Objects-normal/arm64/LookNotes.swiftdoc /Users/adamkz/look/build/release-local/DerivedData/Build/Products/Release/LookNotes.framework/Versions/A/Modules/LookNotes.swiftmodule/arm64-apple-macos.swiftdoc

Copy /Users/adamkz/look/build/release-local/DerivedData/Build/Products/Release/LookNotes.framework/Versions/A/Modules/LookNotes.swiftmodule/arm64-apple-macos.swiftmodule /Users/adamkz/look/build/release-local/DerivedData/Build/Intermediates.noindex/Look.build/Release/LookNotes.build/Objects-normal/arm64/LookNotes.swiftmodule (in target 'LookNotes' from project 'Look')
    cd /Users/adamkz/look
    builtin-copy -exclude .DS_Store -exclude CVS -exclude .svn -exclude .git -exclude .hg -resolve-src-symlinks -rename /Users/adamkz/look/build/release-local/DerivedData/Build/Intermediates.noindex/Look.build/Release/LookNotes.build/Objects-normal/arm64/LookNotes.swiftmodule /Users/adamkz/look/build/release-local/DerivedData/Build/Products/Release/LookNotes.framework/Versions/A/Modules/LookNotes.swiftmodule/arm64-apple-macos.swiftmodule

Copy /Users/adamkz/look/build/release-local/DerivedData/Build/Products/Release/LookNotes.framework/Versions/A/Modules/LookNotes.swiftmodule/arm64-apple-macos.abi.json /Users/adamkz/look/build/release-local/DerivedData/Build/Intermediates.noindex/Look.build/Release/LookNotes.build/Objects-normal/arm64/LookNotes.abi.json (in target 'LookNotes' from project 'Look')
    cd /Users/adamkz/look
    builtin-copy -exclude .DS_Store -exclude CVS -exclude .svn -exclude .git -exclude .hg -resolve-src-symlinks -rename /Users/adamkz/look/build/release-local/DerivedData/Build/Intermediates.noindex/Look.build/Release/LookNotes.build/Objects-normal/arm64/LookNotes.abi.json /Users/adamkz/look/build/release-local/DerivedData/Build/Products/Release/LookNotes.framework/Versions/A/Modules/LookNotes.swiftmodule/arm64-apple-macos.abi.json

Copy /Users/adamkz/look/build/release-local/DerivedData/Build/Products/Release/LookNotes.framework/Versions/A/Modules/LookNotes.swiftmodule/Project/arm64-apple-macos.swiftsourceinfo /Users/adamkz/look/build/release-local/DerivedData/Build/Intermediates.noindex/Look.build/Release/LookNotes.build/Objects-normal/arm64/LookNotes.swiftsourceinfo (in target 'LookNotes' from project 'Look')
    cd /Users/adamkz/look
    builtin-copy -exclude .DS_Store -exclude CVS -exclude .svn -exclude .git -exclude .hg -resolve-src-symlinks -rename /Users/adamkz/look/build/release-local/DerivedData/Build/Intermediates.noindex/Look.build/Release/LookNotes.build/Objects-normal/arm64/LookNotes.swiftsourceinfo /Users/adamkz/look/build/release-local/DerivedData/Build/Products/Release/LookNotes.framework/Versions/A/Modules/LookNotes.swiftmodule/Project/arm64-apple-macos.swiftsourceinfo

VerifyModule /Users/adamkz/look/build/release-local/DerivedData/Build/Products/Release/LookNotes.framework (in target 'LookNotes' from project 'Look')
    cd /Users/adamkz/look
    /Applications/Xcode.app/Contents/Developer/Toolchains/XcodeDefault.xctoolchain/usr/bin/modules-verifier /Users/adamkz/look/build/release-local/DerivedData/Build/Products/Release/LookNotes.framework --clang /Applications/Xcode.app/Contents/Developer/Toolchains/XcodeDefault.xctoolchain/usr/bin/clang --diagnostic-filename-map /Users/adamkz/look/build/release-local/DerivedData/Build/Intermediates.noindex/Look.build/Release/LookNotes.build/LookNotes-diagnostic-filename-map.json --sdk /Applications/Xcode.app/Contents/Developer/Platforms/MacOSX.platform/Developer/SDKs/MacOSX26.2.sdk --intermediates-directory /Users/adamkz/look/build/release-local/DerivedData/Build/Intermediates.noindex/Look.build/Release/LookNotes.build/VerifyModule --target arm64-apple-macos14.0 --language objective-c --standard gnu11 --standard gnu++20

ScanDependencies /Users/adamkz/look/build/release-local/DerivedData/Build/Intermediates.noindex/Look.build/Release/LookNotes.build/Objects-normal/arm64/LookNotes_vers.o /Users/adamkz/look/build/release-local/DerivedData/Build/Intermediates.noindex/Look.build/Release/LookNotes.build/DerivedSources/LookNotes_vers.c normal arm64 c com.apple.compilers.llvm.clang.1_0.compiler (in target 'LookNotes' from project 'Look')
    cd /Users/adamkz/look
    
    Using response file: /Users/adamkz/look/build/release-local/DerivedData/Build/Intermediates.noindex/Look.build/Release/LookNotes.build/Objects-normal/arm64/7187679823f38a2a940e0043cdf9d637-common-args.resp
    
    builtin-ScanDependencies -o /Users/adamkz/look/build/release-local/DerivedData/Build/Intermediates.noindex/Look.build/Release/LookNotes.build/Objects-normal/arm64/LookNotes_vers.o.scan -- /Applications/Xcode.app/Contents/Developer/Toolchains/XcodeDefault.xctoolchain/usr/bin/clang -x c -ivfsstatcache /Users/adamkz/look/build/release-local/DerivedData/SDKStatCaches.noindex/macosx26.2-25C57-00fa09913b459cbbc988d1f6730289ae.sdkstatcache -fmessage-length\=0 -fdiagnostics-show-note-include-stack -fmacro-backtrace-limit\=0 -fno-color-diagnostics -fmodules-prune-interval\=86400 -fmodules-prune-after\=345600 -fbuild-session-file\=/Users/adamkz/look/build/release-local/DerivedData/ModuleCache.noindex/Session.modulevalidation -fmodules-validate-once-per-build-session -Wnon-modular-include-in-framework-module -Werror\=non-modular-include-in-framework-module -Wno-trigraphs -Wno-missing-field-initializers -Wno-missing-prototypes -Werror\=return-type -Wdocumentation -Wunreachable-code -Wquoted-include-in-framework-header -Werror\=deprecated-objc-isa-usage -Werror\=objc-root-class -Wno-missing-braces -Wparentheses -Wswitch -Wunused-function -Wno-unused-label -Wno-unused-parameter -Wunused-variable -Wunused-value -Wempty-body -Wuninitialized -Wconditional-uninitialized -Wno-unknown-pragmas -Wno-shadow -Wno-four-char-constants -Wno-conversion -Wconstant-conversion -Wint-conversion -Wbool-conversion -Wenum-conversion -Wno-float-conversion -Wnon-literal-null-conversion -Wobjc-literal-conversion -Wshorten-64-to-32 -Wpointer-sign -Wno-newline-eof -Wno-implicit-fallthrough -fstrict-aliasing -Wdeprecated-declarations -Wno-sign-conversion -Winfinite-recursion -Wcomma -Wblock-capture-autoreleasing -Wstrict-prototypes -Wno-semicolon-before-method-body @/Users/adamkz/look/build/release-local/DerivedData/Build/Intermediates.noindex/Look.build/Release/LookNotes.build/Objects-normal/arm64/7187679823f38a2a940e0043cdf9d637-common-args.resp -MMD -MT dependencies -MF /Users/adamkz/look/build/release-local/DerivedData/Build/Intermediates.noindex/Look.build/Release/LookNotes.build/Objects-normal/arm64/LookNotes_vers.d --serialize-diagnostics /Users/adamkz/look/build/release-local/DerivedData/Build/Intermediates.noindex/Look.build/Release/LookNotes.build/Objects-normal/arm64/LookNotes_vers.dia -c /Users/adamkz/look/build/release-local/DerivedData/Build/Intermediates.noindex/Look.build/Release/LookNotes.build/DerivedSources/LookNotes_vers.c -o /Users/adamkz/look/build/release-local/DerivedData/Build/Intermediates.noindex/Look.build/Release/LookNotes.build/Objects-normal/arm64/LookNotes_vers.o

CompileC /Users/adamkz/look/build/release-local/DerivedData/Build/Intermediates.noindex/Look.build/Release/LookNotes.build/Objects-normal/arm64/LookNotes_vers.o /Users/adamkz/look/build/release-local/DerivedData/Build/Intermediates.noindex/Look.build/Release/LookNotes.build/DerivedSources/LookNotes_vers.c normal arm64 c com.apple.compilers.llvm.clang.1_0.compiler (in target 'LookNotes' from project 'Look')
    cd /Users/adamkz/look
    
    Using response file: /Users/adamkz/look/build/release-local/DerivedData/Build/Intermediates.noindex/Look.build/Release/LookNotes.build/Objects-normal/arm64/7187679823f38a2a940e0043cdf9d637-common-args.resp
    
    /Applications/Xcode.app/Contents/Developer/Toolchains/XcodeDefault.xctoolchain/usr/bin/clang -x c -ivfsstatcache /Users/adamkz/look/build/release-local/DerivedData/SDKStatCaches.noindex/macosx26.2-25C57-00fa09913b459cbbc988d1f6730289ae.sdkstatcache -fmessage-length\=0 -fdiagnostics-show-note-include-stack -fmacro-backtrace-limit\=0 -fno-color-diagnostics -fmodules-prune-interval\=86400 -fmodules-prune-after\=345600 -fbuild-session-file\=/Users/adamkz/look/build/release-local/DerivedData/ModuleCache.noindex/Session.modulevalidation -fmodules-validate-once-per-build-session -Wnon-modular-include-in-framework-module -Werror\=non-modular-include-in-framework-module -Wno-trigraphs -Wno-missing-field-initializers -Wno-missing-prototypes -Werror\=return-type -Wdocumentation -Wunreachable-code -Wquoted-include-in-framework-header -Werror\=deprecated-objc-isa-usage -Werror\=objc-root-class -Wno-missing-braces -Wparentheses -Wswitch -Wunused-function -Wno-unused-label -Wno-unused-parameter -Wunused-variable -Wunused-value -Wempty-body -Wuninitialized -Wconditional-uninitialized -Wno-unknown-pragmas -Wno-shadow -Wno-four-char-constants -Wno-conversion -Wconstant-conversion -Wint-conversion -Wbool-conversion -Wenum-conversion -Wno-float-conversion -Wnon-literal-null-conversion -Wobjc-literal-conversion -Wshorten-64-to-32 -Wpointer-sign -Wno-newline-eof -Wno-implicit-fallthrough -fstrict-aliasing -Wdeprecated-declarations -Wno-sign-conversion -Winfinite-recursion -Wcomma -Wblock-capture-autoreleasing -Wstrict-prototypes -Wno-semicolon-before-method-body @/Users/adamkz/look/build/release-local/DerivedData/Build/Intermediates.noindex/Look.build/Release/LookNotes.build/Objects-normal/arm64/7187679823f38a2a940e0043cdf9d637-common-args.resp -MMD -MT dependencies -MF /Users/adamkz/look/build/release-local/DerivedData/Build/Intermediates.noindex/Look.build/Release/LookNotes.build/Objects-normal/arm64/LookNotes_vers.d --serialize-diagnostics /Users/adamkz/look/build/release-local/DerivedData/Build/Intermediates.noindex/Look.build/Release/LookNotes.build/Objects-normal/arm64/LookNotes_vers.dia -c /Users/adamkz/look/build/release-local/DerivedData/Build/Intermediates.noindex/Look.build/Release/LookNotes.build/DerivedSources/LookNotes_vers.c -o /Users/adamkz/look/build/release-local/DerivedData/Build/Intermediates.noindex/Look.build/Release/LookNotes.build/Objects-normal/arm64/LookNotes_vers.o

Ld /Users/adamkz/look/build/release-local/DerivedData/Build/Products/Release/LookNotes.framework/Versions/A/LookNotes normal (in target 'LookNotes' from project 'Look')
    cd /Users/adamkz/look
    /Applications/Xcode.app/Contents/Developer/Toolchains/XcodeDefault.xctoolchain/usr/bin/clang -Xlinker -reproducible -target arm64-apple-macos14.0 -dynamiclib -isysroot /Applications/Xcode.app/Contents/Developer/Platforms/MacOSX.platform/Developer/SDKs/MacOSX26.2.sdk -Os -L/Users/adamkz/look/build/release-local/DerivedData/Build/Intermediates.noindex/EagerLinkingTBDs/Release -L/Users/adamkz/look/build/release-local/DerivedData/Build/Products/Release -F/Users/adamkz/look/build/release-local/DerivedData/Build/Intermediates.noindex/EagerLinkingTBDs/Release -F/Users/adamkz/look/build/release-local/DerivedData/Build/Products/Release -filelist /Users/adamkz/look/build/release-local/DerivedData/Build/Intermediates.noindex/Look.build/Release/LookNotes.build/Objects-normal/arm64/LookNotes.LinkFileList -install_name @rpath/LookNotes.framework/Versions/A/LookNotes -Xlinker -rpath -Xlinker /usr/lib/swift -Xlinker -rpath -Xlinker @executable_path/../Frameworks -Xlinker -rpath -Xlinker @loader_path/Frameworks -dead_strip -Xlinker -object_path_lto -Xlinker /Users/adamkz/look/build/release-local/DerivedData/Build/Intermediates.noindex/Look.build/Release/LookNotes.build/Objects-normal/arm64/LookNotes_lto.o -Xlinker -dependency_info -Xlinker /Users/adamkz/look/build/release-local/DerivedData/Build/Intermediates.noindex/Look.build/Release/LookNotes.build/Objects-normal/arm64/LookNotes_dependency_info.dat -fobjc-link-runtime -L/Applications/Xcode.app/Contents/Developer/Toolchains/XcodeDefault.xctoolchain/usr/lib/swift/macosx -L/usr/lib/swift -Xlinker -add_ast_path -Xlinker /Users/adamkz/look/build/release-local/DerivedData/Build/Intermediates.noindex/Look.build/Release/LookNotes.build/Objects-normal/arm64/LookNotes.swiftmodule @/Users/adamkz/look/build/release-local/DerivedData/Build/Intermediates.noindex/Look.build/Release/LookNotes.build/Objects-normal/arm64/LookNotes-linker-args.resp -framework LookKit -o /Users/adamkz/look/build/release-local/DerivedData/Build/Products/Release/LookNotes.framework/Versions/A/LookNotes

ExtractAppIntentsMetadata (in target 'LookNotes' from project 'Look')
    cd /Users/adamkz/look
    /Applications/Xcode.app/Contents/Developer/Toolchains/XcodeDefault.xctoolchain/usr/bin/appintentsmetadataprocessor --toolchain-dir /Applications/Xcode.app/Contents/Developer/Toolchains/XcodeDefault.xctoolchain --module-name LookNotes --sdk-root /Applications/Xcode.app/Contents/Developer/Platforms/MacOSX.platform/Developer/SDKs/MacOSX26.2.sdk --xcode-version 17C52 --platform-family macOS --deployment-target 14.0 --bundle-identifier com.look.LookNotes --output /Users/adamkz/look/build/release-local/DerivedData/Build/Products/Release/LookNotes.framework/Versions/A/Resources --target-triple arm64-apple-macos14.0 --binary-file /Users/adamkz/look/build/release-local/DerivedData/Build/Products/Release/LookNotes.framework/Versions/A/LookNotes --dependency-file /Users/adamkz/look/build/release-local/DerivedData/Build/Intermediates.noindex/Look.build/Release/LookNotes.build/Objects-normal/arm64/LookNotes_dependency_info.dat --stringsdata-file /Users/adamkz/look/build/release-local/DerivedData/Build/Intermediates.noindex/Look.build/Release/LookNotes.build/Objects-normal/arm64/ExtractedAppShortcutsMetadata.stringsdata --source-file-list /Users/adamkz/look/build/release-local/DerivedData/Build/Intermediates.noindex/Look.build/Release/LookNotes.build/Objects-normal/arm64/LookNotes.SwiftFileList --metadata-file-list /Users/adamkz/look/build/release-local/DerivedData/Build/Intermediates.noindex/Look.build/Release/LookNotes.build/LookNotes.DependencyMetadataFileList --static-metadata-file-list /Users/adamkz/look/build/release-local/DerivedData/Build/Intermediates.noindex/Look.build/Release/LookNotes.build/LookNotes.DependencyStaticMetadataFileList --swift-const-vals-list /Users/adamkz/look/build/release-local/DerivedData/Build/Intermediates.noindex/Look.build/Release/LookNotes.build/Objects-normal/arm64/LookNotes.SwiftConstValuesFileList --compile-time-extraction --deployment-aware-processing --validate-assistant-intents --no-app-shortcuts-localization
2026-02-28 01:55:16.677 appintentsmetadataprocessor[88324:5393699] Starting appintentsmetadataprocessor export
2026-02-28 01:55:16.679 appintentsmetadataprocessor[88324:5393699] warning: Metadata extraction skipped. No AppIntents.framework dependency found.

GenerateDSYMFile /Users/adamkz/look/build/release-local/DerivedData/Build/Products/Release/LookNotes.framework.dSYM /Users/adamkz/look/build/release-local/DerivedData/Build/Products/Release/LookNotes.framework/Versions/A/LookNotes (in target 'LookNotes' from project 'Look')
    cd /Users/adamkz/look
    /Applications/Xcode.app/Contents/Developer/Toolchains/XcodeDefault.xctoolchain/usr/bin/dsymutil /Users/adamkz/look/build/release-local/DerivedData/Build/Products/Release/LookNotes.framework/Versions/A/LookNotes -o /Users/adamkz/look/build/release-local/DerivedData/Build/Products/Release/LookNotes.framework.dSYM

GenerateTAPI /Users/adamkz/look/build/release-local/DerivedData/Build/Intermediates.noindex/EagerLinkingTBDs/Release/LookNotes.framework/Versions/A/LookNotes.tbd (in target 'LookNotes' from project 'Look')
    cd /Users/adamkz/look
    /Applications/Xcode.app/Contents/Developer/Toolchains/XcodeDefault.xctoolchain/usr/bin/tapi stubify -isysroot /Applications/Xcode.app/Contents/Developer/Platforms/MacOSX.platform/Developer/SDKs/MacOSX26.2.sdk -F/Users/adamkz/look/build/release-local/DerivedData/Build/Products/Release -L/Users/adamkz/look/build/release-local/DerivedData/Build/Products/Release /Users/adamkz/look/build/release-local/DerivedData/Build/Products/Release/LookNotes.framework/Versions/A/LookNotes -o /Users/adamkz/look/build/release-local/DerivedData/Build/Intermediates.noindex/EagerLinkingTBDs/Release/LookNotes.framework/Versions/A/LookNotes.tbd

RegisterExecutionPolicyException /Users/adamkz/look/build/release-local/DerivedData/Build/Products/Release/LookNotes.framework (in target 'LookNotes' from project 'Look')
    cd /Users/adamkz/look
    builtin-RegisterExecutionPolicyException /Users/adamkz/look/build/release-local/DerivedData/Build/Products/Release/LookNotes.framework

Touch /Users/adamkz/look/build/release-local/DerivedData/Build/Products/Release/LookNotes.framework (in target 'LookNotes' from project 'Look')
    cd /Users/adamkz/look
    /usr/bin/touch -c /Users/adamkz/look/build/release-local/DerivedData/Build/Products/Release/LookNotes.framework

SymLink /Users/adamkz/look/build/release-local/DerivedData/Build/Intermediates.noindex/EagerLinkingTBDs/Release/LookNotes.framework/LookNotes.tbd /Users/adamkz/look/build/release-local/DerivedData/Build/Intermediates.noindex/EagerLinkingTBDs/Release/LookNotes.framework/Versions/A/LookNotes.tbd (in target 'LookNotes' from project 'Look')
    cd /Users/adamkz/look
    /bin/ln -sfh /Users/adamkz/look/build/release-local/DerivedData/Build/Intermediates.noindex/EagerLinkingTBDs/Release/LookNotes.framework/Versions/A/LookNotes.tbd /Users/adamkz/look/build/release-local/DerivedData/Build/Intermediates.noindex/EagerLinkingTBDs/Release/LookNotes.framework/LookNotes.tbd

SwiftDriverJobDiscovery normal arm64 Compiling LookPDF.swift, PDFAnnotationBridge.swift, AnnotationToolbarView.swift, PDFViewerView.swift, PDFViewerViewModel.swift (in target 'LookPDF' from project 'Look')

SwiftDriver\ Compilation\ Requirements LookPDF normal arm64 com.apple.xcode.tools.swift.compiler (in target 'LookPDF' from project 'Look')
    cd /Users/adamkz/look
    builtin-Swift-Compilation-Requirements -- /Applications/Xcode.app/Contents/Developer/Toolchains/XcodeDefault.xctoolchain/usr/bin/swiftc -module-name LookPDF -O -whole-module-optimization -enforce-exclusivity\=checked @/Users/adamkz/look/build/release-local/DerivedData/Build/Intermediates.noindex/Look.build/Release/LookPDF.build/Objects-normal/arm64/LookPDF.SwiftFileList -enable-bare-slash-regex -enable-experimental-feature DebugDescriptionMacro -sdk /Applications/Xcode.app/Contents/Developer/Platforms/MacOSX.platform/Developer/SDKs/MacOSX26.2.sdk -target arm64-apple-macos14.0 -g -module-cache-path /Users/adamkz/look/build/release-local/DerivedData/ModuleCache.noindex -Xfrontend -serialize-debugging-options -swift-version 5 -I /Users/adamkz/look/build/release-local/DerivedData/Build/Products/Release -F /Users/adamkz/look/build/release-local/DerivedData/Build/Products/Release -emit-localized-strings -emit-localized-strings-path /Users/adamkz/look/build/release-local/DerivedData/Build/Intermediates.noindex/Look.build/Release/LookPDF.build/Objects-normal/arm64 -c -num-threads 8 -Xcc -ivfsstatcache -Xcc /Users/adamkz/look/build/release-local/DerivedData/SDKStatCaches.noindex/macosx26.2-25C57-00fa09913b459cbbc988d1f6730289ae.sdkstatcache -output-file-map /Users/adamkz/look/build/release-local/DerivedData/Build/Intermediates.noindex/Look.build/Release/LookPDF.build/Objects-normal/arm64/LookPDF-OutputFileMap.json -use-frontend-parseable-output -save-temps -no-color-diagnostics -explicit-module-build -module-cache-path /Users/adamkz/look/build/release-local/DerivedData/Build/Intermediates.noindex/SwiftExplicitPrecompiledModules -clang-scanner-module-cache-path /Users/adamkz/look/build/release-local/DerivedData/ModuleCache.noindex -sdk-module-cache-path /Users/adamkz/look/build/release-local/DerivedData/ModuleCache.noindex -serialize-diagnostics -emit-dependencies -emit-module -emit-module-path /Users/adamkz/look/build/release-local/DerivedData/Build/Intermediates.noindex/Look.build/Release/LookPDF.build/Objects-normal/arm64/LookPDF.swiftmodule -validate-clang-modules-once -clang-build-session-file /Users/adamkz/look/build/release-local/DerivedData/ModuleCache.noindex/Session.modulevalidation -Xcc -I/Users/adamkz/look/build/release-local/DerivedData/Build/Intermediates.noindex/Look.build/Release/LookPDF.build/swift-overrides.hmap -emit-const-values -Xfrontend -const-gather-protocols-file -Xfrontend /Users/adamkz/look/build/release-local/DerivedData/Build/Intermediates.noindex/Look.build/Release/LookPDF.build/Objects-normal/arm64/LookPDF_const_extract_protocols.json -Xcc -iquote -Xcc /Users/adamkz/look/build/release-local/DerivedData/Build/Intermediates.noindex/Look.build/Release/LookPDF.build/LookPDF-generated-files.hmap -Xcc -I/Users/adamkz/look/build/release-local/DerivedData/Build/Intermediates.noindex/Look.build/Release/LookPDF.build/LookPDF-own-target-headers.hmap -Xcc -I/Users/adamkz/look/build/release-local/DerivedData/Build/Intermediates.noindex/Look.build/Release/LookPDF.build/LookPDF-all-non-framework-target-headers.hmap -Xcc -ivfsoverlay -Xcc /Users/adamkz/look/build/release-local/DerivedData/Build/Intermediates.noindex/Look.build/Release/Look-c3f0a56ea084f757df82bdf40cd5ab63-VFS/all-product-headers.yaml -Xcc -iquote -Xcc /Users/adamkz/look/build/release-local/DerivedData/Build/Intermediates.noindex/Look.build/Release/LookPDF.build/LookPDF-project-headers.hmap -Xcc -I/Users/adamkz/look/build/release-local/DerivedData/Build/Products/Release/include -Xcc -I/Users/adamkz/look/build/release-local/DerivedData/Build/Intermediates.noindex/Look.build/Release/LookPDF.build/DerivedSources-normal/arm64 -Xcc -I/Users/adamkz/look/build/release-local/DerivedData/Build/Intermediates.noindex/Look.build/Release/LookPDF.build/DerivedSources/arm64 -Xcc -I/Users/adamkz/look/build/release-local/DerivedData/Build/Intermediates.noindex/Look.build/Release/LookPDF.build/DerivedSources -emit-objc-header -emit-objc-header-path /Users/adamkz/look/build/release-local/DerivedData/Build/Intermediates.noindex/Look.build/Release/LookPDF.build/Objects-normal/arm64/LookPDF-Swift.h -working-directory /Users/adamkz/look -no-emit-module-separately-wmo

SwiftMergeGeneratedHeaders /Users/adamkz/look/build/release-local/DerivedData/Build/Products/Release/LookPDF.framework/Versions/A/Headers/LookPDF-Swift.h /Users/adamkz/look/build/release-local/DerivedData/Build/Intermediates.noindex/Look.build/Release/LookPDF.build/Objects-normal/arm64/LookPDF-Swift.h (in target 'LookPDF' from project 'Look')
    cd /Users/adamkz/look
    builtin-swiftHeaderTool -arch arm64 /Users/adamkz/look/build/release-local/DerivedData/Build/Intermediates.noindex/Look.build/Release/LookPDF.build/Objects-normal/arm64/LookPDF-Swift.h -o /Users/adamkz/look/build/release-local/DerivedData/Build/Products/Release/LookPDF.framework/Versions/A/Headers/LookPDF-Swift.h

Copy /Users/adamkz/look/build/release-local/DerivedData/Build/Products/Release/LookPDF.framework/Versions/A/Modules/LookPDF.swiftmodule/arm64-apple-macos.swiftdoc /Users/adamkz/look/build/release-local/DerivedData/Build/Intermediates.noindex/Look.build/Release/LookPDF.build/Objects-normal/arm64/LookPDF.swiftdoc (in target 'LookPDF' from project 'Look')
    cd /Users/adamkz/look
    builtin-copy -exclude .DS_Store -exclude CVS -exclude .svn -exclude .git -exclude .hg -resolve-src-symlinks -rename /Users/adamkz/look/build/release-local/DerivedData/Build/Intermediates.noindex/Look.build/Release/LookPDF.build/Objects-normal/arm64/LookPDF.swiftdoc /Users/adamkz/look/build/release-local/DerivedData/Build/Products/Release/LookPDF.framework/Versions/A/Modules/LookPDF.swiftmodule/arm64-apple-macos.swiftdoc

Copy /Users/adamkz/look/build/release-local/DerivedData/Build/Products/Release/LookPDF.framework/Versions/A/Modules/LookPDF.swiftmodule/arm64-apple-macos.swiftmodule /Users/adamkz/look/build/release-local/DerivedData/Build/Intermediates.noindex/Look.build/Release/LookPDF.build/Objects-normal/arm64/LookPDF.swiftmodule (in target 'LookPDF' from project 'Look')
    cd /Users/adamkz/look
    builtin-copy -exclude .DS_Store -exclude CVS -exclude .svn -exclude .git -exclude .hg -resolve-src-symlinks -rename /Users/adamkz/look/build/release-local/DerivedData/Build/Intermediates.noindex/Look.build/Release/LookPDF.build/Objects-normal/arm64/LookPDF.swiftmodule /Users/adamkz/look/build/release-local/DerivedData/Build/Products/Release/LookPDF.framework/Versions/A/Modules/LookPDF.swiftmodule/arm64-apple-macos.swiftmodule

Copy /Users/adamkz/look/build/release-local/DerivedData/Build/Products/Release/LookPDF.framework/Versions/A/Modules/LookPDF.swiftmodule/arm64-apple-macos.abi.json /Users/adamkz/look/build/release-local/DerivedData/Build/Intermediates.noindex/Look.build/Release/LookPDF.build/Objects-normal/arm64/LookPDF.abi.json (in target 'LookPDF' from project 'Look')
    cd /Users/adamkz/look
    builtin-copy -exclude .DS_Store -exclude CVS -exclude .svn -exclude .git -exclude .hg -resolve-src-symlinks -rename /Users/adamkz/look/build/release-local/DerivedData/Build/Intermediates.noindex/Look.build/Release/LookPDF.build/Objects-normal/arm64/LookPDF.abi.json /Users/adamkz/look/build/release-local/DerivedData/Build/Products/Release/LookPDF.framework/Versions/A/Modules/LookPDF.swiftmodule/arm64-apple-macos.abi.json

Copy /Users/adamkz/look/build/release-local/DerivedData/Build/Products/Release/LookPDF.framework/Versions/A/Modules/LookPDF.swiftmodule/Project/arm64-apple-macos.swiftsourceinfo /Users/adamkz/look/build/release-local/DerivedData/Build/Intermediates.noindex/Look.build/Release/LookPDF.build/Objects-normal/arm64/LookPDF.swiftsourceinfo (in target 'LookPDF' from project 'Look')
    cd /Users/adamkz/look
    builtin-copy -exclude .DS_Store -exclude CVS -exclude .svn -exclude .git -exclude .hg -resolve-src-symlinks -rename /Users/adamkz/look/build/release-local/DerivedData/Build/Intermediates.noindex/Look.build/Release/LookPDF.build/Objects-normal/arm64/LookPDF.swiftsourceinfo /Users/adamkz/look/build/release-local/DerivedData/Build/Products/Release/LookPDF.framework/Versions/A/Modules/LookPDF.swiftmodule/Project/arm64-apple-macos.swiftsourceinfo

VerifyModule /Users/adamkz/look/build/release-local/DerivedData/Build/Products/Release/LookPDF.framework (in target 'LookPDF' from project 'Look')
    cd /Users/adamkz/look
    /Applications/Xcode.app/Contents/Developer/Toolchains/XcodeDefault.xctoolchain/usr/bin/modules-verifier /Users/adamkz/look/build/release-local/DerivedData/Build/Products/Release/LookPDF.framework --clang /Applications/Xcode.app/Contents/Developer/Toolchains/XcodeDefault.xctoolchain/usr/bin/clang --diagnostic-filename-map /Users/adamkz/look/build/release-local/DerivedData/Build/Intermediates.noindex/Look.build/Release/LookPDF.build/LookPDF-diagnostic-filename-map.json --sdk /Applications/Xcode.app/Contents/Developer/Platforms/MacOSX.platform/Developer/SDKs/MacOSX26.2.sdk --intermediates-directory /Users/adamkz/look/build/release-local/DerivedData/Build/Intermediates.noindex/Look.build/Release/LookPDF.build/VerifyModule --target arm64-apple-macos14.0 --language objective-c --standard gnu11 --standard gnu++20

ScanDependencies /Users/adamkz/look/build/release-local/DerivedData/Build/Intermediates.noindex/Look.build/Release/LookPDF.build/Objects-normal/arm64/LookPDF_vers.o /Users/adamkz/look/build/release-local/DerivedData/Build/Intermediates.noindex/Look.build/Release/LookPDF.build/DerivedSources/LookPDF_vers.c normal arm64 c com.apple.compilers.llvm.clang.1_0.compiler (in target 'LookPDF' from project 'Look')
    cd /Users/adamkz/look
    
    Using response file: /Users/adamkz/look/build/release-local/DerivedData/Build/Intermediates.noindex/Look.build/Release/LookPDF.build/Objects-normal/arm64/7187679823f38a2a940e0043cdf9d637-common-args.resp
    
    builtin-ScanDependencies -o /Users/adamkz/look/build/release-local/DerivedData/Build/Intermediates.noindex/Look.build/Release/LookPDF.build/Objects-normal/arm64/LookPDF_vers.o.scan -- /Applications/Xcode.app/Contents/Developer/Toolchains/XcodeDefault.xctoolchain/usr/bin/clang -x c -ivfsstatcache /Users/adamkz/look/build/release-local/DerivedData/SDKStatCaches.noindex/macosx26.2-25C57-00fa09913b459cbbc988d1f6730289ae.sdkstatcache -fmessage-length\=0 -fdiagnostics-show-note-include-stack -fmacro-backtrace-limit\=0 -fno-color-diagnostics -fmodules-prune-interval\=86400 -fmodules-prune-after\=345600 -fbuild-session-file\=/Users/adamkz/look/build/release-local/DerivedData/ModuleCache.noindex/Session.modulevalidation -fmodules-validate-once-per-build-session -Wnon-modular-include-in-framework-module -Werror\=non-modular-include-in-framework-module -Wno-trigraphs -Wno-missing-field-initializers -Wno-missing-prototypes -Werror\=return-type -Wdocumentation -Wunreachable-code -Wquoted-include-in-framework-header -Werror\=deprecated-objc-isa-usage -Werror\=objc-root-class -Wno-missing-braces -Wparentheses -Wswitch -Wunused-function -Wno-unused-label -Wno-unused-parameter -Wunused-variable -Wunused-value -Wempty-body -Wuninitialized -Wconditional-uninitialized -Wno-unknown-pragmas -Wno-shadow -Wno-four-char-constants -Wno-conversion -Wconstant-conversion -Wint-conversion -Wbool-conversion -Wenum-conversion -Wno-float-conversion -Wnon-literal-null-conversion -Wobjc-literal-conversion -Wshorten-64-to-32 -Wpointer-sign -Wno-newline-eof -Wno-implicit-fallthrough -fstrict-aliasing -Wdeprecated-declarations -Wno-sign-conversion -Winfinite-recursion -Wcomma -Wblock-capture-autoreleasing -Wstrict-prototypes -Wno-semicolon-before-method-body @/Users/adamkz/look/build/release-local/DerivedData/Build/Intermediates.noindex/Look.build/Release/LookPDF.build/Objects-normal/arm64/7187679823f38a2a940e0043cdf9d637-common-args.resp -MMD -MT dependencies -MF /Users/adamkz/look/build/release-local/DerivedData/Build/Intermediates.noindex/Look.build/Release/LookPDF.build/Objects-normal/arm64/LookPDF_vers.d --serialize-diagnostics /Users/adamkz/look/build/release-local/DerivedData/Build/Intermediates.noindex/Look.build/Release/LookPDF.build/Objects-normal/arm64/LookPDF_vers.dia -c /Users/adamkz/look/build/release-local/DerivedData/Build/Intermediates.noindex/Look.build/Release/LookPDF.build/DerivedSources/LookPDF_vers.c -o /Users/adamkz/look/build/release-local/DerivedData/Build/Intermediates.noindex/Look.build/Release/LookPDF.build/Objects-normal/arm64/LookPDF_vers.o

MkDir /Users/adamkz/look/build/release-local/DerivedData/Build/Intermediates.noindex/Look.build/Release/LookApp.build/assetcatalog_output/thinned (in target 'LookApp' from project 'Look')
    cd /Users/adamkz/look
    /bin/mkdir -p /Users/adamkz/look/build/release-local/DerivedData/Build/Intermediates.noindex/Look.build/Release/LookApp.build/assetcatalog_output/thinned

MkDir /Users/adamkz/look/build/release-local/DerivedData/Build/Intermediates.noindex/Look.build/Release/LookApp.build/assetcatalog_output/unthinned (in target 'LookApp' from project 'Look')
    cd /Users/adamkz/look
    /bin/mkdir -p /Users/adamkz/look/build/release-local/DerivedData/Build/Intermediates.noindex/Look.build/Release/LookApp.build/assetcatalog_output/unthinned

GenerateAssetSymbols /Users/adamkz/look/Sources/LookApp/Resources/Assets.xcassets (in target 'LookApp' from project 'Look')
    cd /Users/adamkz/look
    /Applications/Xcode.app/Contents/Developer/usr/bin/actool /Users/adamkz/look/Sources/LookApp/Resources/Assets.xcassets --compile /Users/adamkz/look/build/release-local/DerivedData/Build/Products/Release/LookApp.app/Contents/Resources --output-format human-readable-text --notices --warnings --export-dependency-info /Users/adamkz/look/build/release-local/DerivedData/Build/Intermediates.noindex/Look.build/Release/LookApp.build/assetcatalog_dependencies --output-partial-info-plist /Users/adamkz/look/build/release-local/DerivedData/Build/Intermediates.noindex/Look.build/Release/LookApp.build/assetcatalog_generated_info.plist --app-icon AppIcon --enable-on-demand-resources NO --development-region en --target-device mac --minimum-deployment-target 14.0 --platform macosx --bundle-identifier com.look.app --generate-swift-asset-symbols /Users/adamkz/look/build/release-local/DerivedData/Build/Intermediates.noindex/Look.build/Release/LookApp.build/DerivedSources/GeneratedAssetSymbols.swift --generate-objc-asset-symbols /Users/adamkz/look/build/release-local/DerivedData/Build/Intermediates.noindex/Look.build/Release/LookApp.build/DerivedSources/GeneratedAssetSymbols.h --generate-asset-symbol-index /Users/adamkz/look/build/release-local/DerivedData/Build/Intermediates.noindex/Look.build/Release/LookApp.build/DerivedSources/GeneratedAssetSymbols-Index.plist
2026-02-28 01:55:21.124 ibtoold[88420:5394633] CoreSimulatorService connection became invalid.  Simulator services will no longer be available.
2026-02-28 01:55:21.183 ibtoold[88420:5394860] Logging connecton invalid: <OS_xpc_error: <dictionary: 0x1efd66bf0> { count = 1, transaction: 0, voucher = 0x0, contents =
	"XPCErrorDescription" => <string: 0x1efd66d38> { length = 18, contents = "Connection invalid" }
}>
2026-02-28 01:55:21.206 ibtoold[88420:5394633] Error opening log file (/Users/adamkz/Library/Logs/CoreSimulator/CoreSimulator.com.apple.ibtool.log): Operation not permitted
[-[SimServiceContext sendRequest:]:1743] ERROR : Unable to deliver request ({
    "developer_dir" = "/Applications/Xcode.app/Contents/Developer";
    request = "set_developer_dir";
}) because we are not connected to CoreSimulatorService.
/* com.apple.actool.compilation-results */
/Users/adamkz/look/build/release-local/DerivedData/Build/Intermediates.noindex/Look.build/Release/LookApp.build/DerivedSources/GeneratedAssetSymbols-Index.plist
/Users/adamkz/look/build/release-local/DerivedData/Build/Intermediates.noindex/Look.build/Release/LookApp.build/DerivedSources/GeneratedAssetSymbols.h
/Users/adamkz/look/build/release-local/DerivedData/Build/Intermediates.noindex/Look.build/Release/LookApp.build/DerivedSources/GeneratedAssetSymbols.swift


CompileAssetCatalogVariant thinned /Users/adamkz/look/build/release-local/DerivedData/Build/Products/Release/LookApp.app/Contents/Resources /Users/adamkz/look/Sources/LookApp/Resources/Assets.xcassets (in target 'LookApp' from project 'Look')
    cd /Users/adamkz/look
    /Applications/Xcode.app/Contents/Developer/usr/bin/actool /Users/adamkz/look/Sources/LookApp/Resources/Assets.xcassets --compile /Users/adamkz/look/build/release-local/DerivedData/Build/Intermediates.noindex/Look.build/Release/LookApp.build/assetcatalog_output/thinned --output-format human-readable-text --notices --warnings --export-dependency-info /Users/adamkz/look/build/release-local/DerivedData/Build/Intermediates.noindex/Look.build/Release/LookApp.build/assetcatalog_dependencies_thinned --output-partial-info-plist /Users/adamkz/look/build/release-local/DerivedData/Build/Intermediates.noindex/Look.build/Release/LookApp.build/assetcatalog_generated_info.plist_thinned --app-icon AppIcon --enable-on-demand-resources NO --development-region en --target-device mac --minimum-deployment-target 14.0 --platform macosx
2026-02-28 01:55:21.124 ibtoold[88419:5394634] CoreSimulatorService connection became invalid.  Simulator services will no longer be available.
2026-02-28 01:55:21.183 ibtoold[88419:5394861] Logging connecton invalid: <OS_xpc_error: <dictionary: 0x1efd66bf0> { count = 1, transaction: 0, voucher = 0x0, contents =
	"XPCErrorDescription" => <string: 0x1efd66d38> { length = 18, contents = "Connection invalid" }
}>
2026-02-28 01:55:21.206 ibtoold[88419:5394634] Error opening log file (/Users/adamkz/Library/Logs/CoreSimulator/CoreSimulator.com.apple.ibtool.log): Operation not permitted
[-[SimServiceContext sendRequest:]:1743] ERROR : Unable to deliver request ({
    "developer_dir" = "/Applications/Xcode.app/Contents/Developer";
    request = "set_developer_dir";
}) because we are not connected to CoreSimulatorService.
dyld[89428]: symbol '_kFigCaptionRegionDisplayAlign_Before' missing from root that overrides /System/Library/Frameworks/CoreMedia.framework/Versions/A/CoreMedia. Use of that symbol in /System/Library/PrivateFrameworks/AVFCore.framework/Versions/A/AVFCore is being set to 0xBAD4007.
dyld[89428]: symbol '_kFigCaptionRegionDisplayAlign_After' missing from root that overrides /System/Library/Frameworks/CoreMedia.framework/Versions/A/CoreMedia. Use of that symbol in /System/Library/PrivateFrameworks/AVFCore.framework/Versions/A/AVFCore is being set to 0xBAD4007.
dyld[89428]: symbol '_kFigCaptionRegionDisplayAlign_Center' missing from root that overrides /System/Library/Frameworks/CoreMedia.framework/Versions/A/CoreMedia. Use of that symbol in /System/Library/PrivateFrameworks/AVFCore.framework/Versions/A/AVFCore is being set to 0xBAD4007.
dyld[89428]: symbol '_kFigCaptionTextAlign_Start' missing from root that overrides /System/Library/Frameworks/CoreMedia.framework/Versions/A/CoreMedia. Use of that symbol in /System/Library/PrivateFrameworks/AVFCore.framework/Versions/A/AVFCore is being set to 0xBAD4007.
dyld[89428]: symbol '_kFigCaptionTextAlign_End' missing from root that overrides /System/Library/Frameworks/CoreMedia.framework/Versions/A/CoreMedia. Use of that symbol in /System/Library/PrivateFrameworks/AVFCore.framework/Versions/A/AVFCore is being set to 0xBAD4007.
dyld[89428]: symbol '_kFigCaptionTextAlign_Center' missing from root that overrides /System/Library/Frameworks/CoreMedia.framework/Versions/A/CoreMedia. Use of that symbol in /System/Library/PrivateFrameworks/AVFCore.framework/Versions/A/AVFCore is being set to 0xBAD4007.
dyld[89428]: symbol '_kFigCaptionTextAlign_Left' missing from root that overrides /System/Library/Frameworks/CoreMedia.framework/Versions/A/CoreMedia. Use of that symbol in /System/Library/PrivateFrameworks/AVFCore.framework/Versions/A/AVFCore is being set to 0xBAD4007.
dyld[89428]: symbol '_kFigCaptionTextAlign_Right' missing from root that overrides /System/Library/Frameworks/CoreMedia.framework/Versions/A/CoreMedia. Use of that symbol in /System/Library/PrivateFrameworks/AVFCore.framework/Versions/A/AVFCore is being set to 0xBAD4007.
dyld[89428]: symbol '_kFigEndpointNotification_AuthenticationSucceeded' missing from root that overrides /System/Library/Frameworks/CoreMedia.framework/Versions/A/CoreMedia. Use of that symbol in /System/Library/PrivateFrameworks/AVFCore.framework/Versions/A/AVFCore is being set to 0xBAD4007.
dyld[89428]: symbol '_kFigEndpointNotification_iOSUIRequested' missing from root that overrides /System/Library/Frameworks/CoreMedia.framework/Versions/A/CoreMedia. Use of that symbol in /System/Library/PrivateFrameworks/AVFCore.framework/Versions/A/AVFCore is being set to 0xBAD4007.
dyld[89428]: symbol '_kFigEndpointNotification_SiriRequested' missing from root that overrides /System/Library/Frameworks/CoreMedia.framework/Versions/A/CoreMedia. Use of that symbol in /System/Library/PrivateFrameworks/AVFCore.framework/Versions/A/AVFCore is being set to 0xBAD4007.
dyld[89428]: symbol '_kFigEndPointNotification_EnhancedSiriParametersChanged' missing from root that overrides /System/Library/Frameworks/CoreMedia.framework/Versions/A/CoreMedia. Use of that symbol in /System/Library/PrivateFrameworks/AVFCore.framework/Versions/A/AVFCore is being set to 0xBAD4007.
dyld[89428]: symbol '_kFigEndpointNotification_NightModeChanged' missing from root that overrides /System/Library/Frameworks/CoreMedia.framework/Versions/A/CoreMedia. Use of that symbol in /System/Library/PrivateFrameworks/AVFCore.framework/Versions/A/AVFCore is being set to 0xBAD4007.
dyld[89428]: symbol '_kFigEndpointNotification_LimitedUIChanged' missing from root that overrides /System/Library/Frameworks/CoreMedia.framework/Versions/A/CoreMedia. Use of that symbol in /System/Library/PrivateFrameworks/AVFCore.framework/Versions/A/AVFCore is being set to 0xBAD4007.
dyld[89428]: symbol '_kFigEndpointNotification_PerformanceReportPosted' missing from root that overrides /System/Library/Frameworks/CoreMedia.framework/Versions/A/CoreMedia. Use of that symbol in /System/Library/PrivateFrameworks/AVFCore.framework/Versions/A/AVFCore is being set to 0xBAD4007.
dyld[89428]: symbol '_kFigEndpointNotification_UnhandledRemoteEvent' missing from root that overrides /System/Library/Frameworks/CoreMedia.framework/Versions/A/CoreMedia. Use of that symbol in /System/Library/PrivateFrameworks/AVFCore.framework/Versions/A/AVFCore is being set to 0xBAD4007.
dyld[89428]: symbol '_kFigEndpointNotification_CarPlayTest' missing from root that overrides /System/Library/Frameworks/CoreMedia.framework/Versions/A/CoreMedia. Use of that symbol in /System/Library/PrivateFrameworks/AVFCore.framework/Versions/A/AVFCore is being set to 0xBAD4007.
dyld[89428]: symbol '_kFigVideoQueueNotification_NowBelowLowWaterLevel' missing from root that overrides /System/Library/Frameworks/MediaToolbox.framework/Versions/A/MediaToolbox. Use of that symbol in /System/Library/PrivateFrameworks/AVFCore.framework/Versions/A/AVFCore is being set to 0xBAD4007.
dyld[89428]: symbol '_kFigVideoQueueNotification_DecodeError' missing from root that overrides /System/Library/Frameworks/MediaToolbox.framework/Versions/A/MediaToolbox. Use of that symbol in /System/Library/PrivateFrameworks/AVFCore.framework/Versions/A/AVFCore is being set to 0xBAD4007.
dyld[89428]: symbol '_kFigVideoQueueNotification_Failed' missing from root that overrides /System/Library/Frameworks/MediaToolbox.framework/Versions/A/MediaToolbox. Use of that symbol in /System/Library/PrivateFrameworks/AVFCore.framework/Versions/A/AVFCore is being set to 0xBAD4007.
dyld[89428]: symbol '_kFigVideoQueueNotification_ExternalProtectionStatusChanged' missing from root that overrides /System/Library/Frameworks/MediaToolbox.framework/Versions/A/MediaToolbox. Use of that symbol in /System/Library/PrivateFrameworks/AVFCore.framework/Versions/A/AVFCore is being set to 0xBAD4007.
dyld[89428]: symbol '_kFigVideoQueueNotification_FlushComplete' missing from root that overrides /System/Library/Frameworks/MediaToolbox.framework/Versions/A/MediaToolbox. Use of that symbol in /System/Library/PrivateFrameworks/AVFCore.framework/Versions/A/AVFCore is being set to 0xBAD4007.
dyld[89428]: symbol '_kFigVideoQueueNotification_CompletedDecodeForPreroll' missing from root that overrides /System/Library/Frameworks/MediaToolbox.framework/Versions/A/MediaToolbox. Use of that symbol in /System/Library/PrivateFrameworks/AVFCore.framework/Versions/A/AVFCore is being set to 0xBAD4007.
dyld[89428]: symbol '_kFigVideoQueueNotification_FirstVideoFrameEnqueued' missing from root that overrides /System/Library/Frameworks/MediaToolbox.framework/Versions/A/MediaToolbox. Use of that symbol in /System/Library/PrivateFrameworks/AVFCore.framework/Versions/A/AVFCore is being set to 0xBAD4007.
dyld[89428]: symbol '_kFigVideoQueueNotification_LostDecoderState' missing from root that overrides /System/Library/Frameworks/MediaToolbox.framework/Versions/A/MediaToolbox. Use of that symbol in /System/Library/PrivateFrameworks/AVFCore.framework/Versions/A/AVFCore is being set to 0xBAD4007.
dyld[89428]: symbol '_OBJC_CLASS_$_FigBaseCALayer' missing from root that overrides /System/Library/Frameworks/MediaToolbox.framework/Versions/A/MediaToolbox. Use of that symbol in /System/Library/PrivateFrameworks/AVFCore.framework/Versions/A/AVFCore is being set to 0xBAD4007.
dyld[89428]: symbol '_OBJC_METACLASS_$_FigBaseCALayer' missing from root that overrides /System/Library/Frameworks/MediaToolbox.framework/Versions/A/MediaToolbox. Use of that symbol in /System/Library/PrivateFrameworks/AVFCore.framework/Versions/A/AVFCore is being set to 0xBAD4007.
/* com.apple.actool.compilation-results */
/Users/adamkz/look/build/release-local/DerivedData/Build/Intermediates.noindex/Look.build/Release/LookApp.build/assetcatalog_generated_info.plist_thinned
/Users/adamkz/look/build/release-local/DerivedData/Build/Intermediates.noindex/Look.build/Release/LookApp.build/assetcatalog_output/thinned/AppIcon.icns
/Users/adamkz/look/build/release-local/DerivedData/Build/Intermediates.noindex/Look.build/Release/LookApp.build/assetcatalog_output/thinned/Assets.car


CompileC /Users/adamkz/look/build/release-local/DerivedData/Build/Intermediates.noindex/Look.build/Release/LookPDF.build/Objects-normal/arm64/LookPDF_vers.o /Users/adamkz/look/build/release-local/DerivedData/Build/Intermediates.noindex/Look.build/Release/LookPDF.build/DerivedSources/LookPDF_vers.c normal arm64 c com.apple.compilers.llvm.clang.1_0.compiler (in target 'LookPDF' from project 'Look')
    cd /Users/adamkz/look
    
    Using response file: /Users/adamkz/look/build/release-local/DerivedData/Build/Intermediates.noindex/Look.build/Release/LookPDF.build/Objects-normal/arm64/7187679823f38a2a940e0043cdf9d637-common-args.resp
    
    /Applications/Xcode.app/Contents/Developer/Toolchains/XcodeDefault.xctoolchain/usr/bin/clang -x c -ivfsstatcache /Users/adamkz/look/build/release-local/DerivedData/SDKStatCaches.noindex/macosx26.2-25C57-00fa09913b459cbbc988d1f6730289ae.sdkstatcache -fmessage-length\=0 -fdiagnostics-show-note-include-stack -fmacro-backtrace-limit\=0 -fno-color-diagnostics -fmodules-prune-interval\=86400 -fmodules-prune-after\=345600 -fbuild-session-file\=/Users/adamkz/look/build/release-local/DerivedData/ModuleCache.noindex/Session.modulevalidation -fmodules-validate-once-per-build-session -Wnon-modular-include-in-framework-module -Werror\=non-modular-include-in-framework-module -Wno-trigraphs -Wno-missing-field-initializers -Wno-missing-prototypes -Werror\=return-type -Wdocumentation -Wunreachable-code -Wquoted-include-in-framework-header -Werror\=deprecated-objc-isa-usage -Werror\=objc-root-class -Wno-missing-braces -Wparentheses -Wswitch -Wunused-function -Wno-unused-label -Wno-unused-parameter -Wunused-variable -Wunused-value -Wempty-body -Wuninitialized -Wconditional-uninitialized -Wno-unknown-pragmas -Wno-shadow -Wno-four-char-constants -Wno-conversion -Wconstant-conversion -Wint-conversion -Wbool-conversion -Wenum-conversion -Wno-float-conversion -Wnon-literal-null-conversion -Wobjc-literal-conversion -Wshorten-64-to-32 -Wpointer-sign -Wno-newline-eof -Wno-implicit-fallthrough -fstrict-aliasing -Wdeprecated-declarations -Wno-sign-conversion -Winfinite-recursion -Wcomma -Wblock-capture-autoreleasing -Wstrict-prototypes -Wno-semicolon-before-method-body @/Users/adamkz/look/build/release-local/DerivedData/Build/Intermediates.noindex/Look.build/Release/LookPDF.build/Objects-normal/arm64/7187679823f38a2a940e0043cdf9d637-common-args.resp -MMD -MT dependencies -MF /Users/adamkz/look/build/release-local/DerivedData/Build/Intermediates.noindex/Look.build/Release/LookPDF.build/Objects-normal/arm64/LookPDF_vers.d --serialize-diagnostics /Users/adamkz/look/build/release-local/DerivedData/Build/Intermediates.noindex/Look.build/Release/LookPDF.build/Objects-normal/arm64/LookPDF_vers.dia -c /Users/adamkz/look/build/release-local/DerivedData/Build/Intermediates.noindex/Look.build/Release/LookPDF.build/DerivedSources/LookPDF_vers.c -o /Users/adamkz/look/build/release-local/DerivedData/Build/Intermediates.noindex/Look.build/Release/LookPDF.build/Objects-normal/arm64/LookPDF_vers.o

Ld /Users/adamkz/look/build/release-local/DerivedData/Build/Products/Release/LookPDF.framework/Versions/A/LookPDF normal (in target 'LookPDF' from project 'Look')
    cd /Users/adamkz/look
    /Applications/Xcode.app/Contents/Developer/Toolchains/XcodeDefault.xctoolchain/usr/bin/clang -Xlinker -reproducible -target arm64-apple-macos14.0 -dynamiclib -isysroot /Applications/Xcode.app/Contents/Developer/Platforms/MacOSX.platform/Developer/SDKs/MacOSX26.2.sdk -Os -L/Users/adamkz/look/build/release-local/DerivedData/Build/Intermediates.noindex/EagerLinkingTBDs/Release -L/Users/adamkz/look/build/release-local/DerivedData/Build/Products/Release -F/Users/adamkz/look/build/release-local/DerivedData/Build/Intermediates.noindex/EagerLinkingTBDs/Release -F/Users/adamkz/look/build/release-local/DerivedData/Build/Products/Release -filelist /Users/adamkz/look/build/release-local/DerivedData/Build/Intermediates.noindex/Look.build/Release/LookPDF.build/Objects-normal/arm64/LookPDF.LinkFileList -install_name @rpath/LookPDF.framework/Versions/A/LookPDF -Xlinker -rpath -Xlinker /usr/lib/swift -Xlinker -rpath -Xlinker @executable_path/../Frameworks -Xlinker -rpath -Xlinker @loader_path/Frameworks -dead_strip -Xlinker -object_path_lto -Xlinker /Users/adamkz/look/build/release-local/DerivedData/Build/Intermediates.noindex/Look.build/Release/LookPDF.build/Objects-normal/arm64/LookPDF_lto.o -Xlinker -dependency_info -Xlinker /Users/adamkz/look/build/release-local/DerivedData/Build/Intermediates.noindex/Look.build/Release/LookPDF.build/Objects-normal/arm64/LookPDF_dependency_info.dat -fobjc-link-runtime -L/Applications/Xcode.app/Contents/Developer/Toolchains/XcodeDefault.xctoolchain/usr/lib/swift/macosx -L/usr/lib/swift -Xlinker -add_ast_path -Xlinker /Users/adamkz/look/build/release-local/DerivedData/Build/Intermediates.noindex/Look.build/Release/LookPDF.build/Objects-normal/arm64/LookPDF.swiftmodule @/Users/adamkz/look/build/release-local/DerivedData/Build/Intermediates.noindex/Look.build/Release/LookPDF.build/Objects-normal/arm64/LookPDF-linker-args.resp -framework LookKit -o /Users/adamkz/look/build/release-local/DerivedData/Build/Products/Release/LookPDF.framework/Versions/A/LookPDF

ExtractAppIntentsMetadata (in target 'LookPDF' from project 'Look')
    cd /Users/adamkz/look
    /Applications/Xcode.app/Contents/Developer/Toolchains/XcodeDefault.xctoolchain/usr/bin/appintentsmetadataprocessor --toolchain-dir /Applications/Xcode.app/Contents/Developer/Toolchains/XcodeDefault.xctoolchain --module-name LookPDF --sdk-root /Applications/Xcode.app/Contents/Developer/Platforms/MacOSX.platform/Developer/SDKs/MacOSX26.2.sdk --xcode-version 17C52 --platform-family macOS --deployment-target 14.0 --bundle-identifier com.look.LookPDF --output /Users/adamkz/look/build/release-local/DerivedData/Build/Products/Release/LookPDF.framework/Versions/A/Resources --target-triple arm64-apple-macos14.0 --binary-file /Users/adamkz/look/build/release-local/DerivedData/Build/Products/Release/LookPDF.framework/Versions/A/LookPDF --dependency-file /Users/adamkz/look/build/release-local/DerivedData/Build/Intermediates.noindex/Look.build/Release/LookPDF.build/Objects-normal/arm64/LookPDF_dependency_info.dat --stringsdata-file /Users/adamkz/look/build/release-local/DerivedData/Build/Intermediates.noindex/Look.build/Release/LookPDF.build/Objects-normal/arm64/ExtractedAppShortcutsMetadata.stringsdata --source-file-list /Users/adamkz/look/build/release-local/DerivedData/Build/Intermediates.noindex/Look.build/Release/LookPDF.build/Objects-normal/arm64/LookPDF.SwiftFileList --metadata-file-list /Users/adamkz/look/build/release-local/DerivedData/Build/Intermediates.noindex/Look.build/Release/LookPDF.build/LookPDF.DependencyMetadataFileList --static-metadata-file-list /Users/adamkz/look/build/release-local/DerivedData/Build/Intermediates.noindex/Look.build/Release/LookPDF.build/LookPDF.DependencyStaticMetadataFileList --swift-const-vals-list /Users/adamkz/look/build/release-local/DerivedData/Build/Intermediates.noindex/Look.build/Release/LookPDF.build/Objects-normal/arm64/LookPDF.SwiftConstValuesFileList --compile-time-extraction --deployment-aware-processing --validate-assistant-intents --no-app-shortcuts-localization
2026-02-28 01:55:18.116 appintentsmetadataprocessor[88591:5394195] Starting appintentsmetadataprocessor export
2026-02-28 01:55:18.118 appintentsmetadataprocessor[88591:5394195] warning: Metadata extraction skipped. No AppIntents.framework dependency found.

GenerateDSYMFile /Users/adamkz/look/build/release-local/DerivedData/Build/Products/Release/LookPDF.framework.dSYM /Users/adamkz/look/build/release-local/DerivedData/Build/Products/Release/LookPDF.framework/Versions/A/LookPDF (in target 'LookPDF' from project 'Look')
    cd /Users/adamkz/look
    /Applications/Xcode.app/Contents/Developer/Toolchains/XcodeDefault.xctoolchain/usr/bin/dsymutil /Users/adamkz/look/build/release-local/DerivedData/Build/Products/Release/LookPDF.framework/Versions/A/LookPDF -o /Users/adamkz/look/build/release-local/DerivedData/Build/Products/Release/LookPDF.framework.dSYM

GenerateTAPI /Users/adamkz/look/build/release-local/DerivedData/Build/Intermediates.noindex/EagerLinkingTBDs/Release/LookPDF.framework/Versions/A/LookPDF.tbd (in target 'LookPDF' from project 'Look')
    cd /Users/adamkz/look
    /Applications/Xcode.app/Contents/Developer/Toolchains/XcodeDefault.xctoolchain/usr/bin/tapi stubify -isysroot /Applications/Xcode.app/Contents/Developer/Platforms/MacOSX.platform/Developer/SDKs/MacOSX26.2.sdk -F/Users/adamkz/look/build/release-local/DerivedData/Build/Products/Release -L/Users/adamkz/look/build/release-local/DerivedData/Build/Products/Release /Users/adamkz/look/build/release-local/DerivedData/Build/Products/Release/LookPDF.framework/Versions/A/LookPDF -o /Users/adamkz/look/build/release-local/DerivedData/Build/Intermediates.noindex/EagerLinkingTBDs/Release/LookPDF.framework/Versions/A/LookPDF.tbd

RegisterExecutionPolicyException /Users/adamkz/look/build/release-local/DerivedData/Build/Products/Release/LookPDF.framework (in target 'LookPDF' from project 'Look')
    cd /Users/adamkz/look
    builtin-RegisterExecutionPolicyException /Users/adamkz/look/build/release-local/DerivedData/Build/Products/Release/LookPDF.framework

SymLink /Users/adamkz/look/build/release-local/DerivedData/Build/Intermediates.noindex/EagerLinkingTBDs/Release/LookPDF.framework/LookPDF.tbd /Users/adamkz/look/build/release-local/DerivedData/Build/Intermediates.noindex/EagerLinkingTBDs/Release/LookPDF.framework/Versions/A/LookPDF.tbd (in target 'LookPDF' from project 'Look')
    cd /Users/adamkz/look
    /bin/ln -sfh /Users/adamkz/look/build/release-local/DerivedData/Build/Intermediates.noindex/EagerLinkingTBDs/Release/LookPDF.framework/Versions/A/LookPDF.tbd /Users/adamkz/look/build/release-local/DerivedData/Build/Intermediates.noindex/EagerLinkingTBDs/Release/LookPDF.framework/LookPDF.tbd

Touch /Users/adamkz/look/build/release-local/DerivedData/Build/Products/Release/LookPDF.framework (in target 'LookPDF' from project 'Look')
    cd /Users/adamkz/look
    /usr/bin/touch -c /Users/adamkz/look/build/release-local/DerivedData/Build/Products/Release/LookPDF.framework

SwiftDriver LookApp normal arm64 com.apple.xcode.tools.swift.compiler (in target 'LookApp' from project 'Look')
    cd /Users/adamkz/look
    builtin-SwiftDriver -- /Applications/Xcode.app/Contents/Developer/Toolchains/XcodeDefault.xctoolchain/usr/bin/swiftc -module-name LookApp -O -whole-module-optimization -enforce-exclusivity\=checked @/Users/adamkz/look/build/release-local/DerivedData/Build/Intermediates.noindex/Look.build/Release/LookApp.build/Objects-normal/arm64/LookApp.SwiftFileList -enable-bare-slash-regex -enable-experimental-feature DebugDescriptionMacro -sdk /Applications/Xcode.app/Contents/Developer/Platforms/MacOSX.platform/Developer/SDKs/MacOSX26.2.sdk -target arm64-apple-macos14.0 -g -module-cache-path /Users/adamkz/look/build/release-local/DerivedData/ModuleCache.noindex -Xfrontend -serialize-debugging-options -swift-version 5 -I /Users/adamkz/look/build/release-local/DerivedData/Build/Products/Release -F /Users/adamkz/look/build/release-local/DerivedData/Build/Products/Release -emit-localized-strings -emit-localized-strings-path /Users/adamkz/look/build/release-local/DerivedData/Build/Intermediates.noindex/Look.build/Release/LookApp.build/Objects-normal/arm64 -c -num-threads 8 -Xcc -ivfsstatcache -Xcc /Users/adamkz/look/build/release-local/DerivedData/SDKStatCaches.noindex/macosx26.2-25C57-00fa09913b459cbbc988d1f6730289ae.sdkstatcache -output-file-map /Users/adamkz/look/build/release-local/DerivedData/Build/Intermediates.noindex/Look.build/Release/LookApp.build/Objects-normal/arm64/LookApp-OutputFileMap.json -use-frontend-parseable-output -save-temps -no-color-diagnostics -explicit-module-build -module-cache-path /Users/adamkz/look/build/release-local/DerivedData/Build/Intermediates.noindex/SwiftExplicitPrecompiledModules -clang-scanner-module-cache-path /Users/adamkz/look/build/release-local/DerivedData/ModuleCache.noindex -sdk-module-cache-path /Users/adamkz/look/build/release-local/DerivedData/ModuleCache.noindex -serialize-diagnostics -emit-dependencies -emit-module -emit-module-path /Users/adamkz/look/build/release-local/DerivedData/Build/Intermediates.noindex/Look.build/Release/LookApp.build/Objects-normal/arm64/LookApp.swiftmodule -validate-clang-modules-once -clang-build-session-file /Users/adamkz/look/build/release-local/DerivedData/ModuleCache.noindex/Session.modulevalidation -Xcc -I/Users/adamkz/look/build/release-local/DerivedData/Build/Intermediates.noindex/Look.build/Release/LookApp.build/swift-overrides.hmap -emit-const-values -Xfrontend -const-gather-protocols-file -Xfrontend /Users/adamkz/look/build/release-local/DerivedData/Build/Intermediates.noindex/Look.build/Release/LookApp.build/Objects-normal/arm64/LookApp_const_extract_protocols.json -Xcc -iquote -Xcc /Users/adamkz/look/build/release-local/DerivedData/Build/Intermediates.noindex/Look.build/Release/LookApp.build/LookApp-generated-files.hmap -Xcc -I/Users/adamkz/look/build/release-local/DerivedData/Build/Intermediates.noindex/Look.build/Release/LookApp.build/LookApp-own-target-headers.hmap -Xcc -I/Users/adamkz/look/build/release-local/DerivedData/Build/Intermediates.noindex/Look.build/Release/LookApp.build/LookApp-all-non-framework-target-headers.hmap -Xcc -ivfsoverlay -Xcc /Users/adamkz/look/build/release-local/DerivedData/Build/Intermediates.noindex/Look.build/Release/Look-c3f0a56ea084f757df82bdf40cd5ab63-VFS/all-product-headers.yaml -Xcc -iquote -Xcc /Users/adamkz/look/build/release-local/DerivedData/Build/Intermediates.noindex/Look.build/Release/LookApp.build/LookApp-project-headers.hmap -Xcc -I/Users/adamkz/look/build/release-local/DerivedData/Build/Products/Release/include -Xcc -I/Users/adamkz/look/build/release-local/DerivedData/Build/Intermediates.noindex/Look.build/Release/LookApp.build/DerivedSources-normal/arm64 -Xcc -I/Users/adamkz/look/build/release-local/DerivedData/Build/Intermediates.noindex/Look.build/Release/LookApp.build/DerivedSources/arm64 -Xcc -I/Users/adamkz/look/build/release-local/DerivedData/Build/Intermediates.noindex/Look.build/Release/LookApp.build/DerivedSources -emit-objc-header -emit-objc-header-path /Users/adamkz/look/build/release-local/DerivedData/Build/Intermediates.noindex/Look.build/Release/LookApp.build/Objects-normal/arm64/LookApp-Swift.h -working-directory /Users/adamkz/look -no-emit-module-separately-wmo

LinkAssetCatalog /Users/adamkz/look/Sources/LookApp/Resources/Assets.xcassets (in target 'LookApp' from project 'Look')
    cd /Users/adamkz/look
    builtin-linkAssetCatalog --thinned /Users/adamkz/look/build/release-local/DerivedData/Build/Intermediates.noindex/Look.build/Release/LookApp.build/assetcatalog_output/thinned --thinned-dependencies /Users/adamkz/look/build/release-local/DerivedData/Build/Intermediates.noindex/Look.build/Release/LookApp.build/assetcatalog_dependencies_thinned --thinned-info-plist-content /Users/adamkz/look/build/release-local/DerivedData/Build/Intermediates.noindex/Look.build/Release/LookApp.build/assetcatalog_generated_info.plist_thinned --unthinned /Users/adamkz/look/build/release-local/DerivedData/Build/Intermediates.noindex/Look.build/Release/LookApp.build/assetcatalog_output/unthinned --unthinned-dependencies /Users/adamkz/look/build/release-local/DerivedData/Build/Intermediates.noindex/Look.build/Release/LookApp.build/assetcatalog_dependencies_unthinned --unthinned-info-plist-content /Users/adamkz/look/build/release-local/DerivedData/Build/Intermediates.noindex/Look.build/Release/LookApp.build/assetcatalog_generated_info.plist_unthinned --output /Users/adamkz/look/build/release-local/DerivedData/Build/Products/Release/LookApp.app/Contents/Resources --plist-output /Users/adamkz/look/build/release-local/DerivedData/Build/Intermediates.noindex/Look.build/Release/LookApp.build/assetcatalog_generated_info.plist
note: Emplaced /Users/adamkz/look/build/release-local/DerivedData/Build/Products/Release/LookApp.app/Contents/Resources/AppIcon.icns (in target 'LookApp' from project 'Look')
note: Emplaced /Users/adamkz/look/build/release-local/DerivedData/Build/Products/Release/LookApp.app/Contents/Resources/Assets.car (in target 'LookApp' from project 'Look')

ProcessInfoPlistFile /Users/adamkz/look/build/release-local/DerivedData/Build/Products/Release/LookApp.app/Contents/Info.plist /Users/adamkz/look/Sources/LookApp/Resources/Info.plist (in target 'LookApp' from project 'Look')
    cd /Users/adamkz/look
    builtin-infoPlistUtility /Users/adamkz/look/Sources/LookApp/Resources/Info.plist -producttype com.apple.product-type.application -genpkginfo /Users/adamkz/look/build/release-local/DerivedData/Build/Products/Release/LookApp.app/Contents/PkgInfo -expandbuildsettings -platform macosx -additionalcontentfile /Users/adamkz/look/build/release-local/DerivedData/Build/Intermediates.noindex/Look.build/Release/LookApp.build/assetcatalog_generated_info.plist -o /Users/adamkz/look/build/release-local/DerivedData/Build/Products/Release/LookApp.app/Contents/Info.plist

SwiftCompile normal arm64 Compiling\ LookApp.swift,\ AppEnvironment.swift,\ LibraryRootCoordinator.swift,\ ContentWrapper.swift,\ ImportCoordinator.swift,\ GeneratedAssetSymbols.swift /Users/adamkz/look/Sources/LookApp/Sources/LookApp.swift /Users/adamkz/look/Sources/LookApp/Sources/AppEnvironment.swift /Users/adamkz/look/Sources/LookApp/Sources/LibraryRootCoordinator.swift /Users/adamkz/look/Sources/LookApp/Sources/ContentWrapper.swift /Users/adamkz/look/Sources/LookApp/Sources/ImportCoordinator.swift /Users/adamkz/look/build/release-local/DerivedData/Build/Intermediates.noindex/Look.build/Release/LookApp.build/DerivedSources/GeneratedAssetSymbols.swift /Applications/Xcode.app/Contents/Developer/Toolchains/XcodeDefault.xctoolchain/usr/lib/swift/macosx/prebuilt-modules/26.2/UniformTypeIdentifiers.swiftmodule/arm64e-apple-macos.swiftmodule /Applications/Xcode.app/Contents/Developer/Toolchains/XcodeDefault.xctoolchain/usr/lib/swift/macosx/prebuilt-modules/26.2/AppKit.swiftmodule/arm64e-apple-macos.swiftmodule /Applications/Xcode.app/Contents/Developer/Toolchains/XcodeDefault.xctoolchain/usr/lib/swift/macosx/prebuilt-modules/26.2/os.swiftmodule/arm64e-apple-macos.swiftmodule /Applications/Xcode.app/Contents/Developer/Toolchains/XcodeDefault.xctoolchain/usr/lib/swift/macosx/prebuilt-modules/26.2/Accessibility.swiftmodule/arm64e-apple-macos.swiftmodule /Applications/Xcode.app/Contents/Developer/Toolchains/XcodeDefault.xctoolchain/usr/lib/swift/macosx/prebuilt-modules/26.2/Symbols.swiftmodule/arm64e-apple-macos.swiftmodule /Applications/Xcode.app/Contents/Developer/Toolchains/XcodeDefault.xctoolchain/usr/lib/swift/macosx/prebuilt-modules/26.2/_DarwinFoundation1.swiftmodule/arm64e-apple-macos.swiftmodule /Applications/Xcode.app/Contents/Developer/Toolchains/XcodeDefault.xctoolchain/usr/lib/swift/macosx/prebuilt-modules/26.2/XPC.swiftmodule/arm64e-apple-macos.swiftmodule /Applications/Xcode.app/Contents/Developer/Toolchains/XcodeDefault.xctoolchain/usr/lib/swift/macosx/prebuilt-modules/26.2/_DarwinFoundation3.swiftmodule/arm64e-apple-macos.swiftmodule /Applications/Xcode.app/Contents/Developer/Toolchains/XcodeDefault.xctoolchain/usr/lib/swift/macosx/prebuilt-modules/26.2/CryptoKit.swiftmodule/arm64e-apple-macos.swiftmodule /Applications/Xcode.app/Contents/Developer/Toolchains/XcodeDefault.xctoolchain/usr/lib/swift/macosx/prebuilt-modules/26.2/_Concurrency.swiftmodule/arm64e-apple-macos.swiftmodule /Applications/Xcode.app/Contents/Developer/Toolchains/XcodeDefault.xctoolchain/usr/lib/swift/macosx/prebuilt-modules/26.2/Combine.swiftmodule/arm64e-apple-macos.swiftmodule /Users/adamkz/look/build/release-local/DerivedData/Build/Products/Release/LookData.framework/Modules/LookData.swiftmodule/arm64-apple-macos.swiftmodule /Applications/Xcode.app/Contents/Developer/Toolchains/XcodeDefault.xctoolchain/usr/lib/swift/macosx/prebuilt-modules/26.2/ObjectiveC.swiftmodule/arm64e-apple-macos.swiftmodule /Users/adamkz/look/build/release-local/DerivedData/Build/Products/Release/LookPDF.framework/Modules/LookPDF.swiftmodule/arm64-apple-macos.swiftmodule /Applications/Xcode.app/Contents/Developer/Toolchains/XcodeDefault.xctoolchain/usr/lib/swift/macosx/prebuilt-modules/26.2/CoreGraphics.swiftmodule/arm64e-apple-macos.swiftmodule /Applications/Xcode.app/Contents/Developer/Toolchains/XcodeDefault.xctoolchain/usr/lib/swift/macosx/prebuilt-modules/26.2/Dispatch.swiftmodule/arm64e-apple-macos.swiftmodule /Applications/Xcode.app/Contents/Developer/Toolchains/XcodeDefault.xctoolchain/usr/lib/swift/macosx/prebuilt-modules/26.2/CoreData.swiftmodule/arm64e-apple-macos.swiftmodule /Users/adamkz/look/build/release-local/DerivedData/Build/Products/Release/LookAutomation.framework/Modules/LookAutomation.swiftmodule/arm64-apple-macos.swiftmodule /Applications/Xcode.app/Contents/Developer/Toolchains/XcodeDefault.xctoolchain/usr/lib/swift/macosx/prebuilt-modules/26.2/QuartzCore.swiftmodule/arm64e-apple-macos.swiftmodule /Applications/Xcode.app/Contents/Developer/Toolchains/XcodeDefault.xctoolchain/usr/lib/swift/macosx/prebuilt-modules/26.2/CoreImage.swiftmodule/arm64e-apple-macos.swiftmodule /Applications/Xcode.app/Contents/Developer/Toolchains/XcodeDefault.xctoolchain/usr/lib/swift/macosx/prebuilt-modules/26.2/OSLog.swiftmodule/arm64e-apple-macos.swiftmodule /Applications/Xcode.app/Contents/Developer/Toolchains/XcodeDefault.xctoolchain/usr/lib/swift/macosx/prebuilt-modules/26.2/DeveloperToolsSupport.swiftmodule/arm64e-apple-macos.swiftmodule /Applications/Xcode.app/Contents/Developer/Toolchains/XcodeDefault.xctoolchain/usr/lib/swift/macosx/prebuilt-modules/26.2/System.swiftmodule/arm64e-apple-macos.swiftmodule /Applications/Xcode.app/Contents/Developer/Toolchains/XcodeDefault.xctoolchain/usr/lib/swift/macosx/prebuilt-modules/26.2/_DarwinFoundation2.swiftmodule/arm64e-apple-macos.swiftmodule /Applications/Xcode.app/Contents/Developer/Toolchains/XcodeDefault.xctoolchain/usr/lib/swift/macosx/prebuilt-modules/26.2/CoreTransferable.swiftmodule/arm64e-apple-macos.swiftmodule /Applications/Xcode.app/Contents/Developer/Toolchains/XcodeDefault.xctoolchain/usr/lib/swift/macosx/prebuilt-modules/26.2/PDFKit.swiftmodule/arm64e-apple-macos.swiftmodule /Applications/Xcode.app/Contents/Developer/Toolchains/XcodeDefault.xctoolchain/usr/lib/swift/macosx/prebuilt-modules/26.2/Spatial.swiftmodule/arm64e-apple-macos.swiftmodule /Applications/Xcode.app/Contents/Developer/Toolchains/XcodeDefault.xctoolchain/usr/lib/swift/macosx/prebuilt-modules/26.2/IOKit.swiftmodule/arm64e-apple-macos.swiftmodule /Applications/Xcode.app/Contents/Developer/Toolchains/XcodeDefault.xctoolchain/usr/lib/swift/macosx/prebuilt-modules/26.2/Network.swiftmodule/arm64e-apple-macos.swiftmodule /Applications/Xcode.app/Contents/Developer/Toolchains/XcodeDefault.xctoolchain/usr/lib/swift/macosx/prebuilt-modules/26.2/simd.swiftmodule/arm64e-apple-macos.swiftmodule /Applications/Xcode.app/Contents/Developer/Toolchains/XcodeDefault.xctoolchain/usr/lib/swift/macosx/prebuilt-modules/26.2/CoreText.swiftmodule/arm64e-apple-macos.swiftmodule /Applications/Xcode.app/Contents/Developer/Toolchains/XcodeDefault.xctoolchain/usr/lib/swift/macosx/prebuilt-modules/26.2/_WebKit_SwiftUI.swiftmodule/arm64e-apple-macos.swiftmodule /Applications/Xcode.app/Contents/Developer/Toolchains/XcodeDefault.xctoolchain/usr/lib/swift/macosx/prebuilt-modules/26.2/Observation.swiftmodule/arm64e-apple-macos.swiftmodule /Applications/Xcode.app/Contents/Developer/Toolchains/XcodeDefault.xctoolchain/usr/lib/swift/macosx/prebuilt-modules/26.2/Darwin.swiftmodule/arm64e-apple-macos.swiftmodule /Applications/Xcode.app/Contents/Developer/Toolchains/XcodeDefault.xctoolchain/usr/lib/swift/macosx/prebuilt-modules/26.2/Swift.swiftmodule/arm64e-apple-macos.swiftmodule /Applications/Xcode.app/Contents/Developer/Toolchains/XcodeDefault.xctoolchain/usr/lib/swift/macosx/prebuilt-modules/26.2/_Builtin_float.swiftmodule/arm64e-apple-macos.swiftmodule /Applications/Xcode.app/Contents/Developer/Toolchains/XcodeDefault.xctoolchain/usr/lib/swift/macosx/prebuilt-modules/26.2/Metal.swiftmodule/arm64e-apple-macos.swiftmodule /Applications/Xcode.app/Contents/Developer/Toolchains/XcodeDefault.xctoolchain/usr/lib/swift/macosx/prebuilt-modules/26.2/CoreFoundation.swiftmodule/arm64e-apple-macos.swiftmodule /Applications/Xcode.app/Contents/Developer/Toolchains/XcodeDefault.xctoolchain/usr/lib/swift/macosx/prebuilt-modules/26.2/CoreVideo.swiftmodule/arm64e-apple-macos.swiftmodule /Applications/Xcode.app/Contents/Developer/Toolchains/XcodeDefault.xctoolchain/usr/lib/swift/macosx/prebuilt-modules/26.2/_StringProcessing.swiftmodule/arm64e-apple-macos.swiftmodule /Applications/Xcode.app/Contents/Developer/Toolchains/XcodeDefault.xctoolchain/usr/lib/swift/macosx/prebuilt-modules/26.2/SwiftUI.swiftmodule/arm64e-apple-macos.swiftmodule /Applications/Xcode.app/Contents/Developer/Toolchains/XcodeDefault.xctoolchain/usr/lib/swift/macosx/prebuilt-modules/26.2/Foundation.swiftmodule/arm64e-apple-macos.swiftmodule /Applications/Xcode.app/Contents/Developer/Toolchains/XcodeDefault.xctoolchain/usr/lib/swift/macosx/prebuilt-modules/26.2/DataDetection.swiftmodule/arm64e-apple-macos.swiftmodule /Applications/Xcode.app/Contents/Developer/Toolchains/XcodeDefault.xctoolchain/usr/lib/swift/macosx/prebuilt-modules/26.2/LocalAuthentication.swiftmodule/arm64e-apple-macos.swiftmodule /Applications/Xcode.app/Contents/Developer/Toolchains/XcodeDefault.xctoolchain/usr/lib/swift/macosx/prebuilt-modules/26.2/WebKit.swiftmodule/arm64e-apple-macos.swiftmodule /Applications/Xcode.app/Contents/Developer/Toolchains/XcodeDefault.xctoolchain/usr/lib/swift/macosx/prebuilt-modules/26.2/SwiftUICore.swiftmodule/arm64e-apple-macos.swiftmodule /Applications/Xcode.app/Contents/Developer/Toolchains/XcodeDefault.xctoolchain/usr/lib/swift/macosx/prebuilt-modules/26.2/Distributed.swiftmodule/arm64e-apple-macos.swiftmodule /Users/adamkz/look/build/release-local/DerivedData/Build/Products/Release/LookKit.framework/Modules/LookKit.swiftmodule/arm64-apple-macos.swiftmodule /Users/adamkz/look/build/release-local/DerivedData/Build/Products/Release/LookNotes.framework/Modules/LookNotes.swiftmodule/arm64-apple-macos.swiftmodule /Applications/Xcode.app/Contents/Developer/Toolchains/XcodeDefault.xctoolchain/usr/lib/swift/macosx/prebuilt-modules/26.2/Compression.swiftmodule/arm64e-apple-macos.swiftmodule /Users/adamkz/look/build/release-local/DerivedData/ModuleCache.noindex/simd-EE2L9J2WH50OZHOA53CTSPSMH.pcm /Users/adamkz/look/build/release-local/DerivedData/ModuleCache.noindex/ApplicationServices-B6NJ0J8NWPDLA6IRLCWHTUAV2.pcm /Users/adamkz/look/build/release-local/DerivedData/ModuleCache.noindex/os_object-6GN7Z1IIJ1LQWEJOKHAFV3576.pcm /Users/adamkz/look/build/release-local/DerivedData/ModuleCache.noindex/DataDetection-AQREC9JEA53CBTGRVUW0OZ5WU.pcm /Users/adamkz/look/build/release-local/DerivedData/ModuleCache.noindex/SwiftUICore-N8SLVUPPL6TXQJKYC7XR8739.pcm /Users/adamkz/look/build/release-local/DerivedData/ModuleCache.noindex/libkern-7XDK96C5AJCTUYMJGLDHMDZ19.pcm /Users/adamkz/look/build/release-local/DerivedData/ModuleCache.noindex/QuartzCore-P7VVL8JP9SPXL0OV7ZKCF6DD.pcm /Users/adamkz/look/build/release-local/DerivedData/ModuleCache.noindex/IOKit-54NL2PD3L64P4AQ979MMEH416.pcm /Users/adamkz/look/build/release-local/DerivedData/ModuleCache.noindex/CoreImage-TP7MUJDK2AWH0X2D5WBNXXQ9.pcm /Users/adamkz/look/build/release-local/DerivedData/ModuleCache.noindex/Spatial-6N15PW7BEP9U884CW979RLTVK.pcm /Users/adamkz/look/build/release-local/DerivedData/ModuleCache.noindex/ptrauth-1G5OIF90SOJZZ0B4RUVWKXU9H.pcm /Users/adamkz/look/build/release-local/DerivedData/ModuleCache.noindex/WebKit-1JDA2GK49YRKOLKLAZ8V463WU.pcm /Users/adamkz/look/build/release-local/DerivedData/ModuleCache.noindex/_Builtin_tgmath-F0WQAELQKXXKV255Z3SFP5IER.pcm /Users/adamkz/look/build/release-local/DerivedData/ModuleCache.noindex/Darwin-64GFM1A89BMTAVFW07NPG44OZ.pcm /Users/adamkz/look/build/release-local/DerivedData/ModuleCache.noindex/ObjectiveC-4T1UIHUZ7Q8R2ZPMYHXD0KH0K.pcm /Users/adamkz/look/build/release-local/DerivedData/ModuleCache.noindex/_Builtin_stdatomic-BJ103Z7YVGWY8CQZS5784Q755.pcm /Users/adamkz/look/build/release-local/DerivedData/ModuleCache.noindex/SwiftUI-EODAOBTFYULOB79N1LAKIM47B.pcm /Users/adamkz/look/build/release-local/DerivedData/ModuleCache.noindex/libDER-DKE8NWLO3SIAELAP4ZXEDV9AB.pcm /Users/adamkz/look/build/release-local/DerivedData/ModuleCache.noindex/sys_types-45VRPNROSOF8G0EJWGRU02KQX.pcm /Users/adamkz/look/build/release-local/DerivedData/ModuleCache.noindex/Cocoa-N2JBRGV56HBPGU16VBHIGC1V.pcm /Users/adamkz/look/build/release-local/DerivedData/ModuleCache.noindex/_Builtin_inttypes-9EUQ4VJO7J1GTHW4IPBJEBCMZ.pcm /Users/adamkz/look/build/release-local/DerivedData/ModuleCache.noindex/XPC-4H2ECNXU18UL43KPTD0HHY9GC.pcm /Users/adamkz/look/build/release-local/DerivedData/ModuleCache.noindex/PDFKit-DHEN4OYNEKK7NM1ORWYO99M4O.pcm /Users/adamkz/look/build/release-local/DerivedData/ModuleCache.noindex/CoreData-6140SQBIWURQUD77YRVDSF8QH.pcm /Users/adamkz/look/build/release-local/DerivedData/ModuleCache.noindex/CFNetwork-2BJSNMYHD2L6NR6RZOJ49ZYXI.pcm /Users/adamkz/look/build/release-local/DerivedData/ModuleCache.noindex/IOSurface-6QWHPSAOOIZNFIN6KYZWKRAKW.pcm /Users/adamkz/look/build/release-local/DerivedData/ModuleCache.noindex/os_workgroup-3ZR56BOZGN1GETEOMJAOCAL67.pcm /Users/adamkz/look/build/release-local/DerivedData/ModuleCache.noindex/ptrcheck-F0NVH6JZTM64VZ8L0MVL95LLC.pcm /Users/adamkz/look/build/release-local/DerivedData/ModuleCache.noindex/_Builtin_stddef-6FGLQ881JZOVA1DDF2WJTWKXO.pcm /Users/adamkz/look/build/release-local/DerivedData/ModuleCache.noindex/OSLog-ESB118Y1FHJR2IT285M2SR6AJ.pcm /Users/adamkz/look/build/release-local/DerivedData/ModuleCache.noindex/CoreGraphics-6E9JCMH231QCDL3VEGDIIG3EJ.pcm /Users/adamkz/look/build/release-local/DerivedData/ModuleCache.noindex/Symbols-2QZKP1448RNJ02LAURQ22T5YT.pcm /Users/adamkz/look/build/release-local/DerivedData/ModuleCache.noindex/Compression-54ZBXI1XACROE5PAKXR3QLE93.pcm /Users/adamkz/look/build/release-local/DerivedData/ModuleCache.noindex/Network-C60MWPWDVS20DM0QF78J3SVW1.pcm /Users/adamkz/look/build/release-local/DerivedData/ModuleCache.noindex/_SwiftConcurrencyShims-8XTWEAXPIC3VEBF0GUQ0IDHC8.pcm /Users/adamkz/look/build/release-local/DerivedData/ModuleCache.noindex/Dispatch-4MHONNDJ23LB65KKSQ1P647Y5.pcm /Users/adamkz/look/build/release-local/DerivedData/ModuleCache.noindex/LocalAuthentication-A4KNYY7ZCVOB0A01LY854GEX1.pcm /Users/adamkz/look/build/release-local/DerivedData/ModuleCache.noindex/CoreServices-46O7YCBDJCV0C4VYVX83ULLRC.pcm /Users/adamkz/look/build/release-local/DerivedData/ModuleCache.noindex/ImageIO-39JL9I0R1TZQKSON2JSI7T03R.pcm /Users/adamkz/look/build/release-local/DerivedData/ModuleCache.noindex/_DarwinFoundation3-1Q8R2MGY0B29VTGL8PDR7EC62.pcm /Users/adamkz/look/build/release-local/DerivedData/ModuleCache.noindex/Security-6ROB73MISVL03K3P9V4AQ8LT7.pcm /Users/adamkz/look/build/release-local/DerivedData/ModuleCache.noindex/CoreTransferable-55BRJUA5VLVXF4Y5J0K234Q2K.pcm /Users/adamkz/look/build/release-local/DerivedData/ModuleCache.noindex/dnssd-5U4JTVMRBLH0218A2TX4P01.pcm /Users/adamkz/look/build/release-local/DerivedData/ModuleCache.noindex/ColorSync-4LSWHSKQ1XCQ2E2E6QB5THARD.pcm /Users/adamkz/look/build/release-local/DerivedData/ModuleCache.noindex/_DarwinFoundation1-ESWU0369N75I6O4KH9OLTGGWN.pcm /Users/adamkz/look/build/release-local/DerivedData/ModuleCache.noindex/CUPS-A4EGSLKTZ0OM8HR5E18Y9BFDG.pcm /Users/adamkz/look/build/release-local/DerivedData/ModuleCache.noindex/_Builtin_stdbool-1ZC0ZG43BHJZHASN6OELYOA79.pcm /Users/adamkz/look/build/release-local/DerivedData/ModuleCache.noindex/Accessibility-UTBYHXFMK1FGQNW20T4CCZKI.pcm /Users/adamkz/look/build/release-local/DerivedData/ModuleCache.noindex/Metal-69G41Q0B38RHUWZNCDFVJ3MCN.pcm /Users/adamkz/look/build/release-local/DerivedData/ModuleCache.noindex/_Builtin_intrinsics-85LXXC2H2CGVQJ2A0RR202Y93.pcm /Users/adamkz/look/build/release-local/DerivedData/ModuleCache.noindex/AppKit-9LGL4XWBDCEEID24666SQC5B5.pcm /Users/adamkz/look/build/release-local/DerivedData/ModuleCache.noindex/_Builtin_limits-IXU4JJJB2GD95J9JJBUVTCEJ.pcm /Users/adamkz/look/build/release-local/DerivedData/ModuleCache.noindex/_AvailabilityInternal-EYNCLSPR5PQ27NKH19HHKD8N9.pcm /Users/adamkz/look/build/release-local/DerivedData/ModuleCache.noindex/CoreVideo-83ASD06HCFSVQO0Y998TP74JA.pcm /Users/adamkz/look/build/release-local/DerivedData/ModuleCache.noindex/MachO-LGLNYZVU7FA5YRW5NEXOTNMX.pcm /Users/adamkz/look/build/release-local/DerivedData/ModuleCache.noindex/_Builtin_float-BE31ME7J52H1WVES0Q3K0MUHL.pcm /Users/adamkz/look/build/release-local/DerivedData/ModuleCache.noindex/SwiftShims-EEYP3L1VLMAGWNWY4CX3WHVYT.pcm /Users/adamkz/look/build/release-local/DerivedData/ModuleCache.noindex/DiskArbitration-27A7TTR0BOBGRTE19V0OFTO6L.pcm /Users/adamkz/look/build/release-local/DerivedData/ModuleCache.noindex/UniformTypeIdentifiers-ECBGSH2EGGL9A1XEVEYR6ZFYW.pcm /Users/adamkz/look/build/release-local/DerivedData/ModuleCache.noindex/_DarwinFoundation2-CVYEXDJ7YGSNBR3PVPQAGIS7L.pcm /Users/adamkz/look/build/release-local/DerivedData/ModuleCache.noindex/os-7KF104MTY80MF4X9ZSS4BBKE3.pcm /Users/adamkz/look/build/release-local/DerivedData/ModuleCache.noindex/CoreText-4P5XTA8G9098HXPW307FJT3U7.pcm /Users/adamkz/look/build/release-local/DerivedData/ModuleCache.noindex/CoreFoundation-3P9B3OQLKWW84P41S9ZSOMT2S.pcm /Users/adamkz/look/build/release-local/DerivedData/ModuleCache.noindex/JavaScriptCore-ACI8W0MH0G85CRMR49HRLD9DA.pcm /Users/adamkz/look/build/release-local/DerivedData/ModuleCache.noindex/_Builtin_stdint-25QQHA0X5ZJH5PRLLSVWV4501.pcm /Users/adamkz/look/build/release-local/DerivedData/ModuleCache.noindex/OpenGL-IC7WLZLYUZIX01YTA3PGH61B.pcm /Users/adamkz/look/build/release-local/DerivedData/ModuleCache.noindex/DeveloperToolsSupport-2TB72YLCP10FKMGPOOX9V7R9Z.pcm /Users/adamkz/look/build/release-local/DerivedData/ModuleCache.noindex/Foundation-8FEGBJSYBHCLAZOUH9VX32TBG.pcm /Users/adamkz/look/build/release-local/DerivedData/ModuleCache.noindex/launch-A84NQJC75SAT32NMPRRBGQYJA.pcm /Users/adamkz/look/build/release-local/DerivedData/ModuleCache.noindex/_Builtin_stdarg-2HDRGTIS1G4F7QXLZTEHTBQDG.pcm /Users/adamkz/look/build/release-local/DerivedData/Build/Intermediates.noindex/Look.build/Release/LookApp.build/Objects-normal/arm64/LookApp-dependencies-1.json (in target 'LookApp' from project 'Look')

CompileSwift normal arm64 (in target 'LookApp' from project 'Look')
    cd /Users/adamkz/look
    
/Users/adamkz/look/Sources/LookApp/Sources/LookApp.swift:97:10: warning: 'onChange(of:perform:)' was deprecated in macOS 14.0: Use `onChange` with a two or zero parameter action closure instead.
        .onChange(of: environment.shouldRegenerateThumbnails) { shouldRegenerate in
         ^

SwiftDriver\ Compilation LookApp normal arm64 com.apple.xcode.tools.swift.compiler (in target 'LookApp' from project 'Look')
    cd /Users/adamkz/look
    builtin-Swift-Compilation -- /Applications/Xcode.app/Contents/Developer/Toolchains/XcodeDefault.xctoolchain/usr/bin/swiftc -module-name LookApp -O -whole-module-optimization -enforce-exclusivity\=checked @/Users/adamkz/look/build/release-local/DerivedData/Build/Intermediates.noindex/Look.build/Release/LookApp.build/Objects-normal/arm64/LookApp.SwiftFileList -enable-bare-slash-regex -enable-experimental-feature DebugDescriptionMacro -sdk /Applications/Xcode.app/Contents/Developer/Platforms/MacOSX.platform/Developer/SDKs/MacOSX26.2.sdk -target arm64-apple-macos14.0 -g -module-cache-path /Users/adamkz/look/build/release-local/DerivedData/ModuleCache.noindex -Xfrontend -serialize-debugging-options -swift-version 5 -I /Users/adamkz/look/build/release-local/DerivedData/Build/Products/Release -F /Users/adamkz/look/build/release-local/DerivedData/Build/Products/Release -emit-localized-strings -emit-localized-strings-path /Users/adamkz/look/build/release-local/DerivedData/Build/Intermediates.noindex/Look.build/Release/LookApp.build/Objects-normal/arm64 -c -num-threads 8 -Xcc -ivfsstatcache -Xcc /Users/adamkz/look/build/release-local/DerivedData/SDKStatCaches.noindex/macosx26.2-25C57-00fa09913b459cbbc988d1f6730289ae.sdkstatcache -output-file-map /Users/adamkz/look/build/release-local/DerivedData/Build/Intermediates.noindex/Look.build/Release/LookApp.build/Objects-normal/arm64/LookApp-OutputFileMap.json -use-frontend-parseable-output -save-temps -no-color-diagnostics -explicit-module-build -module-cache-path /Users/adamkz/look/build/release-local/DerivedData/Build/Intermediates.noindex/SwiftExplicitPrecompiledModules -clang-scanner-module-cache-path /Users/adamkz/look/build/release-local/DerivedData/ModuleCache.noindex -sdk-module-cache-path /Users/adamkz/look/build/release-local/DerivedData/ModuleCache.noindex -serialize-diagnostics -emit-dependencies -emit-module -emit-module-path /Users/adamkz/look/build/release-local/DerivedData/Build/Intermediates.noindex/Look.build/Release/LookApp.build/Objects-normal/arm64/LookApp.swiftmodule -validate-clang-modules-once -clang-build-session-file /Users/adamkz/look/build/release-local/DerivedData/ModuleCache.noindex/Session.modulevalidation -Xcc -I/Users/adamkz/look/build/release-local/DerivedData/Build/Intermediates.noindex/Look.build/Release/LookApp.build/swift-overrides.hmap -emit-const-values -Xfrontend -const-gather-protocols-file -Xfrontend /Users/adamkz/look/build/release-local/DerivedData/Build/Intermediates.noindex/Look.build/Release/LookApp.build/Objects-normal/arm64/LookApp_const_extract_protocols.json -Xcc -iquote -Xcc /Users/adamkz/look/build/release-local/DerivedData/Build/Intermediates.noindex/Look.build/Release/LookApp.build/LookApp-generated-files.hmap -Xcc -I/Users/adamkz/look/build/release-local/DerivedData/Build/Intermediates.noindex/Look.build/Release/LookApp.build/LookApp-own-target-headers.hmap -Xcc -I/Users/adamkz/look/build/release-local/DerivedData/Build/Intermediates.noindex/Look.build/Release/LookApp.build/LookApp-all-non-framework-target-headers.hmap -Xcc -ivfsoverlay -Xcc /Users/adamkz/look/build/release-local/DerivedData/Build/Intermediates.noindex/Look.build/Release/Look-c3f0a56ea084f757df82bdf40cd5ab63-VFS/all-product-headers.yaml -Xcc -iquote -Xcc /Users/adamkz/look/build/release-local/DerivedData/Build/Intermediates.noindex/Look.build/Release/LookApp.build/LookApp-project-headers.hmap -Xcc -I/Users/adamkz/look/build/release-local/DerivedData/Build/Products/Release/include -Xcc -I/Users/adamkz/look/build/release-local/DerivedData/Build/Intermediates.noindex/Look.build/Release/LookApp.build/DerivedSources-normal/arm64 -Xcc -I/Users/adamkz/look/build/release-local/DerivedData/Build/Intermediates.noindex/Look.build/Release/LookApp.build/DerivedSources/arm64 -Xcc -I/Users/adamkz/look/build/release-local/DerivedData/Build/Intermediates.noindex/Look.build/Release/LookApp.build/DerivedSources -emit-objc-header -emit-objc-header-path /Users/adamkz/look/build/release-local/DerivedData/Build/Intermediates.noindex/Look.build/Release/LookApp.build/Objects-normal/arm64/LookApp-Swift.h -working-directory /Users/adamkz/look -no-emit-module-separately-wmo

SwiftDriverJobDiscovery normal arm64 Compiling LookApp.swift, AppEnvironment.swift, LibraryRootCoordinator.swift, ContentWrapper.swift, ImportCoordinator.swift, GeneratedAssetSymbols.swift (in target 'LookApp' from project 'Look')

SwiftDriver\ Compilation\ Requirements LookApp normal arm64 com.apple.xcode.tools.swift.compiler (in target 'LookApp' from project 'Look')
    cd /Users/adamkz/look
    builtin-Swift-Compilation-Requirements -- /Applications/Xcode.app/Contents/Developer/Toolchains/XcodeDefault.xctoolchain/usr/bin/swiftc -module-name LookApp -O -whole-module-optimization -enforce-exclusivity\=checked @/Users/adamkz/look/build/release-local/DerivedData/Build/Intermediates.noindex/Look.build/Release/LookApp.build/Objects-normal/arm64/LookApp.SwiftFileList -enable-bare-slash-regex -enable-experimental-feature DebugDescriptionMacro -sdk /Applications/Xcode.app/Contents/Developer/Platforms/MacOSX.platform/Developer/SDKs/MacOSX26.2.sdk -target arm64-apple-macos14.0 -g -module-cache-path /Users/adamkz/look/build/release-local/DerivedData/ModuleCache.noindex -Xfrontend -serialize-debugging-options -swift-version 5 -I /Users/adamkz/look/build/release-local/DerivedData/Build/Products/Release -F /Users/adamkz/look/build/release-local/DerivedData/Build/Products/Release -emit-localized-strings -emit-localized-strings-path /Users/adamkz/look/build/release-local/DerivedData/Build/Intermediates.noindex/Look.build/Release/LookApp.build/Objects-normal/arm64 -c -num-threads 8 -Xcc -ivfsstatcache -Xcc /Users/adamkz/look/build/release-local/DerivedData/SDKStatCaches.noindex/macosx26.2-25C57-00fa09913b459cbbc988d1f6730289ae.sdkstatcache -output-file-map /Users/adamkz/look/build/release-local/DerivedData/Build/Intermediates.noindex/Look.build/Release/LookApp.build/Objects-normal/arm64/LookApp-OutputFileMap.json -use-frontend-parseable-output -save-temps -no-color-diagnostics -explicit-module-build -module-cache-path /Users/adamkz/look/build/release-local/DerivedData/Build/Intermediates.noindex/SwiftExplicitPrecompiledModules -clang-scanner-module-cache-path /Users/adamkz/look/build/release-local/DerivedData/ModuleCache.noindex -sdk-module-cache-path /Users/adamkz/look/build/release-local/DerivedData/ModuleCache.noindex -serialize-diagnostics -emit-dependencies -emit-module -emit-module-path /Users/adamkz/look/build/release-local/DerivedData/Build/Intermediates.noindex/Look.build/Release/LookApp.build/Objects-normal/arm64/LookApp.swiftmodule -validate-clang-modules-once -clang-build-session-file /Users/adamkz/look/build/release-local/DerivedData/ModuleCache.noindex/Session.modulevalidation -Xcc -I/Users/adamkz/look/build/release-local/DerivedData/Build/Intermediates.noindex/Look.build/Release/LookApp.build/swift-overrides.hmap -emit-const-values -Xfrontend -const-gather-protocols-file -Xfrontend /Users/adamkz/look/build/release-local/DerivedData/Build/Intermediates.noindex/Look.build/Release/LookApp.build/Objects-normal/arm64/LookApp_const_extract_protocols.json -Xcc -iquote -Xcc /Users/adamkz/look/build/release-local/DerivedData/Build/Intermediates.noindex/Look.build/Release/LookApp.build/LookApp-generated-files.hmap -Xcc -I/Users/adamkz/look/build/release-local/DerivedData/Build/Intermediates.noindex/Look.build/Release/LookApp.build/LookApp-own-target-headers.hmap -Xcc -I/Users/adamkz/look/build/release-local/DerivedData/Build/Intermediates.noindex/Look.build/Release/LookApp.build/LookApp-all-non-framework-target-headers.hmap -Xcc -ivfsoverlay -Xcc /Users/adamkz/look/build/release-local/DerivedData/Build/Intermediates.noindex/Look.build/Release/Look-c3f0a56ea084f757df82bdf40cd5ab63-VFS/all-product-headers.yaml -Xcc -iquote -Xcc /Users/adamkz/look/build/release-local/DerivedData/Build/Intermediates.noindex/Look.build/Release/LookApp.build/LookApp-project-headers.hmap -Xcc -I/Users/adamkz/look/build/release-local/DerivedData/Build/Products/Release/include -Xcc -I/Users/adamkz/look/build/release-local/DerivedData/Build/Intermediates.noindex/Look.build/Release/LookApp.build/DerivedSources-normal/arm64 -Xcc -I/Users/adamkz/look/build/release-local/DerivedData/Build/Intermediates.noindex/Look.build/Release/LookApp.build/DerivedSources/arm64 -Xcc -I/Users/adamkz/look/build/release-local/DerivedData/Build/Intermediates.noindex/Look.build/Release/LookApp.build/DerivedSources -emit-objc-header -emit-objc-header-path /Users/adamkz/look/build/release-local/DerivedData/Build/Intermediates.noindex/Look.build/Release/LookApp.build/Objects-normal/arm64/LookApp-Swift.h -working-directory /Users/adamkz/look -no-emit-module-separately-wmo

SwiftMergeGeneratedHeaders /Users/adamkz/look/build/release-local/DerivedData/Build/Intermediates.noindex/Look.build/Release/LookApp.build/DerivedSources/LookApp-Swift.h /Users/adamkz/look/build/release-local/DerivedData/Build/Intermediates.noindex/Look.build/Release/LookApp.build/Objects-normal/arm64/LookApp-Swift.h (in target 'LookApp' from project 'Look')
    cd /Users/adamkz/look
    builtin-swiftHeaderTool -arch arm64 /Users/adamkz/look/build/release-local/DerivedData/Build/Intermediates.noindex/Look.build/Release/LookApp.build/Objects-normal/arm64/LookApp-Swift.h -o /Users/adamkz/look/build/release-local/DerivedData/Build/Intermediates.noindex/Look.build/Release/LookApp.build/DerivedSources/LookApp-Swift.h

Copy /Users/adamkz/look/build/release-local/DerivedData/Build/Products/Release/LookApp.swiftmodule/arm64-apple-macos.swiftdoc /Users/adamkz/look/build/release-local/DerivedData/Build/Intermediates.noindex/Look.build/Release/LookApp.build/Objects-normal/arm64/LookApp.swiftdoc (in target 'LookApp' from project 'Look')
    cd /Users/adamkz/look
    builtin-copy -exclude .DS_Store -exclude CVS -exclude .svn -exclude .git -exclude .hg -resolve-src-symlinks -rename /Users/adamkz/look/build/release-local/DerivedData/Build/Intermediates.noindex/Look.build/Release/LookApp.build/Objects-normal/arm64/LookApp.swiftdoc /Users/adamkz/look/build/release-local/DerivedData/Build/Products/Release/LookApp.swiftmodule/arm64-apple-macos.swiftdoc

Copy /Users/adamkz/look/build/release-local/DerivedData/Build/Products/Release/LookApp.swiftmodule/arm64-apple-macos.swiftmodule /Users/adamkz/look/build/release-local/DerivedData/Build/Intermediates.noindex/Look.build/Release/LookApp.build/Objects-normal/arm64/LookApp.swiftmodule (in target 'LookApp' from project 'Look')
    cd /Users/adamkz/look
    builtin-copy -exclude .DS_Store -exclude CVS -exclude .svn -exclude .git -exclude .hg -resolve-src-symlinks -rename /Users/adamkz/look/build/release-local/DerivedData/Build/Intermediates.noindex/Look.build/Release/LookApp.build/Objects-normal/arm64/LookApp.swiftmodule /Users/adamkz/look/build/release-local/DerivedData/Build/Products/Release/LookApp.swiftmodule/arm64-apple-macos.swiftmodule

Copy /Users/adamkz/look/build/release-local/DerivedData/Build/Products/Release/LookApp.swiftmodule/arm64-apple-macos.abi.json /Users/adamkz/look/build/release-local/DerivedData/Build/Intermediates.noindex/Look.build/Release/LookApp.build/Objects-normal/arm64/LookApp.abi.json (in target 'LookApp' from project 'Look')
    cd /Users/adamkz/look
    builtin-copy -exclude .DS_Store -exclude CVS -exclude .svn -exclude .git -exclude .hg -resolve-src-symlinks -rename /Users/adamkz/look/build/release-local/DerivedData/Build/Intermediates.noindex/Look.build/Release/LookApp.build/Objects-normal/arm64/LookApp.abi.json /Users/adamkz/look/build/release-local/DerivedData/Build/Products/Release/LookApp.swiftmodule/arm64-apple-macos.abi.json

Copy /Users/adamkz/look/build/release-local/DerivedData/Build/Products/Release/LookApp.swiftmodule/Project/arm64-apple-macos.swiftsourceinfo /Users/adamkz/look/build/release-local/DerivedData/Build/Intermediates.noindex/Look.build/Release/LookApp.build/Objects-normal/arm64/LookApp.swiftsourceinfo (in target 'LookApp' from project 'Look')
    cd /Users/adamkz/look
    builtin-copy -exclude .DS_Store -exclude CVS -exclude .svn -exclude .git -exclude .hg -resolve-src-symlinks -rename /Users/adamkz/look/build/release-local/DerivedData/Build/Intermediates.noindex/Look.build/Release/LookApp.build/Objects-normal/arm64/LookApp.swiftsourceinfo /Users/adamkz/look/build/release-local/DerivedData/Build/Products/Release/LookApp.swiftmodule/Project/arm64-apple-macos.swiftsourceinfo

Ld /Users/adamkz/look/build/release-local/DerivedData/Build/Products/Release/LookApp.app/Contents/MacOS/LookApp normal (in target 'LookApp' from project 'Look')
    cd /Users/adamkz/look
    /Applications/Xcode.app/Contents/Developer/Toolchains/XcodeDefault.xctoolchain/usr/bin/clang -Xlinker -reproducible -target arm64-apple-macos14.0 -isysroot /Applications/Xcode.app/Contents/Developer/Platforms/MacOSX.platform/Developer/SDKs/MacOSX26.2.sdk -Os -L/Users/adamkz/look/build/release-local/DerivedData/Build/Intermediates.noindex/EagerLinkingTBDs/Release -L/Users/adamkz/look/build/release-local/DerivedData/Build/Products/Release -F/Users/adamkz/look/build/release-local/DerivedData/Build/Intermediates.noindex/EagerLinkingTBDs/Release -F/Users/adamkz/look/build/release-local/DerivedData/Build/Products/Release -filelist /Users/adamkz/look/build/release-local/DerivedData/Build/Intermediates.noindex/Look.build/Release/LookApp.build/Objects-normal/arm64/LookApp.LinkFileList -Xlinker -rpath -Xlinker /usr/lib/swift -Xlinker -rpath -Xlinker @executable_path/../Frameworks -dead_strip -Xlinker -object_path_lto -Xlinker /Users/adamkz/look/build/release-local/DerivedData/Build/Intermediates.noindex/Look.build/Release/LookApp.build/Objects-normal/arm64/LookApp_lto.o -Xlinker -dependency_info -Xlinker /Users/adamkz/look/build/release-local/DerivedData/Build/Intermediates.noindex/Look.build/Release/LookApp.build/Objects-normal/arm64/LookApp_dependency_info.dat -fobjc-link-runtime -L/Applications/Xcode.app/Contents/Developer/Toolchains/XcodeDefault.xctoolchain/usr/lib/swift/macosx -L/usr/lib/swift -Xlinker -add_ast_path -Xlinker /Users/adamkz/look/build/release-local/DerivedData/Build/Intermediates.noindex/Look.build/Release/LookApp.build/Objects-normal/arm64/LookApp.swiftmodule @/Users/adamkz/look/build/release-local/DerivedData/Build/Intermediates.noindex/Look.build/Release/LookApp.build/Objects-normal/arm64/LookApp-linker-args.resp -framework LookKit -framework LookData -framework LookPDF -framework LookNotes -framework LookAutomation -o /Users/adamkz/look/build/release-local/DerivedData/Build/Products/Release/LookApp.app/Contents/MacOS/LookApp

GenerateDSYMFile /Users/adamkz/look/build/release-local/DerivedData/Build/Products/Release/LookApp.app.dSYM /Users/adamkz/look/build/release-local/DerivedData/Build/Products/Release/LookApp.app/Contents/MacOS/LookApp (in target 'LookApp' from project 'Look')
    cd /Users/adamkz/look
    /Applications/Xcode.app/Contents/Developer/Toolchains/XcodeDefault.xctoolchain/usr/bin/dsymutil /Users/adamkz/look/build/release-local/DerivedData/Build/Products/Release/LookApp.app/Contents/MacOS/LookApp -o /Users/adamkz/look/build/release-local/DerivedData/Build/Products/Release/LookApp.app.dSYM

ExtractAppIntentsMetadata (in target 'LookApp' from project 'Look')
    cd /Users/adamkz/look
    /Applications/Xcode.app/Contents/Developer/Toolchains/XcodeDefault.xctoolchain/usr/bin/appintentsmetadataprocessor --toolchain-dir /Applications/Xcode.app/Contents/Developer/Toolchains/XcodeDefault.xctoolchain --module-name LookApp --sdk-root /Applications/Xcode.app/Contents/Developer/Platforms/MacOSX.platform/Developer/SDKs/MacOSX26.2.sdk --xcode-version 17C52 --platform-family macOS --deployment-target 14.0 --bundle-identifier com.look.app --output /Users/adamkz/look/build/release-local/DerivedData/Build/Products/Release/LookApp.app/Contents/Resources --target-triple arm64-apple-macos14.0 --binary-file /Users/adamkz/look/build/release-local/DerivedData/Build/Products/Release/LookApp.app/Contents/MacOS/LookApp --dependency-file /Users/adamkz/look/build/release-local/DerivedData/Build/Intermediates.noindex/Look.build/Release/LookApp.build/Objects-normal/arm64/LookApp_dependency_info.dat --stringsdata-file /Users/adamkz/look/build/release-local/DerivedData/Build/Intermediates.noindex/Look.build/Release/LookApp.build/Objects-normal/arm64/ExtractedAppShortcutsMetadata.stringsdata --source-file-list /Users/adamkz/look/build/release-local/DerivedData/Build/Intermediates.noindex/Look.build/Release/LookApp.build/Objects-normal/arm64/LookApp.SwiftFileList --metadata-file-list /Users/adamkz/look/build/release-local/DerivedData/Build/Intermediates.noindex/Look.build/Release/LookApp.build/LookApp.DependencyMetadataFileList --static-metadata-file-list /Users/adamkz/look/build/release-local/DerivedData/Build/Intermediates.noindex/Look.build/Release/LookApp.build/LookApp.DependencyStaticMetadataFileList --swift-const-vals-list /Users/adamkz/look/build/release-local/DerivedData/Build/Intermediates.noindex/Look.build/Release/LookApp.build/Objects-normal/arm64/LookApp.SwiftConstValuesFileList --compile-time-extraction --deployment-aware-processing --validate-assistant-intents --no-app-shortcuts-localization
2026-02-28 01:55:43.630 appintentsmetadataprocessor[94667:5402902] Starting appintentsmetadataprocessor export
2026-02-28 01:55:43.645 appintentsmetadataprocessor[94667:5402902] warning: Metadata extraction skipped. No AppIntents.framework dependency found.

CopySwiftLibs /Users/adamkz/look/build/release-local/DerivedData/Build/Products/Release/LookApp.app (in target 'LookApp' from project 'Look')
    cd /Users/adamkz/look
    builtin-swiftStdLibTool --copy --verbose --scan-executable /Users/adamkz/look/build/release-local/DerivedData/Build/Products/Release/LookApp.app/Contents/MacOS/LookApp --scan-folder /Users/adamkz/look/build/release-local/DerivedData/Build/Products/Release/LookApp.app/Contents/Frameworks --scan-folder /Users/adamkz/look/build/release-local/DerivedData/Build/Products/Release/LookApp.app/Contents/PlugIns --scan-folder /Users/adamkz/look/build/release-local/DerivedData/Build/Products/Release/LookApp.app/Contents/Library/SystemExtensions --scan-folder /Users/adamkz/look/build/release-local/DerivedData/Build/Products/Release/LookApp.app/Contents/Extensions --scan-folder /Users/adamkz/look/build/release-local/DerivedData/Build/Products/Release/LookKit.framework --scan-folder /Users/adamkz/look/build/release-local/DerivedData/Build/Products/Release/LookData.framework --scan-folder /Users/adamkz/look/build/release-local/DerivedData/Build/Products/Release/LookPDF.framework --scan-folder /Users/adamkz/look/build/release-local/DerivedData/Build/Products/Release/LookNotes.framework --scan-folder /Users/adamkz/look/build/release-local/DerivedData/Build/Products/Release/LookAutomation.framework --platform macosx --toolchain /Applications/Xcode.app/Contents/Developer/Toolchains/XcodeDefault.xctoolchain --destination /Users/adamkz/look/build/release-local/DerivedData/Build/Products/Release/LookApp.app/Contents/Frameworks --strip-bitcode --strip-bitcode-tool /Applications/Xcode.app/Contents/Developer/Toolchains/XcodeDefault.xctoolchain/usr/bin/bitcode_strip --emit-dependency-info /Users/adamkz/look/build/release-local/DerivedData/Build/Intermediates.noindex/Look.build/Release/LookApp.build/SwiftStdLibToolInputDependencies.dep --filter-for-swift-os --back-deploy-swift-span
Ignoring --strip-bitcode because --sign was not passed

RegisterExecutionPolicyException /Users/adamkz/look/build/release-local/DerivedData/Build/Products/Release/LookApp.app (in target 'LookApp' from project 'Look')
    cd /Users/adamkz/look
    builtin-RegisterExecutionPolicyException /Users/adamkz/look/build/release-local/DerivedData/Build/Products/Release/LookApp.app

Validate /Users/adamkz/look/build/release-local/DerivedData/Build/Products/Release/LookApp.app (in target 'LookApp' from project 'Look')
    cd /Users/adamkz/look
    builtin-validationUtility /Users/adamkz/look/build/release-local/DerivedData/Build/Products/Release/LookApp.app -no-validate-extension -infoplist-subpath Contents/Info.plist

Touch /Users/adamkz/look/build/release-local/DerivedData/Build/Products/Release/LookApp.app (in target 'LookApp' from project 'Look')
    cd /Users/adamkz/look
    /usr/bin/touch -c /Users/adamkz/look/build/release-local/DerivedData/Build/Products/Release/LookApp.app

RegisterWithLaunchServices /Users/adamkz/look/build/release-local/DerivedData/Build/Products/Release/LookApp.app (in target 'LookApp' from project 'Look')
    cd /Users/adamkz/look
    /System/Library/Frameworks/CoreServices.framework/Versions/Current/Frameworks/LaunchServices.framework/Versions/Current/Support/lsregister -f -R -trusted /Users/adamkz/look/build/release-local/DerivedData/Build/Products/Release/LookApp.app

** BUILD SUCCEEDED **

